quiz_id,question_id,choice_id,sort_order,label,label_en,explanation,explanation_en
clauseUntangler,cu_001,a,1,かばん,かばん (Home),,
clauseUntangler,cu_001,b,2,昨日,昨日 (2 days ago),,
clauseUntangler,cu_001,c,3,軽さ,軽さ (Light),,
clauseUntangler,cu_001,d,4,店,店 (Shop),,
clauseUntangler,cu_002,a,1,田中さん,田中さん (Mr. Tanaka),,
clauseUntangler,cu_002,b,2,パソコン,パソコン (PC),,
clauseUntangler,cu_002,c,3,新しさ,新しさ (New),,
clauseUntangler,cu_002,d,4,部屋,部屋 (Room),,
clauseUntangler,cu_003,a,1,駅,駅 (Station),,
clauseUntangler,cu_003,b,2,近く,近く (Close),,
clauseUntangler,cu_003,c,3,カフェ,カフェ (Cafe),,
clauseUntangler,cu_003,d,4,会い,会い (Home),,
clauseUntangler,cu_004,a,1,母,母 (Mother),,
clauseUntangler,cu_004,b,2,持ち物,持ち物 (Home),,
clauseUntangler,cu_004,c,3,朝,朝 (Morning),,
clauseUntangler,cu_004,d,4,お弁当,お弁当 (Bento),,
clauseUntangler,cu_005,a,1,レポート,レポート (Report),,
clauseUntangler,cu_005,b,2,締め切り,締め切り (),,
clauseUntangler,cu_005,c,3,金曜日,金曜日 (Friday),,
clauseUntangler,cu_005,d,4,来週,来週 (Next week),,
clauseUntangler,cu_006,a,1,角,角 (Angle),,
clauseUntangler,cu_006,b,2,ところ,ところ (Home),,
clauseUntangler,cu_006,c,3,郵便局,郵便局 (Post Office),,
clauseUntangler,cu_006,d,4,道,道 (),,
clauseUntangler,cu_007,a,1,名前,名前 (Name),,
clauseUntangler,cu_007,b,2,忘れ,忘れ (Forget),,
clauseUntangler,cu_007,c,3,本,本,,
clauseUntangler,cu_007,d,4,図書館,図書館 (Library),,
clauseUntangler,cu_008,a,1,社長,社長 (President),,
clauseUntangler,cu_008,b,2,返信,返信 (Replies),,
clauseUntangler,cu_008,c,3,内容,内容 (),,
clauseUntangler,cu_008,d,4,メール,メール (Mail),,
clauseUntangler,cu_009,a,1,サイズ,サイズ (Size),,
clauseUntangler,cu_009,b,2,店員,店員 (Staff),,
clauseUntangler,cu_009,c,3,服,服 (Clothing),,
clauseUntangler,cu_009,d,4,少し,少し (a little),,
clauseUntangler,cu_010,a,1,明日,明日 (),,
clauseUntangler,cu_010,b,2,荷物,荷物 (Luggage),,
clauseUntangler,cu_010,c,3,追跡,追跡 (),,
clauseUntangler,cu_010,d,4,配達員,配達員 (Contact Us),,
clauseUntangler,cu_011,a,1,話,話 (),,
clauseUntangler,cu_011,b,2,気持ち,気持ち (),,
clauseUntangler,cu_011,c,3,こと,こと (Home),,
clauseUntangler,cu_011,d,4,相手,相手 (),,
clauseUntangler,cu_012,a,1,社員,社員 (Company),,
clauseUntangler,cu_012,b,2,会社,会社 (Company),,
clauseUntangler,cu_012,c,3,狭さ,狭さ (Close),,
clauseUntangler,cu_012,d,4,会議室,会議室 (Meeting Room),,
clauseUntangler,cu_013,a,1,メモ,メモ (),,
clauseUntangler,cu_013,b,2,急ぎ,急ぎ (Close),,
clauseUntangler,cu_013,c,3,手紙,手紙 (English),,
clauseUntangler,cu_013,d,4,内容,内容 (),,
clauseUntangler,cu_014,a,1,明日,明日 (),,
clauseUntangler,cu_014,b,2,課題,課題 (),,
clauseUntangler,cu_014,c,3,学生,学生 (Student),,
clauseUntangler,cu_014,d,4,教室,教室 (Classroom),,
clauseUntangler,cu_015,a,1,国,国 (Country),,
clauseUntangler,cu_015,b,2,隣,隣 (Close),,
clauseUntangler,cu_015,c,3,学生,学生 (Student),,
clauseUntangler,cu_015,d,4,教室,教室 (Classroom),,
clauseUntangler,cu_016,a,1,兄,兄 (Brother),,
clauseUntangler,cu_016,b,2,気持ち,気持ち (),,
clauseUntangler,cu_016,c,3,店,店 (Shop),,
clauseUntangler,cu_016,d,4,プレゼント,プレゼント (Home),,
clauseUntangler,cu_017,a,1,海,海 (Sea),,
clauseUntangler,cu_017,b,2,窓,窓 (Window),,
clauseUntangler,cu_017,c,3,景色,景色 (Views),,
clauseUntangler,cu_017,d,4,ホテル,ホテル (Hotels),,
clauseUntangler,cu_018,a,1,去年,去年 (Last year),,
clauseUntangler,cu_018,b,2,自転車,自転車 (Bicycle),,
clauseUntangler,cu_018,c,3,値段,値段 (Price),,
clauseUntangler,cu_018,d,4,町,町 (Home),,
clauseUntangler,cu_019,a,1,色,色 (Color),,
clauseUntangler,cu_019,b,2,店,店 (Shop),,
clauseUntangler,cu_019,c,3,りんご,りんご (Apple),,
clauseUntangler,cu_019,d,4,数,数 (Number),,
clauseUntangler,cu_020,a,1,休み,休み (Close),,
clauseUntangler,cu_020,b,2,音,音 (Sound),,
clauseUntangler,cu_020,c,3,ホテル,ホテル (Hotels),,
clauseUntangler,cu_020,d,4,部屋,部屋 (Room),,
clauseUntangler,cu_021,a,1,味噌汁,味噌汁 (Miso soup),,
clauseUntangler,cu_021,b,2,今朝,今朝 (Morning),,
clauseUntangler,cu_021,c,3,香り,香り (g),,
clauseUntangler,cu_021,d,4,台所,台所 (Kitchen),,
clauseUntangler,cu_022,a,1,昨日,昨日 (2 days ago),,
clauseUntangler,cu_022,b,2,先生,先生 (Teacher),,
clauseUntangler,cu_022,c,3,駅,駅 (Station),,
clauseUntangler,cu_022,d,4,本,本,,
clauseUntangler,cu_023,a,1,先週,先週 (Last week),,
clauseUntangler,cu_023,b,2,名前,名前 (Name),,
clauseUntangler,cu_023,c,3,映画,映画 (Movie),,
clauseUntangler,cu_023,d,4,友達,友達 (Friends),,
clauseUntangler,cu_024,a,1,教室,教室 (Classroom),,
clauseUntangler,cu_024,b,2,先生,先生 (Teacher),,
clauseUntangler,cu_024,c,3,渡し,渡し (),,
clauseUntangler,cu_024,d,4,財布,財布 (),,
clauseUntangler,cu_025,a,1,子どもたち,子どもたち (Children),,
clauseUntangler,cu_025,b,2,公園,公園 (Park),,
clauseUntangler,cu_025,c,3,遊び,遊び (Home),,
clauseUntangler,cu_025,d,4,家,家 (Home),,
clauseUntangler,cu_026,a,1,駅前,駅前 (Close),,
clauseUntangler,cu_026,b,2,花,花 (Flowers),,
clauseUntangler,cu_026,c,3,母,母 (Mother),,
clauseUntangler,cu_026,d,4,贈り物,贈り物 (Gifts),,
clauseUntangler,cu_027,a,1,図書館,図書館 (Library),,
clauseUntangler,cu_027,b,2,面白さ,面白さ (),,
clauseUntangler,cu_027,c,3,本,本,,
clauseUntangler,cu_027,d,4,週末,週末 (Weekend),,
clauseUntangler,cu_028,a,1,昨日,昨日 (2 days ago),,
clauseUntangler,cu_028,b,2,顔,顔 (Face),,
clauseUntangler,cu_028,c,3,話,話 (),,
clauseUntangler,cu_028,d,4,人,人 (Home),,
clauseUntangler,cu_029,a,1,町,町 (Home),,
clauseUntangler,cu_029,b,2,去年,去年 (Last year),,
clauseUntangler,cu_029,c,3,変化,変化 (Change),,
clauseUntangler,cu_029,d,4,家,家 (Home),,
clauseUntangler,cu_030,a,1,今朝,今朝 (Morning),,
clauseUntangler,cu_030,b,2,雪,雪 (Snow),,
clauseUntangler,cu_030,c,3,道,道 (),,
clauseUntangler,cu_030,d,4,天気,天気 (Weather),,
clauseUntangler,cu_031,a,1,昨日,昨日 (2 days ago),,
clauseUntangler,cu_031,b,2,配達,配達 (Delivery),,
clauseUntangler,cu_031,c,3,荷物,荷物 (Luggage),,
clauseUntangler,cu_031,d,4,箱,箱 (Box),,
clauseUntangler,cu_032,a,1,駅,駅 (Station),,
clauseUntangler,cu_032,b,2,ホーム,ホーム (Home),,
clauseUntangler,cu_032,c,3,電車,電車 (Train),,
clauseUntangler,cu_032,d,4,鳥,鳥 (Birds),,
clauseUntangler,cu_033,a,1,友だち,友だち (Home),,
clauseUntangler,cu_033,b,2,昨日,昨日 (2 days ago),,
clauseUntangler,cu_033,c,3,病院,病院 (Hospital),,
clauseUntangler,cu_033,d,4,元気,元気 (Home),,
clauseUntangler,cu_034,a,1,売れ行き,売れ行き (Sell),,
clauseUntangler,cu_034,b,2,値段,値段 (Price),,
clauseUntangler,cu_034,c,3,店,店 (Shop),,
clauseUntangler,cu_034,d,4,商品,商品 (Products),,
clauseUntangler,cu_035,a,1,歴史,歴史 (History),,
clauseUntangler,cu_035,b,2,町,町 (Home),,
clauseUntangler,cu_035,c,3,建物,建物 (Building),,
clauseUntangler,cu_035,d,4,計画,計画 (),,
clauseUntangler,cu_036,a,1,本,本,,
clauseUntangler,cu_036,b,2,名前,名前 (Name),,
clauseUntangler,cu_036,c,3,図書館,図書館 (Library),,
clauseUntangler,cu_036,d,4,作家,作家 (Home),,
clauseUntangler,cu_037,a,1,池,池 (),,
clauseUntangler,cu_037,b,2,周り,周り (Close),,
clauseUntangler,cu_037,c,3,公園,公園 (Park),,
clauseUntangler,cu_037,d,4,道,道 (),,
clauseUntangler,cu_038,a,1,下,下 (Close),,
clauseUntangler,cu_038,b,2,空,空 (Home),,
clauseUntangler,cu_038,c,3,昼寝,昼寝 (Sleeping),,
clauseUntangler,cu_038,d,4,雲,雲 (clouds),,
clauseUntangler,cu_039,a,1,風,風 (Wind),,
clauseUntangler,cu_039,b,2,季節,季節 (Season),,
clauseUntangler,cu_039,c,3,春,春 (Spring),,
clauseUntangler,cu_039,d,4,町,町 (Home),,
clauseUntangler,cu_040,a,1,影,影 (),,
clauseUntangler,cu_040,b,2,公園,公園 (Park),,
clauseUntangler,cu_040,c,3,日差し,日差し (Home),,
clauseUntangler,cu_040,d,4,木,木 (Wood),,
clauseUntangler,cu_041,a,1,寺,寺 (Temple),,
clauseUntangler,cu_041,b,2,庭,庭 (Garden),,
clauseUntangler,cu_041,c,3,観光,観光 (Sightseeing),,
clauseUntangler,cu_041,d,4,歴史,歴史 (History),,
clauseUntangler,cu_042,a,1,授業,授業 (),,
clauseUntangler,cu_042,b,2,先生,先生 (Teacher),,
clauseUntangler,cu_042,c,3,学校,学校 (School),,
clauseUntangler,cu_042,d,4,教科書,教科書 (English),,
clauseUntangler,cu_043,a,1,雪,雪 (Snow),,
clauseUntangler,cu_043,b,2,天気,天気 (Weather),,
clauseUntangler,cu_043,c,3,山,山 (Home),,
clauseUntangler,cu_043,d,4,道,道 (),,
clauseUntangler,cu_044,a,1,お店,お店 (Shop),,
clauseUntangler,cu_044,b,2,先,先 (Home),,
clauseUntangler,cu_044,c,3,角,角 (Angle),,
clauseUntangler,cu_044,d,4,道,道 (),,
clauseUntangler,cu_045,a,1,夜,夜 (Night),,
clauseUntangler,cu_045,b,2,海,海 (Sea),,
clauseUntangler,cu_045,c,3,音,音 (Sound),,
clauseUntangler,cu_045,d,4,月,月 (Home),,
clauseUntangler,cu_046,a,1,話,話 (),,
clauseUntangler,cu_046,b,2,夢,夢 (Home),,
clauseUntangler,cu_046,c,3,田中さん,田中さん (Mr. Tanaka),,
clauseUntangler,cu_046,d,4,時間,時間 (Time),,
clauseUntangler,cu_047,a,1,雨,雨 (Rain),,
clauseUntangler,cu_047,b,2,日,日 (Home),,
clauseUntangler,cu_047,c,3,事故,事故 (Accident),,
clauseUntangler,cu_047,d,4,警察,警察 (Police),,
clauseUntangler,cu_048,a,1,試験,試験 (Test),,
clauseUntangler,cu_048,b,2,顔,顔 (Face),,
clauseUntangler,cu_048,c,3,教室,教室 (Classroom),,
clauseUntangler,cu_048,d,4,学生,学生 (Student),,
clauseUntangler,cu_049,a,1,人たち,人たち (People),,
clauseUntangler,cu_049,b,2,電車,電車 (Train),,
clauseUntangler,cu_049,c,3,便,便 (Home),,
clauseUntangler,cu_049,d,4,駅,駅 (Station),,
clauseUntangler,cu_050,a,1,風,風 (Wind),,
clauseUntangler,cu_050,b,2,木,木 (Wood),,
clauseUntangler,cu_050,c,3,道,道 (),,
clauseUntangler,cu_050,d,4,枝,枝 (),,
clauseUntangler,cu_051,a,1,火事,火事 (Fire),,
clauseUntangler,cu_051,b,2,公園,公園 (Park),,
clauseUntangler,cu_051,c,3,家,家 (Home),,
clauseUntangler,cu_051,d,4,跡地,跡地 (Location),,
clauseUntangler,cu_052,a,1,先生,先生 (Teacher),,
clauseUntangler,cu_052,b,2,意味,意味 (),,
clauseUntangler,cu_052,c,3,授業,授業 (),,
clauseUntangler,cu_052,d,4,言葉,言葉 (English),,
clauseUntangler,cu_053,a,1,お守り,お守り (Home),,
clauseUntangler,cu_053,b,2,友だち,友だち (Home),,
clauseUntangler,cu_053,c,3,色,色 (Color),,
clauseUntangler,cu_053,d,4,神社,神社 (Home),,
clauseUntangler,cu_054,a,1,母,母 (Mother),,
clauseUntangler,cu_054,b,2,かぎ,かぎ (Home),,
clauseUntangler,cu_054,c,3,場所,場所 (Location),,
clauseUntangler,cu_054,d,4,引き出し,引き出し (Drawer),,
clauseUntangler,cu_055,a,1,店,店 (Shop),,
clauseUntangler,cu_055,b,2,名前,名前 (Name),,
clauseUntangler,cu_055,c,3,人,人 (Home),,
clauseUntangler,cu_055,d,4,制服,制服 (Uniform),,
clauseUntangler,cu_056,a,1,日本,日本 (Japanese),,
clauseUntangler,cu_056,b,2,箱,箱 (Box),,
clauseUntangler,cu_056,c,3,友だち,友だち (Home),,
clauseUntangler,cu_056,d,4,お茶,お茶 (Tea),,
clauseUntangler,cu_057,a,1,音,音 (Sound),,
clauseUntangler,cu_057,b,2,昨日,昨日 (2 days ago),,
clauseUntangler,cu_057,c,3,正体,正体 (),,
clauseUntangler,cu_057,d,4,隣,隣 (Close),,
clauseUntangler,cu_058,a,1,雨,雨 (Rain),,
clauseUntangler,cu_058,b,2,午後,午後 (Afternoon),,
clauseUntangler,cu_058,c,3,空,空 (Home),,
clauseUntangler,cu_058,d,4,雲,雲 (clouds),,
clauseUntangler,cu_059,a,1,席,席 (Seat),,
clauseUntangler,cu_059,b,2,予定,予定 (),,
clauseUntangler,cu_059,c,3,客,客 (Contact),,
clauseUntangler,cu_059,d,4,店,店 (Shop),,
clauseUntangler,cu_060,a,1,内容,内容 (),,
clauseUntangler,cu_060,b,2,日付,日付 (Date),,
clauseUntangler,cu_060,c,3,友達,友達 (Friends),,
clauseUntangler,cu_060,d,4,約束,約束 (),,
clauseUntangler,cu_061,a,1,問題,問題 (),,
clauseUntangler,cu_061,b,2,リスト,リスト (List),,
clauseUntangler,cu_061,c,3,会議,会議 (Meeting),,
clauseUntangler,cu_061,d,4,社長,社長 (President),,
clauseUntangler,cu_062,a,1,コピー,コピー (),,
clauseUntangler,cu_062,b,2,書類,書類 (),,
clauseUntangler,cu_062,c,3,提出,提出 (),,
clauseUntangler,cu_062,d,4,封筒,封筒 (Envel),,
clauseUntangler,cu_063,a,1,場所,場所 (Location),,
clauseUntangler,cu_063,b,2,人,人 (Home),,
clauseUntangler,cu_063,c,3,秘密,秘密 (Home),,
clauseUntangler,cu_063,d,4,話,話 (),,
clauseUntangler,cu_064,a,1,連絡,連絡 (Contact),,
clauseUntangler,cu_064,b,2,上司,上司 (Home),,
clauseUntangler,cu_064,c,3,今日,今日 (Today),,
clauseUntangler,cu_064,d,4,仕事,仕事 (Work),,
clauseUntangler,cu_065,a,1,方法,方法 (),,
clauseUntangler,cu_065,b,2,彼,彼 (),,
clauseUntangler,cu_065,c,3,説明,説明,,
clauseUntangler,cu_065,d,4,結果,結果 (Result),,
clauseUntangler,cu_066,a,1,会議,会議 (Meeting),,
clauseUntangler,cu_066,b,2,日程,日程 (Schedule),,
clauseUntangler,cu_066,c,3,変更,変更 (),,
clauseUntangler,cu_066,d,4,参加者,参加者 (Participants),,
clauseUntangler,cu_067,a,1,店長,店長 (Store Manager),,
clauseUntangler,cu_067,b,2,味,味 (Menu),,
clauseUntangler,cu_067,c,3,料理,料理 (Menu),,
clauseUntangler,cu_067,d,4,メニュー,メニュー,,
clauseUntangler,cu_068,a,1,風邪,風邪 (Cold),,
clauseUntangler,cu_068,b,2,薬,薬 (Medicine),,
clauseUntangler,cu_068,c,3,体,体 (Body),,
clauseUntangler,cu_068,d,4,とき,とき (Home),,
clauseUntangler,cu_069,a,1,あと,あと (Close),,
clauseUntangler,cu_069,b,2,本,本,,
clauseUntangler,cu_069,c,3,気持ち,気持ち (),,
clauseUntangler,cu_069,d,4,夜,夜 (Night),,
clauseUntangler,cu_070,a,1,約束,約束 (),,
clauseUntangler,cu_070,b,2,はず,はず (Close),,
clauseUntangler,cu_070,c,3,時間,時間 (Time),,
clauseUntangler,cu_070,d,4,友達,友達 (Friends),,
clauseUntangler,cu_071,a,1,旅行,旅行 (Travel),,
clauseUntangler,cu_071,b,2,地図,地図 (Map),,
clauseUntangler,cu_071,c,3,ところ,ところ (Home),,
clauseUntangler,cu_071,d,4,計画,計画 (),,
clauseUntangler,cu_072,a,1,経験,経験 (Experience),,
clauseUntangler,cu_072,b,2,人,人 (Home),,
clauseUntangler,cu_072,c,3,ニュース,ニュース (News),,
clauseUntangler,cu_072,d,4,話,話 (),,
clauseUntangler,cu_073,a,1,色,色 (Color),,
clauseUntangler,cu_073,b,2,花,花 (Flowers),,
clauseUntangler,cu_073,c,3,庭,庭 (Garden),,
clauseUntangler,cu_073,d,4,春,春 (Spring),,
clauseUntangler,cu_074,a,1,説明,説明,,
clauseUntangler,cu_074,b,2,部分,部分 (Part),,
clauseUntangler,cu_074,c,3,授業,授業 (),,
clauseUntangler,cu_074,d,4,先生,先生 (Teacher),,
clauseUntangler,cu_075,a,1,名前,名前 (Name),,
clauseUntangler,cu_075,b,2,声,声 (),,
clauseUntangler,cu_075,c,3,人,人 (Home),,
clauseUntangler,cu_075,d,4,駅,駅 (Station),,
clauseUntangler,cu_076,a,1,電車,電車 (Train),,
clauseUntangler,cu_076,b,2,会議,会議 (Meeting),,
clauseUntangler,cu_076,c,3,会社,会社 (Company),,
clauseUntangler,cu_076,d,4,せい,せい (),,
clauseUntangler,cu_077,a,1,日,日 (Home),,
clauseUntangler,cu_077,b,2,雨,雨 (Rain),,
clauseUntangler,cu_077,c,3,写真,写真 (Photos),,
clauseUntangler,cu_077,d,4,記憶,記憶 (Memory),,
clauseUntangler,cu_078,a,1,試験,試験 (Test),,
clauseUntangler,cu_078,b,2,友だち,友だち (Home),,
clauseUntangler,cu_078,c,3,顔,顔 (Face),,
clauseUntangler,cu_078,d,4,発表,発表 (),,
clauseUntangler,cu_079,a,1,学生,学生 (Student),,
clauseUntangler,cu_079,b,2,田中さん,田中さん (Mr. Tanaka),,
clauseUntangler,cu_079,c,3,名前,名前 (Name),,
clauseUntangler,cu_079,d,4,学校,学校 (School),,
clauseUntangler,cu_080,a,1,春,春 (Spring),,
clauseUntangler,cu_080,b,2,旅行,旅行 (Travel),,
clauseUntangler,cu_080,c,3,予定,予定 (),,
clauseUntangler,cu_080,d,4,休み,休み (Close),,
clauseUntangler,cu_081,a,1,字,字 (),,
clauseUntangler,cu_081,b,2,夢,夢 (Home),,
clauseUntangler,cu_081,c,3,漢字,漢字 (English),,
clauseUntangler,cu_081,d,4,意味,意味 (),,
clauseUntangler,cu_082,a,1,日本,日本 (Japanese),,
clauseUntangler,cu_082,b,2,国,国 (Country),,
clauseUntangler,cu_082,c,3,文化,文化 (Home),,
clauseUntangler,cu_082,d,4,歴史,歴史 (History),,
clauseUntangler,cu_083,a,1,人,人 (Home),,
clauseUntangler,cu_083,b,2,真実,真実 (Truth),,
clauseUntangler,cu_083,c,3,話,話 (),,
clauseUntangler,cu_083,d,4,会社,会社 (Company),,
clauseUntangler,cu_084,a,1,会議,会議 (Meeting),,
clauseUntangler,cu_084,b,2,来週,来週 (Next week),,
clauseUntangler,cu_084,c,3,説明,説明,,
clauseUntangler,cu_084,d,4,件,件 (),,
clauseUntangler,cu_085,a,1,資料,資料 (),,
clauseUntangler,cu_085,b,2,添付,添付 (),,
clauseUntangler,cu_085,c,3,メール,メール (Mail),,
clauseUntangler,cu_085,d,4,返信,返信 (Replies),,
clauseUntangler,cu_086,a,1,連絡,連絡 (Contact),,
clauseUntangler,cu_086,b,2,点,点 (),,
clauseUntangler,cu_086,c,3,担当,担当 (Contact),,
clauseUntangler,cu_086,d,4,質問,質問 (),,
clauseUntangler,cu_087,a,1,署名,署名 (Sign),,
clauseUntangler,cu_087,b,2,写し,写し (Home),,
clauseUntangler,cu_087,c,3,書類,書類 (),,
clauseUntangler,cu_087,d,4,返信,返信 (Replies),,
clauseUntangler,cu_088,a,1,日付,日付 (Date),,
clauseUntangler,cu_088,b,2,右上,右上 (Top),,
clauseUntangler,cu_088,c,3,提出,提出 (),,
clauseUntangler,cu_088,d,4,用紙,用紙 (Paper),,
clauseUntangler,cu_089,a,1,内容,内容 (),,
clauseUntangler,cu_089,b,2,担当者,担当者 (Contact),,
clauseUntangler,cu_089,c,3,メール,メール (Mail),,
clauseUntangler,cu_089,d,4,会社,会社 (Company),,
clauseUntangler,cu_090,a,1,料金,料金 (Price),,
clauseUntangler,cu_090,b,2,発表,発表 (),,
clauseUntangler,cu_090,c,3,来月,来月 (Next month),,
clauseUntangler,cu_090,d,4,市民,市民 (Home),,
clauseUntangler,cu_091,a,1,現地,現地 (Home),,
clauseUntangler,cu_091,b,2,報道,報道 (News),,
clauseUntangler,cu_091,c,3,記者,記者 (Contact),,
clauseUntangler,cu_091,d,4,事件,事件 (Home),,
clauseUntangler,cu_092,a,1,警察,警察 (Police),,
clauseUntangler,cu_092,b,2,発表,発表 (),,
clauseUntangler,cu_092,c,3,世論,世論 (),,
clauseUntangler,cu_092,d,4,事実,事実 (Facts),,
clauseUntangler,cu_093,a,1,問題,問題 (),,
clauseUntangler,cu_093,b,2,専門家,専門家 (Experts),,
clauseUntangler,cu_093,c,3,議論,議論 (),,
clauseUntangler,cu_093,d,4,社会,社会 (Company),,
clauseUntangler,cu_094,a,1,去年,去年 (Last year),,
clauseUntangler,cu_094,b,2,売上,売上 (Sales),,
clauseUntangler,cu_094,c,3,数字,数字 (),,
clauseUntangler,cu_094,d,4,会社,会社 (Company),,
clauseUntangler,cu_095,a,1,海外,海外 (Overseas),,
clauseUntangler,cu_095,b,2,公開,公開 (Home),,
clauseUntangler,cu_095,c,3,映画,映画 (Movie),,
clauseUntangler,cu_095,d,4,話題,話題 (),,
clauseUntangler,cu_096,a,1,政府,政府 (Government),,
clauseUntangler,cu_096,b,2,内容,内容 (),,
clauseUntangler,cu_096,c,3,国民,国民 (Home),,
clauseUntangler,cu_096,d,4,対策,対策 (),,
clauseUntangler,cu_097,a,1,状況,状況 (Contact),,
clauseUntangler,cu_097,b,2,目撃者,目撃者 (Blind),,
clauseUntangler,cu_097,c,3,混乱,混乱 (Confusion),,
clauseUntangler,cu_097,d,4,事故,事故 (Accident),,
clauseUntangler,cu_098,a,1,関係者,関係者 (Contact),,
clauseUntangler,cu_098,b,2,事実関係,事実関係 (Facts),,
clauseUntangler,cu_098,c,3,時間,時間 (Time),,
clauseUntangler,cu_098,d,4,調査,調査 (Search),,
clauseUntangler,cu_099,a,1,原因,原因 (Cause),,
clauseUntangler,cu_099,b,2,調査,調査 (Search),,
clauseUntangler,cu_099,c,3,事故,事故 (Accident),,
clauseUntangler,cu_099,d,4,現場,現場 (Home),,
clauseUntangler,cu_100,a,1,現場,現場 (Home),,
clauseUntangler,cu_100,b,2,分析,分析 (),,
clauseUntangler,cu_100,c,3,警察,警察 (Police),,
clauseUntangler,cu_100,d,4,物証,物証 (Certificate),,
omissionDetective,od_001,a,1,A,A,,
omissionDetective,od_001,b,2,B,B,,
omissionDetective,od_001,c,3,田中さん,田中さん (Mr. Tanaka),,
omissionDetective,od_001,d,4,分からない,分からない (I don't know),,
omissionDetective,od_002,a,1,A,A,,
omissionDetective,od_002,b,2,B,B,,
omissionDetective,od_002,c,3,母,母 (Mother),,
omissionDetective,od_002,d,4,分からない,分からない (I don't know),,
omissionDetective,od_003,a,1,A,A,,
omissionDetective,od_003,b,2,B,B,,
omissionDetective,od_003,c,3,部長,部長 (Director),,
omissionDetective,od_003,d,4,分からない,分からない (I don't know),,
omissionDetective,od_004,a,1,A,A,,
omissionDetective,od_004,b,2,B,B,,
omissionDetective,od_004,c,3,店員,店員 (Staff),,
omissionDetective,od_004,d,4,分からない,分からない (I don't know),,
omissionDetective,od_005,a,1,A,A,,
omissionDetective,od_005,b,2,B,B,,
omissionDetective,od_005,c,3,先生,先生 (Teacher),,
omissionDetective,od_005,d,4,分からない,分からない (I don't know),,
omissionDetective,od_006,a,1,A,A,,
omissionDetective,od_006,b,2,B,B,,
omissionDetective,od_006,c,3,窓,窓 (Window),,
omissionDetective,od_006,d,4,分からない,分からない (I don't know),,
omissionDetective,od_007,a,1,A,A,,
omissionDetective,od_007,b,2,B,B,,
omissionDetective,od_007,c,3,コピー機,コピー機 (Copier),,
omissionDetective,od_007,d,4,分からない,分からない (I don't know),,
omissionDetective,od_008,a,1,A,A,,
omissionDetective,od_008,b,2,B,B,,
omissionDetective,od_008,c,3,大家,大家 (Home),,
omissionDetective,od_008,d,4,分からない,分からない (I don't know),,
omissionDetective,od_009,a,1,A,A,,
omissionDetective,od_009,b,2,B,B,,
omissionDetective,od_009,c,3,社長,社長 (President),,
omissionDetective,od_009,d,4,分からない,分からない (I don't know),,
omissionDetective,od_010,a,1,A,A,,
omissionDetective,od_010,b,2,B,B,,
omissionDetective,od_010,c,3,会長,会長 (Chairman),,
omissionDetective,od_010,d,4,分からない,分からない (I don't know),,
omissionDetective,od_011,a,1,コーヒー,コーヒー (Coffee),,
omissionDetective,od_011,b,2,紅茶,紅茶 (Tea),,
omissionDetective,od_011,c,3,水,水 (Water),,
omissionDetective,od_011,d,4,分からない,分からない (I don't know),,
omissionDetective,od_012,a,1,新刊,新刊 (News),,
omissionDetective,od_012,b,2,雑誌,雑誌 (Magazine),,
omissionDetective,od_012,c,3,文庫,文庫 (Home),,
omissionDetective,od_012,d,4,分からない,分からない (I don't know),,
omissionDetective,od_013,a,1,自転車,自転車 (Bicycle),,
omissionDetective,od_013,b,2,ドア,ドア (Door),,
omissionDetective,od_013,c,3,時計,時計,,
omissionDetective,od_013,d,4,分からない,分からない (I don't know),,
omissionDetective,od_014,a,1,ケーキ,ケーキ (Cakes),,
omissionDetective,od_014,b,2,アイス,アイス (Ice),,
omissionDetective,od_014,c,3,果物,果物 (Fruit),,
omissionDetective,od_014,d,4,分からない,分からない (I don't know),,
omissionDetective,od_015,a,1,机の上,机の上 (Desk Top),,
omissionDetective,od_015,b,2,床,床 (Floor),,
omissionDetective,od_015,c,3,本棚,本棚 (Books),,
omissionDetective,od_015,d,4,分からない,分からない (I don't know),,
omissionDetective,od_016,a,1,見積,見積 (),,
omissionDetective,od_016,b,2,請求,請求 (),,
omissionDetective,od_016,c,3,名刺,名刺 (Business card),,
omissionDetective,od_016,d,4,分からない,分からない (I don't know),,
omissionDetective,od_017,a,1,鍵,鍵 (Key),,
omissionDetective,od_017,b,2,財布,財布 (),,
omissionDetective,od_017,c,3,傘,傘,,
omissionDetective,od_017,d,4,分からない,分からない (I don't know),,
omissionDetective,od_018,a,1,服,服 (Clothing),,
omissionDetective,od_018,b,2,靴,靴 (Shoes),,
omissionDetective,od_018,c,3,帽子,帽子 (Hats),,
omissionDetective,od_018,d,4,分からない,分からない (I don't know),,
omissionDetective,od_019,a,1,申請書,申請書 (Application Form),,
omissionDetective,od_019,b,2,封筒,封筒 (Envel),,
omissionDetective,od_019,c,3,コピー,コピー (),,
omissionDetective,od_019,d,4,分からない,分からない (I don't know),,
omissionDetective,od_020,a,1,晩ご飯,晩ご飯 (Night),,
omissionDetective,od_020,b,2,風呂,風呂 (Bath),,
omissionDetective,od_020,c,3,洗濯,洗濯 (Laundry),,
omissionDetective,od_020,d,4,分からない,分からない (I don't know),,
omissionDetective,od_021,a,1,余り,余り (Close),,
omissionDetective,od_021,b,2,空き瓶,空き瓶 (Free bottle),,
omissionDetective,od_021,c,3,会費,会費 (Fee),,
omissionDetective,od_021,d,4,分からない,分からない (I don't know),,
omissionDetective,od_022,a,1,Bが弟に,Bが弟に (B to brother),,
omissionDetective,od_022,b,2,Aが弟に,Aが弟に (A to brother),,
omissionDetective,od_022,c,3,弟がBに,弟がBに (Brother B),,
omissionDetective,od_022,d,4,分からない,分からない (I don't know),,
omissionDetective,od_023,a,1,母,母 (Mother),,
omissionDetective,od_023,b,2,B,B,,
omissionDetective,od_023,c,3,A,A,,
omissionDetective,od_023,d,4,分からない,分からない (I don't know),,
omissionDetective,od_024,a,1,B,B,,
omissionDetective,od_024,b,2,A,A,,
omissionDetective,od_024,c,3,上司,上司 (Home),,
omissionDetective,od_024,d,4,分からない,分からない (I don't know),,
omissionDetective,od_025,a,1,B,B,,
omissionDetective,od_025,b,2,A,A,,
omissionDetective,od_025,c,3,友達,友達 (Friends),,
omissionDetective,od_025,d,4,分からない,分からない (I don't know),,
omissionDetective,od_026,a,1,部長,部長 (Director),,
omissionDetective,od_026,b,2,A,A,,
omissionDetective,od_026,c,3,社長,社長 (President),,
omissionDetective,od_026,d,4,分からない,分からない (I don't know),,
omissionDetective,od_027,a,1,B,B,,
omissionDetective,od_027,b,2,A,A,,
omissionDetective,od_027,c,3,子ども,子ども (Children),,
omissionDetective,od_027,d,4,分からない,分からない (I don't know),,
omissionDetective,od_028,a,1,B,B,,
omissionDetective,od_028,b,2,A,A,,
omissionDetective,od_028,c,3,隣,隣 (Close),,
omissionDetective,od_028,d,4,分からない,分からない (I don't know),,
omissionDetective,od_029,a,1,B,B,,
omissionDetective,od_029,b,2,A,A,,
omissionDetective,od_029,c,3,姉,姉 (sister),,
omissionDetective,od_029,d,4,分からない,分からない (I don't know),,
omissionDetective,od_030,a,1,B,B,,
omissionDetective,od_030,b,2,先輩,先輩 (),,
omissionDetective,od_030,c,3,A,A,,
omissionDetective,od_030,d,4,分からない,分からない (I don't know),,
omissionDetective,od_031,a,1,B,B,,
omissionDetective,od_031,b,2,A,A,,
omissionDetective,od_031,c,3,友だち,友だち (Home),,
omissionDetective,od_031,d,4,分からない,分からない (I don't know),,
omissionDetective,od_032,a,1,三階,三階 (3rd Floor),,
omissionDetective,od_032,b,2,一階,一階 (1st floor),,
omissionDetective,od_032,c,3,地下,地下 (Basement),,
omissionDetective,od_032,d,4,分からない,分からない (I don't know),,
omissionDetective,od_033,a,1,B,B,,
omissionDetective,od_033,b,2,A,A,,
omissionDetective,od_033,c,3,客,客 (Contact),,
omissionDetective,od_033,d,4,分からない,分からない (I don't know),,
omissionDetective,od_034,a,1,A,A,,
omissionDetective,od_034,b,2,B,B,,
omissionDetective,od_034,c,3,タクシー,タクシー (Taxi),,
omissionDetective,od_034,d,4,分からない,分からない (I don't know),,
omissionDetective,od_035,a,1,五時,五時 (5 hours),,
omissionDetective,od_035,b,2,明日,明日 (),,
omissionDetective,od_035,c,3,来週,来週 (Next week),,
omissionDetective,od_035,d,4,分からない,分からない (I don't know),,
omissionDetective,od_036,a,1,A,A,,
omissionDetective,od_036,b,2,B,B,,
omissionDetective,od_036,c,3,部長,部長 (Director),,
omissionDetective,od_036,d,4,分からない,分からない (I don't know),,
omissionDetective,od_037,a,1,大阪,大阪 (Osaka),,
omissionDetective,od_037,b,2,東京,東京 (Tokyo),,
omissionDetective,od_037,c,3,京都,京都 (Kyoto),,
omissionDetective,od_037,d,4,分からない,分からない (I don't know),,
omissionDetective,od_038,a,1,B,B,,
omissionDetective,od_038,b,2,A,A,,
omissionDetective,od_038,c,3,先生,先生 (Teacher),,
omissionDetective,od_038,d,4,分からない,分からない (I don't know),,
omissionDetective,od_039,a,1,倉庫,倉庫 (Warehouse),,
omissionDetective,od_039,b,2,事務所,事務所 (Office),,
omissionDetective,od_039,c,3,受付,受付 (Contact),,
omissionDetective,od_039,d,4,分からない,分からない (I don't know),,
omissionDetective,od_040,a,1,B,B,,
omissionDetective,od_040,b,2,A,A,,
omissionDetective,od_040,c,3,車掌,車掌 (車),,
omissionDetective,od_040,d,4,分からない,分からない (I don't know),,
omissionDetective,od_041,a,1,B,B,,
omissionDetective,od_041,b,2,A,A,,
omissionDetective,od_041,c,3,子ども,子ども (Children),,
omissionDetective,od_041,d,4,分からない,分からない (I don't know),,
omissionDetective,od_042,a,1,このかばん,このかばん (This bag),,
omissionDetective,od_042,b,2,床,床 (Floor),,
omissionDetective,od_042,c,3,札,札 (Tags),,
omissionDetective,od_042,d,4,分からない,分からない (I don't know),,
omissionDetective,od_043,a,1,ノート,ノート (Notes),,
omissionDetective,od_043,b,2,ペン,ペン (Pen),,
omissionDetective,od_043,c,3,消しゴム,消しゴム (ゴムr),,
omissionDetective,od_043,d,4,分からない,分からない (I don't know),,
omissionDetective,od_044,a,1,遠くの塔,遠くの塔 (Tower),,
omissionDetective,od_044,b,2,近くの看板,近くの看板 (Nearby signs),,
omissionDetective,od_044,c,3,空,空 (Home),,
omissionDetective,od_044,d,4,分からない,分からない (I don't know),,
omissionDetective,od_045,a,1,客が指した品,客が指した品 (Products Pointed by Customers),,
omissionDetective,od_045,b,2,レジ,レジ (),,
omissionDetective,od_045,c,3,袋,袋 (Bag),,
omissionDetective,od_045,d,4,分からない,分からない (I don't know),,
omissionDetective,od_046,a,1,明日の予定,明日の予定 (Schedule),,
omissionDetective,od_046,b,2,午後の会議,午後の会議 (Afternoon Meeting),,
omissionDetective,od_046,c,3,資料,資料 (),,
omissionDetective,od_046,d,4,分からない,分からない (I don't know),,
omissionDetective,od_047,a,1,Aのいる場所,Aのいる場所 (A Place),,
omissionDetective,od_047,b,2,Bのいる場所,Bのいる場所 (Place B),,
omissionDetective,od_047,c,3,海,海 (Sea),,
omissionDetective,od_047,d,4,分からない,分からない (I don't know),,
omissionDetective,od_048,a,1,遠くにいる人,遠くにいる人 (Who is far away),,
omissionDetective,od_048,b,2,犬,犬 (Dogs),,
omissionDetective,od_048,c,3,車,車 (Car),,
omissionDetective,od_048,d,4,分からない,分からない (I don't know),,
omissionDetective,od_049,a,1,漫画の展開,漫画の展開 (Manga ment),,
omissionDetective,od_049,b,2,映画,映画 (Movie),,
omissionDetective,od_049,c,3,小説,小説 (Fiction),,
omissionDetective,od_049,d,4,分からない,分からない (I don't know),,
omissionDetective,od_050,a,1,汚れたところ,汚れたところ (dirty),,
omissionDetective,od_050,b,2,全体,全体 (Total),,
omissionDetective,od_050,c,3,床,床 (Floor),,
omissionDetective,od_050,d,4,分からない,分からない (I don't know),,
omissionDetective,od_051,a,1,写真を撮ること,写真を撮ること (Taking photos),,
omissionDetective,od_051,b,2,入館,入館 (Admission),,
omissionDetective,od_051,c,3,食事,食事 (Meal),,
omissionDetective,od_051,d,4,分からない,分からない (I don't know),,
omissionDetective,od_052,a,1,メニューの一品,メニューの一品 (Menu),,
omissionDetective,od_052,b,2,店,店 (Shop),,
omissionDetective,od_052,c,3,席,席 (Seat),,
omissionDetective,od_052,d,4,分からない,分からない (I don't know),,
omissionDetective,od_053,a,1,はい、提出済み,"はい、提出済み (Yes, Submitted)",,
omissionDetective,od_053,b,2,まだ,まだ,,
omissionDetective,od_053,c,3,知らない,知らない (Not know),,
omissionDetective,od_053,d,4,分からない,分からない (I don't know),,
omissionDetective,od_054,a,1,未完了,未完了 (Not completed),,
omissionDetective,od_054,b,2,完了,完了 (Close),,
omissionDetective,od_054,c,3,いらない,いらない (No),,
omissionDetective,od_054,d,4,分からない,分からない (I don't know),,
omissionDetective,od_055,a,1,済んだ,済んだ (),,
omissionDetective,od_055,b,2,これから,これから (More),,
omissionDetective,od_055,c,3,不要,不要 (No need),,
omissionDetective,od_055,d,4,分からない,分からない (I don't know),,
omissionDetective,od_056,a,1,未印刷,未印刷 (Unprinted),,
omissionDetective,od_056,b,2,印刷済み,印刷済み (印刷ed),,
omissionDetective,od_056,c,3,不要,不要 (No need),,
omissionDetective,od_056,d,4,分からない,分からない (I don't know),,
omissionDetective,od_057,a,1,見た,見た (Seen),,
omissionDetective,od_057,b,2,これから,これから (More),,
omissionDetective,od_057,c,3,見ない,見ない (Not seen),,
omissionDetective,od_057,d,4,分からない,分からない (I don't know),,
omissionDetective,od_058,a,1,未締結,未締結 (Not signed),,
omissionDetective,od_058,b,2,済んだ,済んだ (),,
omissionDetective,od_058,c,3,破談,破談 (),,
omissionDetective,od_058,d,4,分からない,分からない (I don't know),,
omissionDetective,od_059,a,1,止んだ,止んだ (Close),,
omissionDetective,od_059,b,2,降っている,降っている (Down),,
omissionDetective,od_059,c,3,雪,雪 (Snow),,
omissionDetective,od_059,d,4,分からない,分からない (I don't know),,
omissionDetective,od_060,a,1,未送信,未送信 (Not sent),,
omissionDetective,od_060,b,2,送信済み,送信済み (Submit),,
omissionDetective,od_060,c,3,いらない,いらない (No),,
omissionDetective,od_060,d,4,分からない,分からない (I don't know),,
omissionDetective,od_061,a,1,捨てた,捨てた (),,
omissionDetective,od_061,b,2,これから,これから (More),,
omissionDetective,od_061,c,3,燃えない,燃えない (Not Burning),,
omissionDetective,od_061,d,4,分からない,分からない (I don't know),,
omissionDetective,od_062,a,1,途中,途中 (Close),,
omissionDetective,od_062,b,2,完了,完了 (Close),,
omissionDetective,od_062,c,3,不要,不要 (No need),,
omissionDetective,od_062,d,4,分からない,分からない (I don't know),,
omissionDetective,od_063,a,1,飲んだ,飲んだ (Drink),,
omissionDetective,od_063,b,2,これから,これから (More),,
omissionDetective,od_063,c,3,忘れた,忘れた (Forgotten),,
omissionDetective,od_063,d,4,分からない,分からない (I don't know),,
omissionDetective,od_064,a,1,B,B,,
omissionDetective,od_064,b,2,A,A,,
omissionDetective,od_064,c,3,部長,部長 (Director),,
omissionDetective,od_064,d,4,分からない,分からない (I don't know),,
omissionDetective,od_065,a,1,課長,課長 (Director),,
omissionDetective,od_065,b,2,B,B,,
omissionDetective,od_065,c,3,A,A,,
omissionDetective,od_065,d,4,分からない,分からない (I don't know),,
omissionDetective,od_066,a,1,B,B,,
omissionDetective,od_066,b,2,A,A,,
omissionDetective,od_066,c,3,社長,社長 (President),,
omissionDetective,od_066,d,4,分からない,分からない (I don't know),,
omissionDetective,od_067,a,1,B,B,,
omissionDetective,od_067,b,2,A,A,,
omissionDetective,od_067,c,3,外部,外部 (External),,
omissionDetective,od_067,d,4,分からない,分からない (I don't know),,
omissionDetective,od_068,a,1,B,B,,
omissionDetective,od_068,b,2,A,A,,
omissionDetective,od_068,c,3,経理,経理 (),,
omissionDetective,od_068,d,4,分からない,分からない (I don't know),,
omissionDetective,od_069,a,1,田中本人,田中本人 (Tanaka),,
omissionDetective,od_069,b,2,B,B,,
omissionDetective,od_069,c,3,A,A,,
omissionDetective,od_069,d,4,分からない,分からない (I don't know),,
omissionDetective,od_070,a,1,B,B,,
omissionDetective,od_070,b,2,A,A,,
omissionDetective,od_070,c,3,店長,店長 (Store Manager),,
omissionDetective,od_070,d,4,分からない,分からない (I don't know),,
omissionDetective,od_071,a,1,情シス,情シス (),,
omissionDetective,od_071,b,2,B,B,,
omissionDetective,od_071,c,3,A,A,,
omissionDetective,od_071,d,4,分からない,分からない (I don't know),,
omissionDetective,od_072,a,1,部長,部長 (Director),,
omissionDetective,od_072,b,2,B,B,,
omissionDetective,od_072,c,3,A,A,,
omissionDetective,od_072,d,4,分からない,分からない (I don't know),,
omissionDetective,od_073,a,1,B,B,,
omissionDetective,od_073,b,2,A,A,,
omissionDetective,od_073,c,3,委員会,委員会 (Board),,
omissionDetective,od_073,d,4,分からない,分からない (I don't know),,
omissionDetective,od_074,a,1,担当者,担当者 (Contact),,
omissionDetective,od_074,b,2,B,B,,
omissionDetective,od_074,c,3,A,A,,
omissionDetective,od_074,d,4,分からない,分からない (I don't know),,
omissionDetective,od_075,a,1,B,B,,
omissionDetective,od_075,b,2,A,A,,
omissionDetective,od_075,c,3,父,父 (Father),,
omissionDetective,od_075,d,4,分からない,分からない (I don't know),,
omissionDetective,od_076,a,1,B,B,,
omissionDetective,od_076,b,2,A,A,,
omissionDetective,od_076,c,3,犬,犬 (Dogs),,
omissionDetective,od_076,d,4,分からない,分からない (I don't know),,
omissionDetective,od_077,a,1,B,B,,
omissionDetective,od_077,b,2,A,A,,
omissionDetective,od_077,c,3,祖母,祖母 (),,
omissionDetective,od_077,d,4,分からない,分からない (I don't know),,
omissionDetective,od_078,a,1,B,B,,
omissionDetective,od_078,b,2,A,A,,
omissionDetective,od_078,c,3,母,母 (Mother),,
omissionDetective,od_078,d,4,分からない,分からない (I don't know),,
omissionDetective,od_079,a,1,B,B,,
omissionDetective,od_079,b,2,A,A,,
omissionDetective,od_079,c,3,先生,先生 (Teacher),,
omissionDetective,od_079,d,4,分からない,分からない (I don't know),,
omissionDetective,od_080,a,1,B,B,,
omissionDetective,od_080,b,2,A,A,,
omissionDetective,od_080,c,3,旅館,旅館 (Hotel),,
omissionDetective,od_080,d,4,分からない,分からない (I don't know),,
omissionDetective,od_081,a,1,本人（誕生日の人）,本人（誕生日の人） (),,
omissionDetective,od_081,b,2,B,B,,
omissionDetective,od_081,c,3,A,A,,
omissionDetective,od_081,d,4,分からない,分からない (I don't know),,
omissionDetective,od_082,a,1,B,B,,
omissionDetective,od_082,b,2,A,A,,
omissionDetective,od_082,c,3,弟,弟 (Brother),,
omissionDetective,od_082,d,4,分からない,分からない (I don't know),,
omissionDetective,od_083,a,1,B,B,,
omissionDetective,od_083,b,2,A,A,,
omissionDetective,od_083,c,3,管理人,管理人 (Manager),,
omissionDetective,od_083,d,4,分からない,分からない (I don't know),,
omissionDetective,od_084,a,1,母,母 (Mother),,
omissionDetective,od_084,b,2,B,B,,
omissionDetective,od_084,c,3,A,A,,
omissionDetective,od_084,d,4,分からない,分からない (I don't know),,
omissionDetective,od_085,a,1,B,B,,
omissionDetective,od_085,b,2,A,A,,
omissionDetective,od_085,c,3,全員,全員 (All),,
omissionDetective,od_085,d,4,分からない,分からない (I don't know),,
omissionDetective,od_086,a,1,B,B,,
omissionDetective,od_086,b,2,A,A,,
omissionDetective,od_086,c,3,店員,店員 (Staff),,
omissionDetective,od_086,d,4,分からない,分からない (I don't know),,
omissionDetective,od_087,a,1,B,B,,
omissionDetective,od_087,b,2,A,A,,
omissionDetective,od_087,c,3,祖母,祖母 (),,
omissionDetective,od_087,d,4,分からない,分からない (I don't know),,
omissionDetective,od_088,a,1,B,B,,
omissionDetective,od_088,b,2,A,A,,
omissionDetective,od_088,c,3,店,店 (Shop),,
omissionDetective,od_088,d,4,分からない,分からない (I don't know),,
omissionDetective,od_089,a,1,B,B,,
omissionDetective,od_089,b,2,A,A,,
omissionDetective,od_089,c,3,医者,医者 (Doctor),,
omissionDetective,od_089,d,4,分からない,分からない (I don't know),,
omissionDetective,od_090,a,1,新郎,新郎 (新),,
omissionDetective,od_090,b,2,B,B,,
omissionDetective,od_090,c,3,A,A,,
omissionDetective,od_090,d,4,分からない,分からない (I don't know),,
omissionDetective,od_091,a,1,着替えること,着替えること (Change clothes),,
omissionDetective,od_091,b,2,食べること,食べること (Food),,
omissionDetective,od_091,c,3,寝ること,寝ること (sleeping),,
omissionDetective,od_091,d,4,分からない,分からない (I don't know),,
omissionDetective,od_092,a,1,図書館の中,図書館の中 (Library),,
omissionDetective,od_092,b,2,家の中,家の中 (Home),,
omissionDetective,od_092,c,3,道路,道路 (Road),,
omissionDetective,od_092,d,4,分からない,分からない (I don't know),,
omissionDetective,od_093,a,1,B,B,,
omissionDetective,od_093,b,2,A,A,,
omissionDetective,od_093,c,3,教授,教授 (Professor),,
omissionDetective,od_093,d,4,分からない,分からない (I don't know),,
omissionDetective,od_094,a,1,ケーキ,ケーキ (Cakes),,
omissionDetective,od_094,b,2,お茶,お茶 (Tea),,
omissionDetective,od_094,c,3,箸,箸 (),,
omissionDetective,od_094,d,4,分からない,分からない (I don't know),,
omissionDetective,od_095,a,1,A側の担当,A側の担当 (A side),,
omissionDetective,od_095,b,2,B側の担当,B側の担当 (B side),,
omissionDetective,od_095,c,3,両方,両方 (both),,
omissionDetective,od_095,d,4,分からない,分からない (I don't know),,
omissionDetective,od_096,a,1,遅刻する行為,遅刻する行為 (Late act),,
omissionDetective,od_096,b,2,早退,早退 (Close),,
omissionDetective,od_096,c,3,欠勤,欠勤 (),,
omissionDetective,od_096,d,4,分からない,分からない (I don't know),,
omissionDetective,od_097,a,1,B,B,,
omissionDetective,od_097,b,2,A,A,,
omissionDetective,od_097,c,3,二人とも,二人とも (Two),,
omissionDetective,od_097,d,4,分からない,分からない (I don't know),,
omissionDetective,od_098,a,1,座ること,座ること (Sitting),,
omissionDetective,od_098,b,2,立つこと,立つこと (Standing),,
omissionDetective,od_098,c,3,帰ること,帰ること (Home),,
omissionDetective,od_098,d,4,分からない,分からない (I don't know),,
omissionDetective,od_099,a,1,座ってよい,座ってよい (Good to sit),,
omissionDetective,od_099,b,2,注文してよい,注文してよい (Good to order),,
omissionDetective,od_099,c,3,写真を撮ってよい,写真を撮ってよい (Good to take photos),,
omissionDetective,od_099,d,4,分からない,分からない (I don't know),,
omissionDetective,od_100,a,1,メールを送ること,メールを送ること (Send Email),,
omissionDetective,od_100,b,2,印刷すること,印刷すること (印刷),,
omissionDetective,od_100,c,3,削除すること,削除すること (Delete),,
omissionDetective,od_100,d,4,分からない,分からない (I don't know),,
particleForensics,pf_001,a,1,を,を (direct object marker),他動詞の対象。「読む」が届く先を示す。,"Subject of other s. Shows where ""read"" arrives."
particleForensics,pf_001,b,2,が,が (subject / exhaustive focus),「読む」の目的語に中性の「が」は付けない。,Do not attach neutrality to the purpose of reading.
particleForensics,pf_001,c,3,に,に (direction / endpoint / indirect object),到達点や着く先ではない。,Not to be reached or reached.
particleForensics,pf_001,d,4,で,で (means / venue / scope of action),動作の場所でも手段でもない。,It is not a place of operation or a means.
particleForensics,pf_002,a,1,を,を (direct object marker),移動の経路全体をまたぐ「を」ではない。,"It is not ""to"" across the entire route of movement."
particleForensics,pf_002,b,2,へ,へ (direction),方向は言えるが「着く」の到達点より「に」が定番。,"You can say the direction, but you can see it from the reach point of ""wearing""."
particleForensics,pf_002,c,3,に,に (direction / endpoint / indirect object),到達点・着く先。「駅に着く」が定型。,"Contact Us ""Get to the station"""
particleForensics,pf_002,d,4,で,で (means / venue / scope of action),動作が行われる場所ではない。,It is not a place where the operation is performed.
particleForensics,pf_003,a,1,を,を (direct object marker),他動詞の対象ではない。,Not subject to other s.
particleForensics,pf_003,b,2,が,が (subject / exhaustive focus),主語の「が」ではない。,It is not the main word.
particleForensics,pf_003,c,3,に,に (direction / endpoint / indirect object),到達点ではなく「中で勉強する」場所の別表現になりにくい。,It is difficult to become a separate expression of the place to study in rather than the point of arrival.
particleForensics,pf_003,d,4,で,で (means / venue / scope of action),動作が行われる場所。「勉強するで」の場。,where the operation is performed. A place of study.
particleForensics,pf_004,a,1,を,を (direct object marker),他動詞の対象ではない。,Not subject to other s.
particleForensics,pf_004,b,2,が,が (subject / exhaustive focus),自然現象の主語に付きやすい。「雨が降る」。,It is easy to get in the main word of natural phenomenon. Rain
particleForensics,pf_004,c,3,に,に (direction / endpoint / indirect object),存在の場所「に」ではない。,Not the place of existence.
particleForensics,pf_004,d,4,で,で (means / venue / scope of action),手段や原因の「で」ではない。,"It is not ""in"" of means or cause."
particleForensics,pf_005,a,1,を,を (direct object marker),会う相手に「を」は付けない。,"Don't put """" on the other party to meet."
particleForensics,pf_005,b,2,が,が (subject / exhaustive focus),相手を主語にする「が」ではない。,"It is not a ""but"" to make the opponent the subject."
particleForensics,pf_005,c,3,に,に (direction / endpoint / indirect object),会う相手・面会の相手。「会う」の相手は「に」。,The other party of the meeting. “Meeting”
particleForensics,pf_005,d,4,で,で (means / venue / scope of action),集合の場所の「で」ではない。,"It is not ""in"" of the meeting place."
particleForensics,pf_006,a,1,を,を (direct object marker),目的語ではない。,Not a purpose.
particleForensics,pf_006,b,2,が,が (subject / exhaustive focus),存在文で無生物主語の「が」もあるが、この定型では話題の「は」が自然。,"There is also a non-biological main word ""ha"" in the present sentence, but the topic ""ha"" is natural in this template."
particleForensics,pf_006,c,3,に,に (direction / endpoint / indirect object),時点の「に」ではなく、日程を取り上げる話題にしたい。,I would like to be a topic that takes up the schedule rather than at the time.
particleForensics,pf_006,d,4,は,は (topic / contrast),話題を立てる「は」。「今日は…」で予定を述べる型。,"""H"" to make a topic. ""Today is..."""
particleForensics,pf_007,a,1,を,を (direct object marker),目的語ではない。,Not a purpose.
particleForensics,pf_007,b,2,が,が (subject / exhaustive focus),描写の主語に見えるが、この説明の骨は人物を話題にする「は」。,The bone of this explanation is a topic of people.
particleForensics,pf_007,c,3,は,は (topic / contrast),人物について説明する話題。「部長は外出中」が受付の言い方として自然。,"A topic to describe people. ""Outside Director"" is natural as a way of saying the reception."
particleForensics,pf_007,d,4,で,で (means / venue / scope of action),手段や場所の「で」ではない。,"It is not ""in"" of means or place."
particleForensics,pf_008,a,1,を,を (direct object marker),経路全体の「を」ではない。,Not the whole route.
particleForensics,pf_008,b,2,が,が (subject / exhaustive focus),主語ではない。,Not the subject.
particleForensics,pf_008,c,3,に,に (direction / endpoint / indirect object),乗り物を「行く」の目標にする「に」ではない。,"It is not a ""to"" to make the vehicle ""go""."
particleForensics,pf_008,d,4,で,で (means / venue / scope of action),移動の手段。「バスで行く」が定型。,"means of transportation. ""Go by bus"" is a fixed type."
particleForensics,pf_009,a,1,を,を (direct object marker),返信の定型は「メールに返信」が中心で「を」は不自然。,"""Reply to Email"" is the center of the ""Reply to Email"" is unnatural."
particleForensics,pf_009,b,2,が,が (subject / exhaustive focus),主語の「が」ではない。,It is not the main word.
particleForensics,pf_009,c,3,に,に (direction / endpoint / indirect object),応答の届け先・返答の相手。「メールに返信する」。,"Responsive recipients. ""Reply to Email"""
particleForensics,pf_009,d,4,で,で (means / venue / scope of action),手段の「で」ではない。,"It is not ""in"" of means."
particleForensics,pf_010,a,1,を,を (direct object marker),入れる先ではなく動かすものは別に「砂糖を」。,"""sugar"" is another thing to move rather than to put."
particleForensics,pf_010,b,2,が,が (subject / exhaustive focus),主語の「が」ではない。,It is not the main word.
particleForensics,pf_010,c,3,に,に (direction / endpoint / indirect object),入れる先・容れ物側の目標。「コーヒーに入れる」。,Goal of the toe and toe side. Coffee
particleForensics,pf_010,d,4,で,で (means / venue / scope of action),手段の「で」ではない。,"It is not ""in"" of means."
particleForensics,pf_011,a,1,を,を (direct object marker),目的語ではない。,Not a purpose.
particleForensics,pf_011,b,2,が,が (subject / exhaustive focus),主語の「が」ではない。,It is not the main word.
particleForensics,pf_011,c,3,は,は (topic / contrast),項目を取り上げて質問する「は」。「お手洗いはどこですか」が定型。,“H” to ask questions. “Where is the wash?”
particleForensics,pf_011,d,4,に,に (direction / endpoint / indirect object),存在の場「に」だけではこの疑問型になりにくい。,It is difficult to make this question only by the place of existence.
particleForensics,pf_012,a,1,を,を (direct object marker),他動詞の対象。「開ける」の目的語。,"Subject of other s. The purpose of ""Opening""."
particleForensics,pf_012,b,2,が,が (subject / exhaustive focus),開ける対象の「が」ではなく目的語型。,Objective type instead of the target.
particleForensics,pf_012,c,3,に,に (direction / endpoint / indirect object),到達点の「に」ではない。,"It is not the ""in"" of the arrival point."
particleForensics,pf_012,d,4,で,で (means / venue / scope of action),場所の「で」ではない。,"It is not ""in""."
particleForensics,pf_013,a,1,を,を (direct object marker),目的語ではない。,Not a purpose.
particleForensics,pf_013,b,2,が,が (subject / exhaustive focus),属性叙述だけなら「が」もあるが、季節を取り上げて評価するなら「は」が自然。,"If the attribute is just an epidemi, there is also a ""ga"" but if you take up the season and evaluate it, ""ha"" is natural."
particleForensics,pf_013,c,3,は,は (topic / contrast),季節を話題にして性質を述べる「は」。,"The season is a topic, and the nature is described."
particleForensics,pf_013,d,4,に,に (direction / endpoint / indirect object),時点の「に」ではない。,not at the time.
particleForensics,pf_014,a,1,を,を (direct object marker),あげる相手に「を」は付けない。,"Don't add """" to the opponent."
particleForensics,pf_014,b,2,が,が (subject / exhaustive focus),主語の「が」ではない。,It is not the main word.
particleForensics,pf_014,c,3,に,に (direction / endpoint / indirect object),付与の到達点。「あげる」相手は「に」。,"Attainment points. ""Emit"" opponent is ""."
particleForensics,pf_014,d,4,で,で (means / venue / scope of action),手段の「で」ではない。,"It is not ""in"" of means."
particleForensics,pf_015,a,1,を,を (direct object marker),評価の対象を目的語にする「を」ではない。,"It is not ""to"" to make the target of evaluation."
particleForensics,pf_015,b,2,が,が (subject / exhaustive focus),述語の主語に見える「が」もあるが、品を取り上げて評価するなら「は」。,"There is a word that looks like the main word of the predicate, but if you take up and evaluate the item, you will see it."
particleForensics,pf_015,c,3,は,は (topic / contrast),品を話題にして味の評価を述べる「は」。,"""H"" refers to the product and evaluate the taste."
particleForensics,pf_015,d,4,に,に (direction / endpoint / indirect object),着点の「に」ではない。,It is not a point of origin.
particleForensics,pf_016,a,1,を,を (direct object marker),述語の連体修飾ではない。,It is not a compound modifier of the predicate.
particleForensics,pf_016,b,2,が,が (subject / exhaustive focus),中立叙述なら「が」もあるが、自己紹介で情報をまとめるなら「は」が定番。,"There is also a ""ga"" if it is a neutral epidemi, but if you want to summarize information in self-introduction, ""ga"" is explained."
particleForensics,pf_016,c,3,は,は (topic / contrast),自己紹介で属性を述べる話題の「は」。,"The topic of self-introduction属性ing attributes ""ha""."
particleForensics,pf_016,d,4,に,に (direction / endpoint / indirect object),着点の「に」ではない。,It is not a point of origin.
particleForensics,pf_017,a,1,を,を (direct object marker),存在の場所ではない。,Not a place of existence.
particleForensics,pf_017,b,2,が,が (subject / exhaustive focus),存在の主体。「鳥がいる」の主語。,"The main word of ""birds"""
particleForensics,pf_017,c,3,は,は (topic / contrast),場所を話題にする「は」ではない。,"It is not a ""ha"" to make the place a topic."
particleForensics,pf_017,d,4,で,で (means / venue / scope of action),動作の場所の「で」ではない。,"It is not ""in"" in the place of operation."
particleForensics,pf_018,a,1,を,を (direct object marker),場所ではない。,Not a place
particleForensics,pf_018,b,2,が,が (subject / exhaustive focus),存在する物の主語。「机がある」の主語。,"The subject of the . The main word of ""the desk"""
particleForensics,pf_018,c,3,は,は (topic / contrast),話題の「は」ではない。,This is not a topic.
particleForensics,pf_018,d,4,で,で (means / venue / scope of action),手段の「で」ではない。,"It is not ""in"" of means."
particleForensics,pf_019,a,1,を,を (direct object marker),経路の「を」ではない。,It is not a route.
particleForensics,pf_019,b,2,が,が (subject / exhaustive focus),施設を主語にする「が」もあるが、場所をまず決めるなら「に」が自然。,"There is also a ""ga"" that makes the facility the main word, but if you decide the place first, ""ga"" is natural."
particleForensics,pf_019,c,3,は,は (topic / contrast),存在の場所。「ある」の場所は「に」。,"Place of existence. The location of ""Are"" is"
particleForensics,pf_019,d,4,に,に (direction / endpoint / indirect object),話題の「は」だけではない。,"It is not only the topic of ""is""."
particleForensics,pf_020,a,1,を,を (direct object marker),目的語ではない。,Not a purpose.
particleForensics,pf_020,b,2,が,が (subject / exhaustive focus),主語ではない。,Not the subject.
particleForensics,pf_020,c,3,に,に (direction / endpoint / indirect object),到達点だけでなく「店内で買う」場のイメージなら「で」。,"If you are an image of ""buy in the store"" as well as the arrival point, ""in""."
particleForensics,pf_020,d,4,で,で (means / venue / scope of action),動作が行われた場所。「買い物するで」の場。,where the operation was performed. Shopping
particleForensics,pf_021,a,1,を,を (direct object marker),目的語ではない。,Not a purpose.
particleForensics,pf_021,b,2,が,が (subject / exhaustive focus),主語の「が」ではない。,It is not the main word.
particleForensics,pf_021,c,3,に,に (direction / endpoint / indirect object),目標の「に」ではない。,It is not a target.
particleForensics,pf_021,d,4,で,で (means / venue / scope of action),理由・原因。「病気で休む」が自然。,Reasons and Causes It is natural to rest with illness.
particleForensics,pf_022,a,1,を,を (direct object marker),目的語ではない。,Not a purpose.
particleForensics,pf_022,b,2,が,が (subject / exhaustive focus),主語ではない。,Not the subject.
particleForensics,pf_022,c,3,に,に (direction / endpoint / indirect object),時刻の点。「九時に」が定型。,"Time ""9"" is fixed."
particleForensics,pf_022,d,4,で,で (means / venue / scope of action),手段の「で」ではない。,"It is not ""in"" of means."
particleForensics,pf_023,a,1,を,を (direct object marker),目的語ではない。,Not a purpose.
particleForensics,pf_023,b,2,が,が (subject / exhaustive focus),「花がきれい」の主語は「が」だが、季節を取り上げる枠は「は」。,"The main word of ""Flower is beautiful"", but the barrier to taking the season is ""ha""."
particleForensics,pf_023,c,3,は,は (topic / contrast),季節を話題にする「は」。,Seasonal topics
particleForensics,pf_023,d,4,に,に (direction / endpoint / indirect object),時点の「に」ではない。,not at the time.
particleForensics,pf_024,a,1,を,を (direct object marker),他動詞の対象ではない。,Not subject to other s.
particleForensics,pf_024,b,2,が,が (subject / exhaustive focus),出来事の主語。「宿題が終わる」。,The subject of events. Homework ends.
particleForensics,pf_024,c,3,は,は (topic / contrast),話題の「は」も言えるが、この無題描写では「が」が自然。,"The topic of ""ha"" is also said, but in this untitled book, ""ha"" is natural."
particleForensics,pf_024,d,4,に,に (direction / endpoint / indirect object),着点の「に」ではない。,It is not a point of origin.
particleForensics,pf_025,a,1,を,を (direct object marker),目的語ではない。,Not a purpose.
particleForensics,pf_025,b,2,が,が (subject / exhaustive focus),属性の主語は「が」だが、人物を取り上げてから述べるなら「は」。,"The main word of the attribute is ""is"", but if you say after taking a person, ""is""."
particleForensics,pf_025,c,3,は,は (topic / contrast),人物を話題にして特性を述べる「は」。,"""H"" to describe characters in the topic of people."
particleForensics,pf_025,d,4,に,に (direction / endpoint / indirect object),着点の「に」ではない。,It is not a point of origin.
particleForensics,pf_026,a,1,を,を (direct object marker),目的語ではない。,Not a purpose.
particleForensics,pf_026,b,2,が,が (subject / exhaustive focus),能力の対象「サッカー」に「が」が付くが、文頭は弟を取り上げる「は」。,"The title of “が” is attached to the “Soccer” subject of abilities, but the beginning of the sentence is “to take up the brother”."
particleForensics,pf_026,c,3,は,は (topic / contrast),人物を話題にする「は」。,"""H"" is a topic of people."
particleForensics,pf_026,d,4,に,に (direction / endpoint / indirect object),着点の「に」ではない。,It is not a point of origin.
particleForensics,pf_027,a,1,を,を (direct object marker),目的語ではない。,Not a purpose.
particleForensics,pf_027,b,2,が,が (subject / exhaustive focus),商品を主語にする「が」もあるが、店を先に取り上げるなら「は」。,"There is also a ""ga"" to make the product the main word, but if you take the store ahead, ""ha""."
particleForensics,pf_027,c,3,は,は (topic / contrast),店を話題にして評価する「は」。,"""H"" to evaluate the shop as a topic."
particleForensics,pf_027,d,4,に,に (direction / endpoint / indirect object),着点の「に」ではない。,It is not a point of origin.
particleForensics,pf_028,a,1,を,を (direct object marker),疑問の焦点ではない。,Not the focus of question.
particleForensics,pf_028,b,2,が,が (subject / exhaustive focus),能力を持つ主語を問う「が」。「だれができるか」。,“Have a supreme subject” Who can do?
particleForensics,pf_028,c,3,は,は (topic / contrast),話題の「は」ではない。,This is not a topic.
particleForensics,pf_028,d,4,に,に (direction / endpoint / indirect object),着点の「に」ではない。,It is not a point of origin.
particleForensics,pf_029,a,1,を,を (direct object marker),目的語を問う「何を」もあるが、「何がしたい」で望みの対象を問う。,"There are ""w "" to ask the desired language, but ask for the desired subject by ""w。"""
particleForensics,pf_029,b,2,が,が (subject / exhaustive focus),希望の対象を示す「が」。「～がしたい」。,""" "" indicates the subject of hope. 「～」"
particleForensics,pf_029,c,3,は,は (topic / contrast),話題の「は」ではない。,This is not a topic.
particleForensics,pf_029,d,4,に,に (direction / endpoint / indirect object),着点の「に」ではない。,It is not a point of origin.
particleForensics,pf_030,a,1,を,を (direct object marker),他動詞の「飲む」なら「水を」だが、希望表現は対象に「が」。,"If you drink other詞s, you can use it."
particleForensics,pf_030,b,2,が,が (subject / exhaustive focus),希望の対象。「水が飲みたい」。,Request I want to drink water.
particleForensics,pf_030,c,3,は,は (topic / contrast),話題の「は」ではない。,This is not a topic.
particleForensics,pf_030,d,4,に,に (direction / endpoint / indirect object),着点の「に」ではない。,It is not a point of origin.
particleForensics,pf_031,a,1,を,を (direct object marker),目的語ではない。,Not a purpose.
particleForensics,pf_031,b,2,が,が (subject / exhaustive focus),属性の主語。「部屋が静か」。,"The subject of the attribute. ""The room is quiet."""
particleForensics,pf_031,c,3,は,は (topic / contrast),対比でなければ描写に「は」もあるが、状態描写は「が」が無難。,"If it is not comparable, there is ""ha"" in the alphabet, but ""ha"" is difficult if the state value is not."
particleForensics,pf_031,d,4,に,に (direction / endpoint / indirect object),着点の「に」ではない。,It is not a point of origin.
particleForensics,pf_032,a,1,を,を (direct object marker),目的語ではない。,Not a purpose.
particleForensics,pf_032,b,2,が,が (subject / exhaustive focus),出来事の主語。「先生が来た」。,"The subject of events. ""Teacher came."""
particleForensics,pf_032,c,3,は,は (topic / contrast),すでに話題なら「は」もあるが、ニュースの初出は「が」。,"If you are already a topic, there is a ""ha""."
particleForensics,pf_032,d,4,に,に (direction / endpoint / indirect object),着点の「に」ではない。,It is not a point of origin.
particleForensics,pf_033,a,1,を,を (direct object marker),目的語ではない。,Not a purpose.
particleForensics,pf_033,b,2,が,が (subject / exhaustive focus),変化の主体。「息子がなる」。,"Time zone of change. ""Son becomes."""
particleForensics,pf_033,c,3,は,は (topic / contrast),対比の「は」もあるが、結果報告は「が」で中立。,"The result report is neutral with """""
particleForensics,pf_033,d,4,に,に (direction / endpoint / indirect object),結果の「に」は「医者になる」自体には付かない。,The result is not attached to the doctor itself.
particleForensics,pf_034,a,1,を,を (direct object marker),移動が表面を横切る「を」。「木を登る」型。,"The movement crosses the surface. ""Climb the tree"""
particleForensics,pf_034,b,2,が,が (subject / exhaustive focus),主語の「が」ではない。,It is not the main word.
particleForensics,pf_034,c,3,に,に (direction / endpoint / indirect object),到達点の「に」だけではない。,It is not the only thing to reach.
particleForensics,pf_034,d,4,で,で (means / venue / scope of action),手段の「で」ではない。,"It is not ""in"" of means."
particleForensics,pf_035,a,1,を,を (direct object marker),経路・表面をまたぐ「を」。「橋を渡る」。,"""Through the route and the surface"". “Bridge”"
particleForensics,pf_035,b,2,が,が (subject / exhaustive focus),主語ではない。,Not the subject.
particleForensics,pf_035,c,3,に,に (direction / endpoint / indirect object),橋の上を「到達点」だけに見ない。,Don't see the bridge only.
particleForensics,pf_035,d,4,で,で (means / venue / scope of action),手段の「で」ではない。,"It is not ""in"" of means."
particleForensics,pf_036,a,1,を,を (direct object marker),曲がる地点をまたぐ「を」。「角を曲がる」。,"""Through the turning point"". ""Bending corners""."
particleForensics,pf_036,b,2,が,が (subject / exhaustive focus),主語ではない。,Not the subject.
particleForensics,pf_036,c,3,に,に (direction / endpoint / indirect object),角を目標にする「に」ではない。,"It is not ""to"" to target the corner."
particleForensics,pf_036,d,4,で,で (means / venue / scope of action),場所の「で」ではない。,"It is not ""in""."
particleForensics,pf_037,a,1,を,を (direct object marker),信号を目印に動作が止まる「を」。,The signal can be changed to the mark.
particleForensics,pf_037,b,2,が,が (subject / exhaustive focus),主語ではない。,Not the subject.
particleForensics,pf_037,c,3,に,に (direction / endpoint / indirect object),信号に「着く」わけではない。,"It is not ""wearing"" to the signal."
particleForensics,pf_037,d,4,で,で (means / venue / scope of action),手段の「で」ではない。,"It is not ""in"" of means."
particleForensics,pf_038,a,1,を,を (direct object marker),前を通過する「を」。「前を通る」。,"Go through the front. ""Through"""
particleForensics,pf_038,b,2,が,が (subject / exhaustive focus),主語ではない。,Not the subject.
particleForensics,pf_038,c,3,に,に (direction / endpoint / indirect object),到達点の「に」ではない。,"It is not the ""in"" of the arrival point."
particleForensics,pf_038,d,4,で,で (means / venue / scope of action),場所限定の「で」ではない。,"It is not a place limited ""in""."
particleForensics,pf_039,a,1,を,を (direct object marker),公園を散歩の経路としてまたぐなら「を」もあるが、場内を歩くなら「で」。,"There is also a route to walk around the park, but if you walk around the park, you will see it."
particleForensics,pf_039,b,2,が,が (subject / exhaustive focus),主語ではない。,Not the subject.
particleForensics,pf_039,c,3,に,に (direction / endpoint / indirect object),到達点の「に」ではない。,"It is not the ""in"" of the arrival point."
particleForensics,pf_039,d,4,で,で (means / venue / scope of action),動作の場所。「公園で散歩」。,Operation location. A walk in the park.
particleForensics,pf_040,a,1,を,を (direct object marker),目的語ではない。,Not a purpose.
particleForensics,pf_040,b,2,が,が (subject / exhaustive focus),主語ではない。,Not the subject.
particleForensics,pf_040,c,3,と,と (and / with / quotation),同行者。「家族と行く」。,者 “Go with family”
particleForensics,pf_040,d,4,で,で (means / venue / scope of action),手段の「で」ではない。,"It is not ""in"" of means."
particleForensics,pf_041,a,1,を,を (direct object marker),目的語ではない。,Not a purpose.
particleForensics,pf_041,b,2,が,が (subject / exhaustive focus),主語ではない。,Not the subject.
particleForensics,pf_041,c,3,と,と (and / with / quotation),同伴の「と」。,d by
particleForensics,pf_041,d,4,で,で (means / venue / scope of action),場所の「で」ではない。,"It is not ""in""."
particleForensics,pf_042,a,1,を,を (direct object marker),引用の範囲ではない。,Not a range of quotations.
particleForensics,pf_042,b,2,が,が (subject / exhaustive focus),主語ではない。,Not the subject.
particleForensics,pf_042,c,3,と,と (and / with / quotation),引用内容を示す「と」。,"""to"" to indicate the quote."
particleForensics,pf_042,d,4,で,で (means / venue / scope of action),手段の「で」ではない。,"It is not ""in"" of means."
particleForensics,pf_043,a,1,を,を (direct object marker),目的語ではない。,Not a purpose.
particleForensics,pf_043,b,2,が,が (subject / exhaustive focus),主語ではない。,Not the subject.
particleForensics,pf_043,c,3,と,と (and / with / quotation),発話内容の引用「と」。,"Quote of the contents of the talk ""to""."
particleForensics,pf_043,d,4,で,で (means / venue / scope of action),手段の「で」ではない。,"It is not ""in"" of means."
particleForensics,pf_044,a,1,を,を (direct object marker),目的語ではない。,Not a purpose.
particleForensics,pf_044,b,2,へ,へ (direction),移動の方向を柔らかく示す「へ」。,To mark the direction of movement soft.
particleForensics,pf_044,c,3,に,に (direction / endpoint / indirect object),到達点の「に」もあるが、願望の方向づけに「へ」がよく使われる。,"There is also a point of arrival, but ""to"" is often used in the direction of hope."
particleForensics,pf_044,d,4,で,で (means / venue / scope of action),手段の「で」ではない。,"It is not ""in"" of means."
particleForensics,pf_045,a,1,を,を (direct object marker),目的語ではない。,Not a purpose.
particleForensics,pf_045,b,2,へ,へ (direction),方向の「へ」もあるが、到達点として「会社に行く」が自然。,"There is also a direction ""to"" but ""go to the company"" is natural as the destination point."
particleForensics,pf_045,c,3,に,に (direction / endpoint / indirect object),到達点・行き先。「会社に行く」。,"Contact Us ""Go to the company"""
particleForensics,pf_045,d,4,で,で (means / venue / scope of action),手段の「で」は文末の「自転車で」。,By bicycle at the end of the sentence.
particleForensics,pf_046,a,1,を,を (direct object marker),目的語ではない。,Not a purpose.
particleForensics,pf_046,b,2,へ,へ (direction),向かう方向を示す「へ」。,To indicate the direction to head.
particleForensics,pf_046,c,3,に,に (direction / endpoint / indirect object),点の「に」より方向の「へ」が合う。,The direction of the point is better.
particleForensics,pf_046,d,4,で,で (means / venue / scope of action),手段の「で」ではない。,"It is not ""in"" of means."
particleForensics,pf_047,a,1,を,を (direct object marker),目的語ではない。,Not a purpose.
particleForensics,pf_047,b,2,へ,へ (direction),「大阪へ」もあるが、着く先・滞在先を点で示すなら「に」。,"There is also ""To Osaka"", but if you show the destination and destination, ""Nin""."
particleForensics,pf_047,c,3,に,に (direction / endpoint / indirect object),行き先・滞在先の点。「大阪に出張」。,"The destination and destination point. ""Travel to Osaka"""
particleForensics,pf_047,d,4,で,で (means / venue / scope of action),手段の「で」ではない。,"It is not ""in"" of means."
particleForensics,pf_048,a,1,を,を (direct object marker),経路の「を」ではない。,It is not a route.
particleForensics,pf_048,b,2,へ,へ (direction),「家へ」も自然だが到達点として「家に帰る」が極めて多い。,"“To home” is also natural, but there are very many “to home”."
particleForensics,pf_048,c,3,に,に (direction / endpoint / indirect object),帰る先の到達点。「家に帰る」。,The destination. Home
particleForensics,pf_048,d,4,で,で (means / venue / scope of action),手段の「で」ではない。,"It is not ""in"" of means."
particleForensics,pf_049,a,1,を,を (direct object marker),目的語ではない。,Not a purpose.
particleForensics,pf_049,b,2,が,が (subject / exhaustive focus),主語ではない。,Not the subject.
particleForensics,pf_049,c,3,から,から (from / since),開始時刻。「八時から」。,Start time. From 8am
particleForensics,pf_049,d,4,で,で (means / venue / scope of action),手段の「で」ではない。,"It is not ""in"" of means."
particleForensics,pf_050,a,1,を,を (direct object marker),目的語ではない。,Not a purpose.
particleForensics,pf_050,b,2,が,が (subject / exhaustive focus),主語ではない。,Not the subject.
particleForensics,pf_050,c,3,まで,まで (until),終了までの範囲「五時まで続く」。,"""Co e until 5pm"" until the end."
particleForensics,pf_050,d,4,で,で (means / venue / scope of action),動作の単純な場所の「で」ではない。,"It is not ""in"" in a simple place of operation."
particleForensics,pf_051,a,1,を,を (direct object marker),目的語ではない。,Not a purpose.
particleForensics,pf_051,b,2,が,が (subject / exhaustive focus),「駅が近い」もあるが、起点との距離なら「駅から」。,"There is also a ""station close"", but if it is a distance from the starting point, ""station""."
particleForensics,pf_051,c,3,から,から (from / since),距離・程度の起点「から」。,"Distance and point of view ""from""."
particleForensics,pf_051,d,4,で,で (means / venue / scope of action),手段の「で」ではない。,"It is not ""in"" of means."
particleForensics,pf_052,a,1,を,を (direct object marker),経路の「を」ではない。,It is not a route.
particleForensics,pf_052,b,2,から,から (from / since),起点。「空港から町まで」。,Home From Airport to Town
particleForensics,pf_052,c,3,に,に (direction / endpoint / indirect object),到達点だけの「に」ではない。,It is not the only point of arrival.
particleForensics,pf_052,d,4,で,で (means / venue / scope of action),手段の「で」ではない。,"It is not ""in"" of means."
particleForensics,pf_053,a,1,を,を (direct object marker),目的語ではない。,Not a purpose.
particleForensics,pf_053,b,2,が,が (subject / exhaustive focus),主語ではない。,Not the subject.
particleForensics,pf_053,c,3,から,から (from / since),時間の幅の始まり「から」。,"The beginning of the width of the time ""from""."
particleForensics,pf_053,d,4,で,で (means / venue / scope of action),手段の「で」ではない。,"It is not ""in"" of means."
particleForensics,pf_054,a,1,を,を (direct object marker),目的語ではない。,Not a purpose.
particleForensics,pf_054,b,2,が,が (subject / exhaustive focus),属性の主語「が」もあるが、品を取り上げるなら「は」。,"There is also the main word of the attribute, but if you take up the item, ""ha""."
particleForensics,pf_054,c,3,は,は (topic / contrast),品を話題にする「は」。,"""H"" is a topic of products."
particleForensics,pf_054,d,4,より,より (More),比較基準の「より」ではない。,"It is not ""more""."
particleForensics,pf_055,a,1,を,を (direct object marker),目的語ではない。,Not a purpose.
particleForensics,pf_055,b,2,が,が (subject / exhaustive focus),主語の「が」ではない。,It is not the main word.
particleForensics,pf_055,c,3,は,は (topic / contrast),比較の基準を取り上げる「は」。,"""H"" takes up the comparison criteria."
particleForensics,pf_055,d,4,で,で (means / venue / scope of action),手段の「で」ではない。,"It is not ""in"" of means."
particleForensics,pf_056,a,1,を,を (direct object marker),目的語ではない。,Not a purpose.
particleForensics,pf_056,b,2,が,が (subject / exhaustive focus),比較される側の主語に「が」もあるが、人物を立てるなら「は」。,"There is also a word """" in the subject of the compared side, but if you make a person, it is ""."
particleForensics,pf_056,c,3,は,は (topic / contrast),比較の一方を提示する「は」。,Show one of the comparisons.
particleForensics,pf_056,d,4,で,で (means / venue / scope of action),手段の「で」ではない。,"It is not ""in"" of means."
particleForensics,pf_057,a,1,を,を (direct object marker),目的語ではない。,Not a purpose.
particleForensics,pf_057,b,2,が,が (subject / exhaustive focus),主語の「が」ではない。,It is not the main word.
particleForensics,pf_057,c,3,は,は (topic / contrast),比較される側を話題にする「は」。,"Compared to the topic of ""ha""."
particleForensics,pf_057,d,4,で,で (means / venue / scope of action),手段の「で」ではない。,"It is not ""in"" of means."
particleForensics,pf_058,a,1,を,を (direct object marker),目的語ではない。,Not a purpose.
particleForensics,pf_058,b,2,が,が (subject / exhaustive focus),主語ではない。,Not the subject.
particleForensics,pf_058,c,3,は,は (topic / contrast),比較の一方を話題にする「は」。「昨日は今日ほど～ない」。,"The comparison of one of the topic is ""ha"". ""I don't know about yesterday."""
particleForensics,pf_058,d,4,に,に (direction / endpoint / indirect object),着点の「に」ではない。,It is not a point of origin.
particleForensics,pf_059,a,1,を,を (direct object marker),目的語ではない。,Not a purpose.
particleForensics,pf_059,b,2,が,が (subject / exhaustive focus),主語ではない。,Not the subject.
particleForensics,pf_059,c,3,は,は (topic / contrast),時間帯を話題にし、あとで「も」を付けて追加「朝は晩も」。,"In the morning, the evening is too late."
particleForensics,pf_059,d,4,で,で (means / venue / scope of action),手段の「で」ではない。,"It is not ""in"" of means."
particleForensics,pf_060,a,1,を,を (direct object marker),否定の対象を範囲づけ「水を飲まない」もあるが、全面否定なら「も」。,"There is a range of negligence targets, ""Do not drink water"", but if it is completely neglected, ""Mo""."
particleForensics,pf_060,b,2,が,が (subject / exhaustive focus),主語の「が」ではない。,It is not the main word.
particleForensics,pf_060,c,3,は,は (topic / contrast),全面否定「水も飲まない」。,No water.
particleForensics,pf_060,d,4,に,に (direction / endpoint / indirect object),着点の「に」ではない。,It is not a point of origin.
particleForensics,pf_061,a,1,を,を (direct object marker),目的語ではない。,Not a purpose.
particleForensics,pf_061,b,2,が,が (subject / exhaustive focus),主語ではない。,Not the subject.
particleForensics,pf_061,c,3,は,は (topic / contrast),限定。「休みだけ」。,"Close ""Closed"""
particleForensics,pf_061,d,4,だけ,だけ (Only),話題の「は」もあるが、限定副詞的に「だけ」が核。,"There is also a topic of ""ha"" but limited adverb ""only"" is the core."
particleForensics,pf_062,a,1,を,を (direct object marker),目的語ではない。,Not a purpose.
particleForensics,pf_062,b,2,が,が (subject / exhaustive focus),主語ではない。,Not the subject.
particleForensics,pf_062,c,3,は,は (topic / contrast),話題の「は」ではない。,This is not a topic.
particleForensics,pf_062,d,4,で,で (means / venue / scope of action),値段で買える「百円で」。,You can buy it at a price of 100 yen.
particleForensics,pf_063,a,1,を,を (direct object marker),対象の「を」ではなく否定と「しか」のセットが前提。,"It is assumed that there is a set of negative and ""only"" rather than the target ""."
particleForensics,pf_063,b,2,が,が (subject / exhaustive focus),主語ではない。,Not the subject.
particleForensics,pf_063,c,3,は,は (topic / contrast),話題の「は」ではない。,This is not a topic.
particleForensics,pf_063,d,4,しか,しか (Home),部分否定の「しか～ない」型のマーカー。,Partially negative markers.
particleForensics,pf_064,a,1,を,を (direct object marker),目的語ではない。,Not a purpose.
particleForensics,pf_064,b,2,が,が (subject / exhaustive focus),主語ではない。,Not the subject.
particleForensics,pf_064,c,3,は,は (topic / contrast),話題の「は」ではない。,This is not a topic.
particleForensics,pf_064,d,4,の,の (possessor / noun modifier),固有名を修飾する「の」。「大阪の駅」。,"""no"" to qualify firmly famous. Osaka Station"
particleForensics,pf_065,a,1,を,を (direct object marker),目的語ではない。,Not a purpose.
particleForensics,pf_065,b,2,が,が (subject / exhaustive focus),主語ではない。,Not the subject.
particleForensics,pf_065,c,3,は,は (topic / contrast),話題の「は」ではない。,This is not a topic.
particleForensics,pf_065,d,4,の,の (possessor / noun modifier),固有名の修飾「東京の大学」。,Tokyo University
particleForensics,pf_066,a,1,を,を (direct object marker),目的語ではない。,Not a purpose.
particleForensics,pf_066,b,2,が,が (subject / exhaustive focus),来た主語は「が」だが、同格の友だちを示すのは「の」。,"The main word came is “が”, but the same friend is “no”."
particleForensics,pf_066,c,3,は,は (topic / contrast),話題の「は」ではない。,This is not a topic.
particleForensics,pf_066,d,4,の,の (possessor / noun modifier),同格・説明の「友だちの田中さん」。,"""Mr. Tanaka of friend"" of the same character and explanation."
particleForensics,pf_067,a,1,を,を (direct object marker),目的語ではない。,Not a purpose.
particleForensics,pf_067,b,2,が,が (subject / exhaustive focus),主語の「が」ではない。,It is not the main word.
particleForensics,pf_067,c,3,は,は (topic / contrast),「母はケーキは」に重なりづらい。,It’s hard to overlap the cake.
particleForensics,pf_067,d,4,の,の (possessor / noun modifier),所有・属性の「母のケーキ」。,Mother Cake
particleForensics,pf_068,a,1,を,を (direct object marker),経路全体の「を」ではない。,Not the whole route.
particleForensics,pf_068,b,2,が,が (subject / exhaustive focus),主語ではない。,Not the subject.
particleForensics,pf_068,c,3,に,に (direction / endpoint / indirect object),乗り物を目標にしない。,Do not target vehicles.
particleForensics,pf_068,d,4,で,で (means / venue / scope of action),手段「電車で」。,By train
particleForensics,pf_069,a,1,を,を (direct object marker),食べる対象ではない。,Not applicable to eating.
particleForensics,pf_069,b,2,が,が (subject / exhaustive focus),主語ではない。,Not the subject.
particleForensics,pf_069,c,3,に,に (direction / endpoint / indirect object),到達点の「に」ではない。,"It is not the ""in"" of the arrival point."
particleForensics,pf_069,d,4,で,で (means / venue / scope of action),道具手段「箸で」。,"Tool ""with sticks""."
particleForensics,pf_070,a,1,を,を (direct object marker),目的語ではない。,Not a purpose.
particleForensics,pf_070,b,2,が,が (subject / exhaustive focus),主語ではない。,Not the subject.
particleForensics,pf_070,c,3,に,に (direction / endpoint / indirect object),必要物を付ける「に」。,ments
particleForensics,pf_070,d,4,で,で (means / venue / scope of action),手段の「で」ではない。,"It is not ""in"" of means."
particleForensics,pf_071,a,1,を,を (direct object marker),書く内容の「を」ではない。,It is not the content of the game.
particleForensics,pf_071,b,2,が,が (subject / exhaustive focus),主語ではない。,Not the subject.
particleForensics,pf_071,c,3,に,に (direction / endpoint / indirect object),書き付ける表面「黒板に」。,"""To the blackboard"""
particleForensics,pf_071,d,4,で,で (means / venue / scope of action),手段の「で」ではない。,"It is not ""in"" of means."
particleForensics,pf_072,a,1,を,を (direct object marker),目的語ではない。,Not a purpose.
particleForensics,pf_072,b,2,が,が (subject / exhaustive focus),主語ではない。,Not the subject.
particleForensics,pf_072,c,3,に,に (direction / endpoint / indirect object),目標の「に」ではない。,It is not a target.
particleForensics,pf_072,d,4,で,で (means / venue / scope of action),様態・理由がちの「急いで」。,"""Hurrying"" is often the reason."
particleForensics,pf_073,a,1,を,を (direct object marker),目的語ではない。,Not a purpose.
particleForensics,pf_073,b,2,が,が (subject / exhaustive focus),試験がある主語は「が」だが、日取りを先に置くなら「に」。,"There is a test subject, but if you want to take a day trip, you will be able to"
particleForensics,pf_073,c,3,に,に (direction / endpoint / indirect object),日付の点「明日に」。,"Date point ""To tomorrow""."
particleForensics,pf_073,d,4,で,で (means / venue / scope of action),手段の「で」ではない。,"It is not ""in"" of means."
particleForensics,pf_074,a,1,を,を (direct object marker),「問題をわかる」ではなく焦点を「問題」に。,Focus on the problem rather than “understand the problem”.
particleForensics,pf_074,b,2,が,が (subject / exhaustive focus),理解の対象に見える「が」。「問題がわからない」。,"It seems to be the subject of understanding. ""I don't know the problem."""
particleForensics,pf_074,c,3,は,は (topic / contrast),話題の「は」もあるが、無題の困りごとは「が」。,"There is also a topic of ""ha"", but the problem is ""ha""."
particleForensics,pf_074,d,4,に,に (direction / endpoint / indirect object),着点の「に」ではない。,It is not a point of origin.
particleForensics,pf_075,a,1,を,を (direct object marker),目的語ではない。,Not a purpose.
particleForensics,pf_075,b,2,が,が (subject / exhaustive focus),不足するものの主語。「お金が足りない」。,The main word of what is missing. “I don’t have enough money.”
particleForensics,pf_075,c,3,は,は (topic / contrast),話題の「は」ではない。,This is not a topic.
particleForensics,pf_075,d,4,に,に (direction / endpoint / indirect object),着点の「に」ではない。,It is not a point of origin.
particleForensics,pf_076,a,1,を,を (direct object marker),目的語ではない。,Not a purpose.
particleForensics,pf_076,b,2,が,が (subject / exhaustive focus),「駅が近い」もあるが、話題に駅を立てるなら「は」。,"There is also ""station close"", but if you stand up the station on the topic ""ha""."
particleForensics,pf_076,c,3,は,は (topic / contrast),基準を話題にする「は」。,"""H"" is a topic of standards."
particleForensics,pf_076,d,4,に,に (direction / endpoint / indirect object),存在場所の「に」ではない。,It is not a place of existence.
particleForensics,pf_077,a,1,を,を (direct object marker),目的語ではない。,Not a purpose.
particleForensics,pf_077,b,2,が,が (subject / exhaustive focus),主語の「が」ではない。,It is not the main word.
particleForensics,pf_077,c,3,は,は (topic / contrast),話題対比「コーヒーは」。主語の私は「は」。,"""  is"" I'm the subject."
particleForensics,pf_077,d,4,に,に (direction / endpoint / indirect object),着点の「に」ではない。,It is not a point of origin.
particleForensics,pf_078,a,1,を,を (direct object marker),目的語ではない。,Not a purpose.
particleForensics,pf_078,b,2,が,が (subject / exhaustive focus),主語の「が」ではない。,It is not the main word.
particleForensics,pf_078,c,3,は,は (topic / contrast),比較の一方を話題にする「は」。,"The comparison of one of the topic is ""ha""."
particleForensics,pf_078,d,4,で,で (means / venue / scope of action),手段の「で」ではない。,"It is not ""in"" of means."
particleForensics,pf_079,a,1,を,を (direct object marker),目的語ではない。,Not a purpose.
particleForensics,pf_079,b,2,が,が (subject / exhaustive focus),主語ではない。,Not the subject.
particleForensics,pf_079,c,3,は,は (topic / contrast),話題の「は」ではない。,This is not a topic.
particleForensics,pf_079,d,4,で,で (means / venue / scope of action),動作の場所「ここで」。,"Location of operation ""here""."
particleForensics,pf_080,a,1,を,を (direct object marker),目的語ではない。,Not a purpose.
particleForensics,pf_080,b,2,が,が (subject / exhaustive focus),同一視の主語「が」もあるが、指し示しの話題なら「は」。,"There is also the subject of the same vision, but if it is a topic of pointing, ""ha""."
particleForensics,pf_080,c,3,は,は (topic / contrast),指し示した対象を話題にする「は」。,"""H"" is a topic that points to the subject."
particleForensics,pf_080,d,4,に,に (direction / endpoint / indirect object),着点の「に」ではない。,It is not a point of origin.
particleForensics,pf_081,a,1,を,を (direct object marker),目的語ではない。,Not a purpose.
particleForensics,pf_081,b,2,が,が (subject / exhaustive focus),主語ではない。,Not the subject.
particleForensics,pf_081,c,3,は,は (topic / contrast),時間の枠を話題にする「は」。,"""H"" is the topic of the time frame."
particleForensics,pf_081,d,4,に,に (direction / endpoint / indirect object),点の「に」ではない。,"It is not a point of ""in""."
particleForensics,pf_082,a,1,を,を (direct object marker),目的語ではない。,Not a purpose.
particleForensics,pf_082,b,2,が,が (subject / exhaustive focus),歌の属性は「が」だが、人物を立てるなら「は」。,"The attribute of the song is ""ha"", but if you make a person, ""ha""."
particleForensics,pf_082,c,3,は,は (topic / contrast),人物を話題にする「は」。,"""H"" is a topic of people."
particleForensics,pf_082,d,4,に,に (direction / endpoint / indirect object),着点の「に」ではない。,It is not a point of origin.
particleForensics,pf_083,a,1,を,を (direct object marker),他動詞の目的語ではない。,Not the purpose of other s.
particleForensics,pf_083,b,2,が,が (subject / exhaustive focus),出来事の主語。「電車が遅れる」。,The subject of events. The train is delayed.
particleForensics,pf_083,c,3,は,は (topic / contrast),話題の「は」ではない。,This is not a topic.
particleForensics,pf_083,d,4,に,に (direction / endpoint / indirect object),到着点の「に」ではない。,It is not the arrival point.
particleForensics,pf_084,a,1,を,を (direct object marker),移動の経路の「を」ではない。,"It is not a ""move"" of the route."
particleForensics,pf_084,b,2,が,が (subject / exhaustive focus),主語ではない。,Not the subject.
particleForensics,pf_084,c,3,に,に (direction / endpoint / indirect object),到達点の「に」ではない。,"It is not the ""in"" of the arrival point."
particleForensics,pf_084,d,4,で,で (means / venue / scope of action),活動の場所「海で」。,"Place of activity ""in the sea""."
particleForensics,pf_085,a,1,を,を (direct object marker),店を待つ対象に「を」は付けない。,Don’t add “to” to the store.
particleForensics,pf_085,b,2,が,が (subject / exhaustive focus),主語ではない。,Not the subject.
particleForensics,pf_085,c,3,に,に (direction / endpoint / indirect object),店を目標にする「に」もあるが、店内で待つなら「で」。,"There is also ""Nin"" that targets the store, but if you wait in the store, it is ""in""."
particleForensics,pf_085,d,4,で,で (means / venue / scope of action),待合の舞台「喫茶店で」。,"A waiting stage ""at a cafe""."
particleForensics,pf_086,a,1,を,を (direct object marker),目的語ではない。,Not a purpose.
particleForensics,pf_086,b,2,が,が (subject / exhaustive focus),主語ではない。,Not the subject.
particleForensics,pf_086,c,3,は,は (topic / contrast),時間枠を話題に「週末は」。,"""Weekends"""
particleForensics,pf_086,d,4,に,に (direction / endpoint / indirect object),点の「に」ではない。,"It is not a point of ""in""."
particleForensics,pf_087,a,1,を,を (direct object marker),目的語ではない。,Not a purpose.
particleForensics,pf_087,b,2,が,が (subject / exhaustive focus),主語の「が」ではない。,It is not the main word.
particleForensics,pf_087,c,3,は,は (topic / contrast),店を取り上げてから評価「店はすしが」。,"After picking up the store, it was evaluated."
particleForensics,pf_087,d,4,に,に (direction / endpoint / indirect object),着点の「に」ではない。,It is not a point of origin.
particleForensics,pf_088,a,1,を,を (direct object marker),座る表面をまたぐ「を」も「ベンチに座る」型が基本。,"The type ""Sit on the "" is also the basis of the ""Sit on the座"" that crosses the surface to sit."
particleForensics,pf_088,b,2,が,が (subject / exhaustive focus),主語ではない。,Not the subject.
particleForensics,pf_088,c,3,に,に (direction / endpoint / indirect object),着座の点「ベンチに座る」。,"Seating point ""Sit on the ""."
particleForensics,pf_088,d,4,で,で (means / venue / scope of action),手段の「で」ではない。,"It is not ""in"" of means."
particleForensics,pf_089,a,1,を,を (direct object marker),書く内容の「を」ではない。,It is not the content of the game.
particleForensics,pf_089,b,2,が,が (subject / exhaustive focus),主語ではない。,Not the subject.
particleForensics,pf_089,c,3,に,に (direction / endpoint / indirect object),書き付ける表面「封筒に」。,"""To Envel """
particleForensics,pf_089,d,4,で,で (means / venue / scope of action),手段の「で」ではない。,"It is not ""in"" of means."
particleForensics,pf_090,a,1,を,を (direct object marker),目的語ではない。,Not a purpose.
particleForensics,pf_090,b,2,が,が (subject / exhaustive focus),信号の状態の主語「信号が青」。,"The main word ""signal is blue""."
particleForensics,pf_090,c,3,に,に (direction / endpoint / indirect object),着点の「に」ではない。,It is not a point of origin.
particleForensics,pf_090,d,4,で,で (means / venue / scope of action),原因の「で」ではない。,"The cause is not ""in""."
particleForensics,pf_091,a,1,を,を (direct object marker),目的語ではない。,Not a purpose.
particleForensics,pf_091,b,2,が,が (subject / exhaustive focus),主語ではない。,Not the subject.
particleForensics,pf_091,c,3,と,と (and / with / quotation),発話内容の引用「と」。,"Quote of the contents of the talk ""to""."
particleForensics,pf_091,d,4,で,で (means / venue / scope of action),手段の「で」ではない。,"It is not ""in"" of means."
particleForensics,pf_092,a,1,を,を (direct object marker),建物を離れる移動の「家を出る」。,"""Exit home"" of moving away from the building."
particleForensics,pf_092,b,2,が,が (subject / exhaustive focus),主語ではない。,Not the subject.
particleForensics,pf_092,c,3,に,に (direction / endpoint / indirect object),到着点の「に」ではない。,It is not the arrival point.
particleForensics,pf_092,d,4,で,で (means / venue / scope of action),手段の「で」ではない。,"It is not ""in"" of means."
particleForensics,pf_093,a,1,を,を (direct object marker),目的語ではない。,Not a purpose.
particleForensics,pf_093,b,2,が,が (subject / exhaustive focus),主語の「が」ではない。,It is not the main word.
particleForensics,pf_093,c,3,は,は (topic / contrast),自己同一・話題の提示「こちらは」。,"""This is"" to present self-identification and topic."
particleForensics,pf_093,d,4,に,に (direction / endpoint / indirect object),着点の「に」ではない。,It is not a point of origin.
particleForensics,pf_094,a,1,を,を (direct object marker),経路の「を」ではない。,It is not a route.
particleForensics,pf_094,b,2,が,が (subject / exhaustive focus),主語ではない。,Not the subject.
particleForensics,pf_094,c,3,から,から (from / since),区間の起点「空港から」。,From the airport
particleForensics,pf_094,d,4,で,で (means / venue / scope of action),手段の「で」ではない。,"It is not ""in"" of means."
particleForensics,pf_095,a,1,を,を (direct object marker),目的語ではない。,Not a purpose.
particleForensics,pf_095,b,2,が,が (subject / exhaustive focus),主語ではない。,Not the subject.
particleForensics,pf_095,c,3,は,は (topic / contrast),時間帯を話題に「夕方は」。,"In the evening, it is a hot topic."
particleForensics,pf_095,d,4,に,に (direction / endpoint / indirect object),点の「に」ではない。,"It is not a point of ""in""."
particleForensics,pf_096,a,1,を,を (direct object marker),目的語ではない。,Not a purpose.
particleForensics,pf_096,b,2,が,が (subject / exhaustive focus),「試験が終わる」の主語。「試験が終わってから」。,"The main word of ""test ends"". ""After the test has finished."""
particleForensics,pf_096,c,3,は,は (topic / contrast),話題の「は」ではない。,This is not a topic.
particleForensics,pf_096,d,4,で,で (means / venue / scope of action),手段の「で」ではない。,"It is not ""in"" of means."
particleForensics,pf_097,a,1,を,を (direct object marker),館全体を経路の「を」ではない。,The whole building is not a route.
particleForensics,pf_097,b,2,が,が (subject / exhaustive focus),主語ではない。,Not the subject.
particleForensics,pf_097,c,3,に,に (direction / endpoint / indirect object),単なる到達点だけなら「に」もあるが、館内で鑑賞するなら「で」。,"There is also a ""Nin"" if it is just a reach point, but if you watch it in the facility, it is ""in""."
particleForensics,pf_097,d,4,で,で (means / venue / scope of action),鑑賞という動作の場「映画館で」。,In the movie theater.
particleForensics,pf_098,a,1,を,を (direct object marker),目的語ではない。,Not a purpose.
particleForensics,pf_098,b,2,が,が (subject / exhaustive focus),主語の「が」ではない。,It is not the main word.
particleForensics,pf_098,c,3,は,は (topic / contrast),人物を話題にして状況を述べる「は」。,"""He"" is to talk about people."
particleForensics,pf_098,d,4,に,に (direction / endpoint / indirect object),着点の「に」ではない。,It is not a point of origin.
particleForensics,pf_099,a,1,を,を (direct object marker),目的語ではない。,Not a purpose.
particleForensics,pf_099,b,2,が,が (subject / exhaustive focus),主語の「が」ではない。,It is not the main word.
particleForensics,pf_099,c,3,は,は (topic / contrast),町を取り上げ、過去と対比「町は昔は」。,“The town is old”
particleForensics,pf_099,d,4,に,に (direction / endpoint / indirect object),点の「に」ではない。,"It is not a point of ""in""."
particleForensics,pf_100,a,1,を,を (direct object marker),目的語ではない。,Not a purpose.
particleForensics,pf_100,b,2,が,が (subject / exhaustive focus),主語の「が」ではない。,It is not the main word.
particleForensics,pf_100,c,3,は,は (topic / contrast),停留所を話題にして位置関係を述べる「は」。,"""H"" to describe the location of the bus stop."
particleForensics,pf_100,d,4,に,に (direction / endpoint / indirect object),存在場所の「に」だけではこの説明に合わない。,"It is not suitable for this explanation only by ""in"" of the place of existence."
registerRadar,rr_001,a,1,よろしく,よろしく (),too casual,too casual
registerRadar,rr_001,b,2,よろしくお願いいたします,よろしくお願いいたします (Thank you),best fit,best fit
registerRadar,rr_001,c,3,よろピー,よろピー (),too casual,too casual
registerRadar,rr_002,a,1,週末はご旅行なさいましたか,週末はご旅行なさいましたか (Have you traveled on weekends?),too stiff,too stiff
registerRadar,rr_002,b,2,週末、どこ行ったの？,週末、どこ行ったの？ (Where did you go?),best fit,best fit
registerRadar,rr_002,c,3,週末、いかがでございましたか,週末、いかがでございましたか (How about the weekend?),too stiff,too stiff
registerRadar,rr_003,a,1,これ、いくら？,これ、いくら？ (How much?),too casual,too casual
registerRadar,rr_003,b,2,こちらはいくらでしょうか,こちらはいくらでしょうか (How much is this?),best fit,best fit
registerRadar,rr_003,c,3,これ、幾らだ,これ、幾らだ (ら),too rude,too rude
registerRadar,rr_004,a,1,読んでください,読んでください (Read),best fit,best fit
registerRadar,rr_004,b,2,読んでくれ,読んでくれ (Read),too rude,too rude
registerRadar,rr_004,c,3,読んでいただけませんでしょうか,読んでいただけませんでしょうか (Can I read?),too stiff,too stiff
registerRadar,rr_005,a,1,事件が起きちゃった,事件が起きちゃった (The incident occurred),too casual,too casual
registerRadar,rr_005,b,2,事件が発生した,事件が発生した (The incident occurred),best fit,best fit
registerRadar,rr_005,c,3,事件、ヤバいって,事件、ヤバいって (Case),too casual,too casual
registerRadar,rr_006,a,1,遅れてすみません,遅れてすみません (No delay),best fit,best fit
registerRadar,rr_006,b,2,遅れたわ,遅れたわ (late),too casual,too casual
registerRadar,rr_006,c,3,お待たせいたしました,お待たせいたしました (Thank you for your understanding.),unnatural,unnatural
registerRadar,rr_007,a,1,もう終わったよ,もう終わったよ (It's over),too casual,too casual
registerRadar,rr_007,b,2,やっと終わった,やっと終わった (Finally finished),too casual,too casual
registerRadar,rr_007,c,3,終わらせていただきました,終わらせていただきました (Thank you for your understanding.),best fit,best fit
registerRadar,rr_008,a,1,テレビ、うるせえから下げろ,"テレビ、うるせえから下げろ (TV, hustle down)",too rude,too rude
registerRadar,rr_008,b,2,テレビ、少し小さくしていただけませんか,テレビ、少し小さくしていただけませんか (Is it possible to make the TV a little smaller?),best fit,best fit
registerRadar,rr_008,c,3,テレビ、小さくしてくれん？,テレビ、小さくしてくれん？ (Do you have a TV?),too casual,too casual
registerRadar,rr_009,a,1,資料、後で送っていただけますでしょうか,資料、後で送っていただけますでしょうか (Can you send materials later?),too stiff,too stiff
registerRadar,rr_009,b,2,資料、あとで送ってくれる？,資料、あとで送ってくれる？ (How can I send materials?),best fit,best fit
registerRadar,rr_009,c,3,資料をお送り願い申し上げます,資料をお送り願い申し上げます (Thank you for your understanding.),too stiff,too stiff
registerRadar,rr_010,a,1,もしもし、どうも,もしもし、どうも (If),too casual,too casual
registerRadar,rr_010,b,2,お電話ありがとうございます、△△でございます,お電話ありがとうございます、△△でございます (Thank you for calling us.),best fit,best fit
registerRadar,rr_010,c,3,はい、誰ですか,はい、誰ですか (Who is),too rude,too rude
registerRadar,rr_011,a,1,走んなよマジで,走んなよマジで (),too casual,too casual
registerRadar,rr_011,b,2,ホームでは走らないでください,ホームでは走らないでください (Do not run at home),best fit,best fit
registerRadar,rr_011,c,3,走っちゃダメだよ,走っちゃダメだよ (I'm running),too casual,too casual
registerRadar,rr_012,a,1,本日の議題は以上でございました,"本日の議題は以上でございました (Sorry, this entry is only available in 日本語.)",too stiff,too stiff
registerRadar,rr_012,b,2,まあ、そんな感じっすね,"まあ、そんな感じっすね (Well, I feel that)",best fit,best fit
registerRadar,rr_012,c,3,拙者、もう帰るでござる,拙者、もう帰るでござる (I'll go back),unnatural,unnatural
registerRadar,rr_013,a,1,ちょっと腹痛いっす,ちょっと腹痛いっす (A bit painful),too casual,too casual
registerRadar,rr_013,b,2,お腹が痛いです,お腹が痛いです (Painful stomach),best fit,best fit
registerRadar,rr_013,c,3,腹痛か,腹痛か (pain),too blunt,too blunt
registerRadar,rr_014,a,1,撮るなよマジで,撮るなよマジで (),too rude,too rude
registerRadar,rr_014,b,2,撮影はご遠慮ください,撮影はご遠慮ください (Please do not take photos.),best fit,best fit
registerRadar,rr_014,c,3,写真ダメだってば,写真ダメだってば (写真),too casual,too casual
registerRadar,rr_015,a,1,すみません,すみません (Not Included),best fit,best fit
registerRadar,rr_015,b,2,おおきに,おおきに (Close),unnatural,unnatural
registerRadar,rr_015,c,3,やめてください,やめてください (Please stop),unnatural,unnatural
registerRadar,rr_016,a,1,これ見て。,これ見て。 (See this.),too casual,too casual
registerRadar,rr_016,b,2,こちらをご確認いただけますでしょうか。,こちらをご確認いただけますでしょうか。 (Please check here.),best fit,best fit
registerRadar,rr_016,c,3,これ見ろ。,これ見ろ。 (Look at it.),too rude,too rude
registerRadar,rr_017,a,1,その日は予定があって無理。ごめん。また誘って。,"その日は予定があって無理。ごめん。また誘って。 (Sorry, this entry is only available in 日本語. Home Also invite)",best fit,best fit
registerRadar,rr_017,b,2,参加は謹んでお辞びいたします。,"参加は謹んでお辞びいたします。 (Sorry, this entry is only available in Japanese.)",too stiff,too stiff
registerRadar,rr_017,c,3,行かねえ。,行かねえ。 (Contact Us),too blunt,too blunt
registerRadar,rr_018,a,1,昨日のメール、ミスってました。すんません。,昨日のメール、ミスってました。すんません。 (Thank you for your understanding. Comment),too casual,too casual
registerRadar,rr_018,b,2,送付いたしました資料に誤りがございました。深くお詫び申し上げます。,送付いたしました資料に誤りがございました。深くお詫び申し上げます。 (There was an error in the material sent. We apologize for any inconvenience.),best fit,best fit
registerRadar,rr_018,c,3,弊社に落ち度あり。重ねてお詫び申し上げまする。,弊社に落ち度あり。重ねてお詫び申し上げまする。 (Our company is calm. We apologize for the inconvenience.),too stiff,too stiff
registerRadar,rr_019,a,1,それ持ってこい。,それ持ってこい。 (I have it.),too rude,too rude
registerRadar,rr_019,b,2,こちらを試着室にお願いできますか。,こちらを試着室にお願いできますか。 (Can I ask for a workshop?),best fit,best fit
registerRadar,rr_019,c,3,ついでにお願い,ついでにお願い (Contact Us),too casual,too casual
registerRadar,rr_020,a,1,すみません、ちょっと詰めてもらえますか。,すみません、ちょっと詰めてもらえますか。 (Is it possible to pack it?),best fit,best fit
registerRadar,rr_020,b,2,恐れ入ります、少々お詰めいただけますでしょうか。,恐れ入ります、少々お詰めいただけますでしょうか。 (Is it possible to pack it a little?),too stiff,too stiff
registerRadar,rr_020,c,3,どけ。,どけ。 (Home),too rude,too rude
registerRadar,rr_021,a,1,締切、今日の17時ですよね。お忘れなく。,締切、今日の17時ですよね。お忘れなく。 (The deadline is 17:00 today. Don't forget.),too blunt,too blunt
registerRadar,rr_021,b,2,もしお時間よろしければ、本日17時が締切でございますので共有のみです。,"もしお時間よろしければ、本日17時が締切でございますので共有のみです。 (If you want to spend time, we will close at 17:00 today.)",best fit,best fit
registerRadar,rr_021,c,3,締切が迫っておりますので何卒ご高配のほどお願い申し上げます。,締切が迫っておりますので何卒ご高配のほどお願い申し上げます。 (Thank you for your understanding.),too indirect,too indirect
registerRadar,rr_022,a,1,3ページ目、会社名が一文字違うよ。直せる？,3ページ目、会社名が一文字違うよ。直せる？ (The third page and company name are different. Can I fix it?),best fit,best fit
registerRadar,rr_022,b,2,御社の表記が誤っておりました。至急修正を。,御社の表記が誤っておりました。至急修正を。 (Your company has been incorrect. Quick fixes.),too stiff,too stiff
registerRadar,rr_022,c,3,ちゃんと見ろよ。,ちゃんと見ろよ。 (I see it.),too rude,too rude
registerRadar,rr_023,a,1,用件をお伺いしてもよろしいでしょうか。,用件をお伺いしてもよろしいでしょうか。 (Do you have any questions?),best fit,best fit
registerRadar,rr_023,b,2,何の用。,何の用。 (。),too blunt,too blunt
registerRadar,rr_023,c,3,どちらさまいらっしゃいますか、御用でございますか。,どちらさまいらっしゃいますか、御用でございますか。 (What kind of dishes are available?),too stiff,too stiff
registerRadar,rr_024,a,1,ちょっと小さくしてくれる？,ちょっと小さくしてくれる？ (Is it small?),best fit,best fit
registerRadar,rr_024,b,2,お父様、音量をお下げいただけますでしょうか。,お父様、音量をお下げいただけますでしょうか。 (Can you lower your volume?),too stiff,too stiff
registerRadar,rr_024,c,3,うるせえ、黙れ。,うるせえ、黙れ。 (Moisturizing and Silent),too rude,too rude
registerRadar,rr_025,a,1,はい、どうぞ。,はい、どうぞ。 (Yes.),best fit,best fit
registerRadar,rr_025,b,2,ご査収くださいませ。,ご査収くださいませ。 (Contact Us),too stiff,too stiff
registerRadar,rr_025,c,3,ほれ。,ほれ。 (Home),too rude,too rude
registerRadar,rr_026,a,1,ご飯、おかわりください。,ご飯、おかわりください。 (Thank you for your understanding.),best fit,best fit
registerRadar,rr_026,b,2,飯、もっと。,"飯、もっと。 (Rice, More)",too casual,too casual
registerRadar,rr_026,c,3,おひつをお持ちいただきたく存じます。,おひつをお持ちいただきたく存じます。 (Thank you for your understanding.),too stiff,too stiff
registerRadar,rr_027,a,1,それでは発表に移らせていただきます。,"それでは発表に移らせていただきます。 (Then, we will move to the presentation.)",best fit,best fit
registerRadar,rr_027,b,2,じゃ、やるわ。,じゃ、やるわ。 (),too casual,too casual
registerRadar,rr_027,c,3,発表を開始いたします。ご静聴賜りますようお願い申し上げます。,発表を開始いたします。ご静聴賜りますようお願い申し上げます。 (Announcement Thank you for your understanding.),too stiff,too stiff
registerRadar,rr_028,a,1,とりあえず次回までに各自ドラフトを送る。,とりあえず次回までに各自ドラフトを送る。 (Send your drafts to the next time.),best fit,best fit
registerRadar,rr_028,b,2,各位、至急草案を提出されたし。,各位、至急草案を提出されたし。 (Submitted to the top and fastest drafts.),too stiff,too stiff
registerRadar,rr_028,c,3,みんな適当にね。,みんな適当にね。 (Everyone is suitable.),too casual,too casual
registerRadar,rr_029,a,1,本日はお集まりいただきありがとうございます。乾杯。,本日はお集まりいただきありがとうございます。乾杯。 (Thank you for your understanding. Toast.),too stiff,too stiff
registerRadar,rr_029,b,2,はじめまして。では、乾杯！,はじめまして。では、乾杯！ (Contact Us Toast!),best fit,best fit
registerRadar,rr_029,c,3,よっ、飲むぞ。,よっ、飲むぞ。 (),too casual,too casual
registerRadar,rr_030,a,1,お飲み物でございます。,お飲み物でございます。 (Drink),too stiff,too stiff
registerRadar,rr_030,b,2,どうぞお飲みください。,どうぞお飲みください。 (Please drink.),best fit,best fit
registerRadar,rr_030,c,3,はい、どうぞ。,はい、どうぞ。 (Yes.),too casual,too casual
registerRadar,rr_031,a,1,読ませてくれてありがとう。助かった。,読ませてくれてありがとう。助かった。 (Thank you for reading. Thank you.),best fit,best fit
registerRadar,rr_031,b,2,拝借し甚だ恐縮に存じます。,拝借し甚だ恐縮に存じます。 (I know that it is a拝ible.),too stiff,too stiff
registerRadar,rr_031,c,3,返すわ。,返すわ。 (HOME),too blunt,too blunt
registerRadar,rr_032,a,1,ではまた。,ではまた。 (Others),too casual,too casual
registerRadar,rr_032,b,2,ご検討のほど、何卒よろしくお願いいたします。,ご検討のほど、何卒よろしくお願いいたします。 (Thank you for your understanding.),best fit,best fit
registerRadar,rr_032,c,3,御高配賜りますよう切にお願い申し上げ候。,御高配賜りますよう切にお願い申し上げ候。 (Thank you for your understanding.),too stiff,too stiff
registerRadar,rr_033,a,1,すみません、ありがとうございます。,すみません、ありがとうございます。 (Thank you for your understanding.),best fit,best fit
registerRadar,rr_033,b,2,感謝感激雨あられ。,感謝感激雨あられ。 (Thank you very much.),unnatural,unnatural
registerRadar,rr_033,c,3,どうも。,どうも。 (Comment),too casual,too casual
registerRadar,rr_034,a,1,悪いけど30分だけ手伝ってくれない？明日おごる。,悪いけど30分だけ手伝ってくれない？明日おごる。 (Don’t help me for 30 minutes?),best fit,best fit
registerRadar,rr_034,b,2,至急残業をお願いしたく存じます。,至急残業をお願いしたく存じます。 (We do not want to ask for a sudden overtime.),too stiff,too stiff
registerRadar,rr_034,c,3,残れ。,残れ。 (Close),too rude,too rude
registerRadar,rr_035,a,1,朝食は何時からですか。,朝食は何時からですか。 (What time is breakfast?),best fit,best fit
registerRadar,rr_035,b,2,飯、いつから？,飯、いつから？ (What is rice?),too casual,too casual
registerRadar,rr_035,c,3,朝食のお時間を賜りたく存じます。,朝食のお時間を賜りたく存じます。 (Thank you for your understanding.),too stiff,too stiff
registerRadar,rr_036,a,1,書いて。,書いて。 (Comment),too rude,too rude
registerRadar,rr_036,b,2,こちらに記入をお願いできますか。,こちらに記入をお願いできますか。 (Can I fill in this form?),best fit,best fit
registerRadar,rr_036,c,3,記帳を賜りたく,記帳を賜りたく (Thank you for your understanding.),too stiff,too stiff
registerRadar,rr_037,a,1,今度の土日、キャンプ行かない？場所は後で送る。,今度の土日、キャンプ行かない？場所は後で送る。 (Do not go camping on Saturdays and Sundays?),best fit,best fit
registerRadar,rr_037,b,2,キャンプにご同行賜りたく候。,キャンプにご同行賜りたく候。 (Thank you for visiting our camp.),too stiff,too stiff
registerRadar,rr_037,c,3,お前ら来い。,お前ら来い。 (You are here),too rude,too rude
registerRadar,rr_038,a,1,△△社からこの日程での納品を希望されています。どう対応しましょうか。,△△社からこの日程での納品を希望されています。どう対応しましょうか。 (△△We would like to deliver this time. How do you respond?),best fit,best fit
registerRadar,rr_038,b,2,あいつらまた無茶言ってきた。,あいつらまた無茶言ってきた。 (I've been saying a little more.),too casual,too casual
registerRadar,rr_038,c,3,恐れ入りますが御社のご意向はいかがなさいまして。,"恐れ入りますが御社のご意向はいかがなさいまして。 (Sorry, this entry is only available in Japanese.)",too indirect,too indirect
registerRadar,rr_039,a,1,締切についてご相談がありメールいたしました。,締切についてご相談がありメールいたしました。 (Thank you for your understanding.),best fit,best fit
registerRadar,rr_039,b,2,先生、ちょっといいっすか。,先生、ちょっといいっすか。 (It's a little better.),too casual,too casual
registerRadar,rr_039,c,3,拝啓　時下ますますご清祥のこととお慶び申し上げます。,拝啓　時下ますますご清祥のこととお慶び申し上げます。 (I would like to express my gra  to you.),too stiff,too stiff
registerRadar,rr_040,a,1,袋は結構です。,袋は結構です。 (The bag is fine.),best fit,best fit
registerRadar,rr_040,b,2,袋いらん。,袋いらん。 (),too casual,too casual
registerRadar,rr_040,c,3,袋は賜りません。,袋は賜りません。 (Thank you for your understanding.),unnatural,unnatural
registerRadar,rr_041,a,1,面白いけど、予算の根拠もう一歩欲しいかも。,"面白いけど、予算の根拠もう一歩欲しいかも。 (It’s interesting, but you might want to take a step further.)",best fit,best fit
registerRadar,rr_041,b,2,お考えの趣旨は理解いたしますが、財務面の裏付けをご提示賜れますでしょうか。,"お考えの趣旨は理解いたしますが、財務面の裏付けをご提示賜れますでしょうか。 (We understand the purpose of thinking, but will you give us your financial support?)",too stiff,too stiff
registerRadar,rr_041,c,3,ダメだこれ。,ダメだこれ。 (),too rude,too rude
registerRadar,rr_042,a,1,遅れます。すみません。,遅れます。すみません。 (Close Not included.),too casual,too casual
registerRadar,rr_042,b,2,大変申し訳ございません。10分ほど遅刻いたします。,大変申し訳ございません。10分ほど遅刻いたします。 (Thank you for your understanding. 10 minutes),best fit,best fit
registerRadar,rr_042,c,3,恐泣蒙り候。少々遅参の由。,恐泣蒙り候。少々遅参の由。 (Crying. A little late),unnatural,unnatural
registerRadar,rr_043,a,1,出ます。よろしくお願いします。,出ます。よろしくお願いします。 (Contact Us Thank you.),best fit,best fit
registerRadar,rr_043,b,2,出るっす。,出るっす。 (Contact Us),too casual,too casual
registerRadar,rr_043,c,3,出場の栄に浴す所存。,出場の栄に浴す所存。 (We will have a bathing experience.),unnatural,unnatural
registerRadar,rr_044,a,1,ただいま外出中はお電話くださいませ。,ただいま外出中はお電話くださいませ。 (Please call us now.),unnatural,unnatural
registerRadar,rr_044,b,2,折り返しご連絡いただければ幸いです。,折り返しご連絡いただければ幸いです。 (Thank you for your understanding.),best fit,best fit
registerRadar,rr_044,c,3,かけ直せ。,かけ直せ。 (Contact Us),too rude,too rude
registerRadar,rr_045,a,1,すみません、少し倒してもいいですか。,すみません、少し倒してもいいですか。 (Can I defeat a little?),best fit,best fit
registerRadar,rr_045,b,2,倒すぞ。,倒すぞ。 (Contact Us),too rude,too rude
registerRadar,rr_045,c,3,愚息のシートを後方へ移動させていただきたく。,愚息のシートを後方へ移動させていただきたく。 (I would like to make a sheet ofシートishness backward.),too stiff,too stiff
registerRadar,rr_046,a,1,ついて行っていいですか。,ついて行っていいですか。 (Contact Us),too casual,too casual
registerRadar,rr_046,b,2,可能であれば、来週の出張に同行させていただけないでしょうか。,"可能であれば、来週の出張に同行させていただけないでしょうか。 (If possible, will you be able to attend next week's business trip?)",best fit,best fit
registerRadar,rr_046,c,3,同行を御承認くださいますよう伏してお願い申し上げます。,同行を御承認くださいますよう伏してお願い申し上げます。 (Thank you for your understanding.),too stiff,too stiff
registerRadar,rr_047,a,1,どうぞ、あがって。,どうぞ、あがって。 (Contact Us),best fit,best fit
registerRadar,rr_047,b,2,お入りくださいませませ。,お入りくださいませませ。 (Contact Us),unnatural,unnatural
registerRadar,rr_047,c,3,入れ。,入れ。 (Contact Us),too rude,too rude
registerRadar,rr_048,a,1,仕事の都合で役員は難しいです。すみません。,仕事の都合で役員は難しいです。すみません。 (Officers are difficult for work. Not included.),best fit,best fit
registerRadar,rr_048,b,2,御役は辞退させていただきます。,御役は辞退させていただきます。 (We will resign.),too stiff,too stiff
registerRadar,rr_048,c,3,やらねえ。,やらねえ。 (Home),too rude,too rude
registerRadar,rr_049,a,1,パソコンがつきません。確認お願いします。,パソコンがつきません。確認お願いします。 (There is no computer. Please confirm.),best fit,best fit
registerRadar,rr_049,b,2,死んだ。早く来い。,死んだ。早く来い。 (dead. Contact Us),too rude,too rude
registerRadar,rr_049,c,3,端末の起動が叶わず、御助言乞う。,端末の起動が叶わず、御助言乞う。 (Please be advised if the device is launched.),too stiff,too stiff
registerRadar,rr_050,a,1,会議室、いけます。,会議室、いけます。 (Meeting Room),too casual,too casual
registerRadar,rr_050,b,2,応接の準備が整いました。,応接の準備が整いました。 (Preparing for reception),best fit,best fit
registerRadar,rr_050,c,3,お部屋、設え完了でございまする。,お部屋、設え完了でございまする。 (The room is complete.),unnatural,unnatural
registerRadar,rr_051,a,1,今夜までに資料をお送りいただけますでしょうか。,今夜までに資料をお送りいただけますでしょうか。 (Can you send me a document by night?),best fit,best fit
registerRadar,rr_051,b,2,今夜までに資料くれ。急ぎ。,今夜までに資料くれ。急ぎ。 (We will inform you by the night. Close),too rude,too rude
registerRadar,rr_051,c,3,資料を賜りたく存じますがよろしいか。,資料を賜りたく存じますがよろしいか。 (Thank you for your understanding.),too indirect,too indirect
registerRadar,rr_052,a,1,ありがとうございます。,ありがとうございます。 (Thank you.),best fit,best fit
registerRadar,rr_052,b,2,サンキューな。,サンキューな。 (サン),too casual,too casual
registerRadar,rr_052,c,3,厚く御礼申し上げます。,厚く御礼申し上げます。 (Thank you very much.),too stiff,too stiff
registerRadar,rr_053,a,1,今日の昼、一緒に行かない？,今日の昼、一緒に行かない？ (Do not go with us?),best fit,best fit
registerRadar,rr_053,b,2,昼食のご同行をお誘い申し上げます。,昼食のご同行をお誘い申し上げます。 (We would like to invite you to join us.),too stiff,too stiff
registerRadar,rr_053,c,3,飯行け。,飯行け。 (Restaurant),too rude,too rude
registerRadar,rr_054,a,1,共用廊下の照明が一つ切れているようです。,共用廊下の照明が一つ切れているようです。 (It seems that the lighting of the common corridor is broken.),best fit,best fit
registerRadar,rr_054,b,2,電球死んでる。,電球死んでる。 (The bulb is dead.),too casual,too casual
registerRadar,rr_054,c,3,照明が炎を絶たれたり。,照明が炎を絶たれたり。 (ion stops flame.),unnatural,unnatural
registerRadar,rr_055,a,1,ご指摘ありがとうございます。修正して再提出いたします。,ご指摘ありがとうございます。修正して再提出いたします。 (Thank you for your understanding. We will resubmit it.),best fit,best fit
registerRadar,rr_055,b,2,了解。直す。,了解。直す。 (),too casual,too casual
registerRadar,rr_055,c,3,御教示、涙なくんばあり難し。,御教示、涙なくんばあり難し。 (It is difficult to teach.),unnatural,unnatural
registerRadar,rr_056,a,1,参加は2名です。よろしくお願いします。,参加は2名です。よろしくお願いします。 (2 people Thank you.),best fit,best fit
registerRadar,rr_056,b,2,2人っす。,2人っす。 (2 people),too casual,too casual
registerRadar,rr_056,c,3,参加者二名にて参列の旨、謹んでご報告申し上げる。,参加者二名にて参列の旨、謹んでご報告申し上げる。 (We would like to thank you for your cooperation.),too stiff,too stiff
registerRadar,rr_057,a,1,さっきの、もう一回言ってくれる？,さっきの、もう一回言ってくれる？ (What’s new?),best fit,best fit
registerRadar,rr_057,b,2,再説を乞う。,再説を乞う。 (Re .),too stiff,too stiff
registerRadar,rr_057,c,3,聞けよ。,聞けよ。 (Contact Us),too rude,too rude
registerRadar,rr_058,a,1,お電話ありがとうございます。どのような件でしょうか。,お電話ありがとうございます。どのような件でしょうか。 (Thank you for contacting us. What is the case?),best fit,best fit
registerRadar,rr_058,b,2,はい、クレームですか。,"はい、クレームですか。 (Yes, is it?)",too blunt,too blunt
registerRadar,rr_058,c,3,恐惶謹言、頂戴つかまつる。,恐惶謹言、頂戴つかまつる。 (),unnatural,unnatural
registerRadar,rr_059,a,1,マジ助かった。ありがとう。,マジ助かった。ありがとう。 (It was really helpful. ありがとう),best fit,best fit
registerRadar,rr_059,b,2,御助力に痛感激に堪えません。,御助力に痛感激に堪えません。 (I can't endure the pain in your help.),too stiff,too stiff
registerRadar,rr_059,c,3,当然だろ。,当然だろ。 (Of course.),too rude,too rude
registerRadar,rr_060,a,1,5年2組の田中の父です。よろしくお願いします。,5年2組の田中の父です。よろしくお願いします。 (My father of Tanaka in five years. Thank you.),best fit,best fit
registerRadar,rr_060,b,2,俺、田中。,"俺、田中。 (。, Tanaka)",too casual,too casual
registerRadar,rr_060,c,3,小生、田中と申します。,小生、田中と申します。 (It is close to Kosei and Tanaka.),too stiff,too stiff
registerRadar,rr_061,a,1,ただいま席を外しております。,"ただいま席を外しております。 (Sorry, this entry is only available in Japanese.)",best fit,best fit
registerRadar,rr_061,b,2,いねえよ。,いねえよ。 (Comment),too rude,too rude
registerRadar,rr_061,c,3,御不在でございますなり。,御不在でございますなり。 ({{ data.meta.length formatted }}),unnatural,unnatural
registerRadar,rr_062,a,1,ごちそうさま。おいしかった。,ごちそうさま。おいしかった。 (Home It was delicious.),best fit,best fit
registerRadar,rr_062,b,2,拙宴に預かり恐悦至極に存じます。,拙宴に預かり恐悦至極に存じます。 (I will stay in my feast.),too stiff,too stiff
registerRadar,rr_062,c,3,まあまあ。,まあまあ。 (Close),too blunt,too blunt
registerRadar,rr_063,a,1,すみません、エレベーターはどちらですか。,すみません、エレベーターはどちらですか。 (What is the elevator?),best fit,best fit
registerRadar,rr_063,b,2,エレベーターどこ。,エレベーターどこ。 (Elevator),too blunt,too blunt
registerRadar,rr_063,c,3,昇降機の所在を賜りたく。,昇降機の所在を賜りたく。 (Thank you for your continued support.),too stiff,too stiff
registerRadar,rr_064,a,1,可能であれば部長様にも同席いただけますと幸いです。,"可能であれば部長様にも同席いただけますと幸いです。 (If possible, it is hope that you can sit with the manager.)",best fit,best fit
registerRadar,rr_064,b,2,部長呼べ。,部長呼べ。 (Director),too rude,too rude
registerRadar,rr_064,c,3,部長殿御同席の儀、伏して懇願。,部長殿御同席の儀、伏して懇願。 (The ceremonial ceremony of the head office.),too stiff,too stiff
registerRadar,rr_065,a,1,左から来てる、カバーして！,"左から来てる、カバーして！ (Come from the left, cover!)",best fit,best fit
registerRadar,rr_065,b,2,援護をお願いしたく存じます。,援護をお願いしたく存じます。 (Thank you for your understanding.),too stiff,too stiff
registerRadar,rr_065,c,3,てめえ動け。,てめえ動け。 (Contact Us),too rude,too rude
registerRadar,rr_066,a,1,キャリアの方向性を考え、転職を決めました。,キャリアの方向性を考え、転職を決めました。 (I decided to change my career.),best fit,best fit
registerRadar,rr_066,b,2,上司がウザくて。,上司がウザくて。 (The boss is ザed.),too casual,too casual
registerRadar,rr_066,c,3,前職にて所業を修め、茲に侍り候。,前職にて所業を修め、茲に侍り候。 (The samurai weather in the former job.),unnatural,unnatural
registerRadar,rr_067,a,1,搬送中に破損が判明しました。至急先方へ連絡が必要です。,搬送中に破損が判明しました。至急先方へ連絡が必要です。 (Breakage was found during transport. Contact Us),best fit,best fit
registerRadar,rr_067,b,2,壊しちゃった。どうしよ。,壊しちゃった。どうしよ。 (I was broken. 。),too casual,too casual
registerRadar,rr_067,c,3,品、破壊の由、慙愧の極み。,"品、破壊の由、慙愧の極み。 (The extreme of the product, the reason of destruction, and the earth.)",unnatural,unnatural
registerRadar,rr_068,a,1,では次の議題に移ります。,では次の議題に移ります。 (will move to the following agenda:),best fit,best fit
registerRadar,rr_068,b,2,次いくぞ。,次いくぞ。 (Next),too casual,too casual
registerRadar,rr_068,c,3,議題を繰り進めさせていただく次第にござります。,議題を繰り進めさせていただく次第にござります。 (We will proceed as soon as we proceed.),too stiff,too stiff
registerRadar,rr_069,a,1,家庭の都合で週末の回数を減らせていただきたいのですが。,家庭の都合で週末の回数を減らせていただきたいのですが。 (I would like to reduce the number of weekends for my family.),best fit,best fit
registerRadar,rr_069,b,2,週末は出ねえ。,週末は出ねえ。 (Weekends),too rude,too rude
registerRadar,rr_069,c,3,御店の勤怠、週末を御免蒙りたく。,御店の勤怠、週末を御免蒙りたく。 (We are looking forward to your visit.),too stiff,too stiff
registerRadar,rr_070,a,1,申し訳ないのですが、1時間遅れてもよろしいでしょうか。,"申し訳ないのですが、1時間遅れてもよろしいでしょうか。 (Sorry, this entry is only available in Japanese.)",best fit,best fit
registerRadar,rr_070,b,2,1時間遅れ。,1時間遅れ。 (1 hour behind.),too blunt,too blunt
registerRadar,rr_070,c,3,到着の刻限を遅延せしめたく。,到着の刻限を遅延せしめたく。 (Don't delay the arrival time.),too stiff,too stiff
registerRadar,rr_071,a,1,名簿、午前中に送ってもらえる？忘れそうなら教えて。,名簿、午前中に送ってもらえる？忘れそうなら教えて。 (Can you send me in the morning?),best fit,best fit
registerRadar,rr_071,b,2,名簿、至急提出を。,名簿、至急提出を。 (Register and submit quickly.),too stiff,too stiff
registerRadar,rr_071,c,3,名簿、今すぐ。,名簿、今すぐ。 (Book Now),too rude,too rude
registerRadar,rr_072,a,1,すみません、この欄はどう書けばよいでしょうか。,すみません、この欄はどう書けばよいでしょうか。 (I don't know how to write this field.),best fit,best fit
registerRadar,rr_072,b,2,ここ、意味わかんない。,ここ、意味わかんない。 (This is meaningless.),too casual,too casual
registerRadar,rr_072,c,3,本欄の御記入方法、御教示願い奉る。,"本欄の御記入方法、御教示願い奉る。 (How to fill in this field, please do it.)",too stiff,too stiff
registerRadar,rr_073,a,1,お役職はマーケティング部長でいらっしゃいますか。,お役職はマーケティング部長でいらっしゃいますか。 (I am a marketing manager.),best fit,best fit
registerRadar,rr_073,b,2,あんた部長？,あんた部長？ (General Manager),too rude,too rude
registerRadar,rr_073,c,3,御身分はいかがなされまするや。,御身分はいかがなされまするや。 (How do you make your own?),unnatural,unnatural
registerRadar,rr_074,a,1,すみません、注文したものまだでしょうか。,すみません、注文したものまだでしょうか。 (I'm not sure what I ordered.),best fit,best fit
registerRadar,rr_074,b,2,まだかよ。,まだかよ。 (。),too rude,too rude
registerRadar,rr_074,c,3,献立の到着が遅延しておりまする。,献立の到着が遅延しておりまする。 (Delayed arrival),too stiff,too stiff
registerRadar,rr_075,a,1,昨日はありがとう！大事に使うね。,昨日はありがとう！大事に使うね。 (Thank you for yesterday!),best fit,best fit
registerRadar,rr_075,b,2,厚き御礼、言語道断。,厚き御礼、言語道断。 (),too stiff,too stiff
registerRadar,rr_075,c,3,もらった。,もらった。 (Comment),too blunt,too blunt
registerRadar,rr_076,a,1,△△社の佐藤と申します。3時に△△様とお約束しております。,△△社の佐藤と申します。3時に△△様とお約束しております。 (△△It is a company Sato. We promise to you at 3 o'clock.),best fit,best fit
registerRadar,rr_076,b,2,佐藤だ。呼んで。,佐藤だ。呼んで。 (HOME Contact Us),too rude,too rude
registerRadar,rr_076,c,3,小生、面会の約、御座りまする。,小生、面会の約、御座りまする。 (I will sit for the first time.),unnatural,unnatural
registerRadar,rr_077,a,1,めっちゃ分かりやすかったよ。お疲れ。,めっちゃ分かりやすかったよ。お疲れ。 (It was very easy to understand. Tired),best fit,best fit
registerRadar,rr_077,b,2,御発表、誠に畏れ入りました。,御発表、誠に畏れ入りました。 (Thank you for your understanding.),too stiff,too stiff
registerRadar,rr_077,c,3,つまんね。,つまんね。 (Comment),too rude,too rude
registerRadar,rr_078,a,1,確認が不足しておりました。申し訳ございません。,確認が不足しておりました。申し訳ございません。 (There was a lack of confirmation. We are sorry.),best fit,best fit
registerRadar,rr_078,b,2,すみませんでしたー。,すみませんでしたー。 (I didn't know.),too casual,too casual
registerRadar,rr_078,c,3,小生、罪該死に付き、土下座の意,小生、罪該死に付き、土下座の意 (Involved in sinners and sinners),unnatural,unnatural
registerRadar,rr_079,a,1,夜遅くの洗濯の音が少し響くようなので、できれば時間をずらしていただけますか。,夜遅くの洗濯の音が少し響くようなので、できれば時間をずらしていただけますか。 (It seems that the sound of washing will sound a little late at night.),best fit,best fit
registerRadar,rr_079,b,2,うるせえんだよ。,うるせえんだよ。 (),too rude,too rude
registerRadar,rr_079,c,3,洗濯機、御使用は明朝まで御猶予賜りたく。,洗濯機、御使用は明朝まで御猶予賜りたく。 (Thank you for using the washing machine.),too stiff,too stiff
registerRadar,rr_080,a,1,家庭の事情により当日は参加が難しいです。ご承認いただけますと幸いです。,家庭の事情により当日は参加が難しいです。ご承認いただけますと幸いです。 (It is difficult to participate on the day due to family circumstances. Thank you for your understanding.),best fit,best fit
registerRadar,rr_080,b,2,行けません。,行けません。 (Contact Us),too blunt,too blunt
registerRadar,rr_080,c,3,欠席をお許し賜わりたく、謹みて伺いを立てる。,欠席をお許し賜わりたく、謹みて伺いを立てる。 (Thank you for your understanding.),too stiff,too stiff
registerRadar,rr_081,a,1,視点が新しくて勉強になりました。,視点が新しくて勉強になりました。 (The viewpoint was renewed and studied.),best fit,best fit
registerRadar,rr_081,b,2,やるじゃん。,やるじゃん。 (Comment),too casual,too casual
registerRadar,rr_081,c,3,感銘、胸を打たれることこの上なし。,"感銘、胸を打たれることこの上なし。 (Feeling, 胸king the chest.)",too stiff,too stiff
registerRadar,rr_082,a,1,今日は仕事で疲れたから、家でゆっくりしたい。また今度行こ。,"今日は仕事で疲れたから、家でゆっくりしたい。また今度行こ。 (I want to relax at home because I was tired at work today. Also, I will do this.)",best fit,best fit
registerRadar,rr_082,b,2,外出は謹んで辞退いたします。,外出は謹んで辞退いたします。 (We will resign from outside.),too stiff,too stiff
registerRadar,rr_082,c,3,うるせえ、黙れ。,うるせえ、黙れ。 (Moisturizing and Silent),too rude,too rude
registerRadar,rr_083,a,1,来月から週3日に変更していただくことは可能でしょうか。,来月から週3日に変更していただくことは可能でしょうか。 (Is it possible to change to 3 days next week?),best fit,best fit
registerRadar,rr_083,b,2,週3でいい？,週3でいい？ (Week 3),too casual,too casual
registerRadar,rr_083,c,3,勤務密度を逓減せしめたく候。,勤務密度を逓減せしめたく候。 (Reduced working density.),unnatural,unnatural
registerRadar,rr_084,a,1,ご無沙汰しております。お変わりございませんでしょうか。,ご無沙汰しております。お変わりございませんでしょうか。 (Thank you for your understanding. We are sorry.),best fit,best fit
registerRadar,rr_084,b,2,久しぶり。元気？,久しぶり。元気？ (Close Home),too casual,too casual
registerRadar,rr_084,c,3,時下ますますご清栄のこととお慶び申し上げます。,時下ますますご清栄のこととお慶び申し上げます。 (I would like to thank you for your continued patronage.),too stiff,too stiff
registerRadar,rr_085,a,1,ありがとうございました。続いて佐藤さん、お願いします。,"ありがとうございました。続いて佐藤さん、お願いします。 (Thank you very much. Mr. Sato, please.)",best fit,best fit
registerRadar,rr_085,b,2,はい、次。,"はい、次。 (Yes, next.)",too blunt,too blunt
registerRadar,rr_085,c,3,御発表、無量の感謝。次席を御招き申し上げる。,御発表、無量の感謝。次席を御招き申し上げる。 (Thank you for your presentation. We invite you to the next seat.),too stiff,too stiff
registerRadar,rr_086,a,1,おもちゃ、箱に戻しておいて。,"おもちゃ、箱に戻しておいて。 (Back to toys, boxes.)",best fit,best fit
registerRadar,rr_086,b,2,玩具を元の位置に収納せよ。,玩具を元の位置に収納せよ。 (Store the toys in the original position.),too stiff,too stiff
registerRadar,rr_086,c,3,片づけろボケ。,片づけろボケ。 (),too rude,too rude
registerRadar,rr_087,a,1,ありがとうございます。,ありがとうございます。 (Thank you.),best fit,best fit
registerRadar,rr_087,b,2,いただきますわ。,いただきますわ。 (),unnatural,unnatural
registerRadar,rr_087,c,3,ちょうだい。,ちょうだい。 (Home),too casual,too casual
registerRadar,rr_088,a,1,読んだよ。事例の話が刺さった。,読んだよ。事例の話が刺さった。 (Comment The story of the case was stinged.),best fit,best fit
registerRadar,rr_088,b,2,拝読し、感涙にむせんでおります。,拝読し、感涙にむせんでおります。 (I read and feel tears.),too stiff,too stiff
registerRadar,rr_088,c,3,つまらん。,つまらん。 (HOME),too rude,too rude
registerRadar,rr_089,a,1,もう一度、内訳を分かりやすく説明していただけますか。,もう一度、内訳を分かりやすく説明していただけますか。 (Can you explain the breakdown again?),best fit,best fit
registerRadar,rr_089,b,2,説明しろ。,説明しろ。 (Comment),too rude,too rude
registerRadar,rr_089,c,3,御説明を重ねて賜りたく、惶恐謹言。,御説明を重ねて賜りたく、惶恐謹言。 (Thank you for your understanding.),too stiff,too stiff
registerRadar,rr_090,a,1,あの件、今日中だっけ？困ったら手伝うよ。,"あの件、今日中だっけ？困ったら手伝うよ。 (If you have any questions, please contact us.)",best fit,best fit
registerRadar,rr_090,b,2,まだですか。早くしてください。,まだですか。早くしてください。 (Is it still? Contact Us),too blunt,too blunt
registerRadar,rr_090,c,3,未完了の由、如何様に御処置なされますや。,未完了の由、如何様に御処置なされますや。 (Is it unfinished?),too indirect,too indirect
registerRadar,rr_091,a,1,ご不便をおかけし申し訳ございません。状況を確認いたします。,ご不便をおかけし申し訳ございません。状況を確認いたします。 (We apologize for any inconvenience. We will confirm the situation.),best fit,best fit
registerRadar,rr_091,b,2,そんなことないですけど。,そんなことないですけど。 (I don't know.),too blunt,too blunt
registerRadar,rr_091,c,3,かしこまりました、畏まりました、左様でございます。,"かしこまりました、畏まりました、左様でございます。 (I was afraid, I was left.)",unnatural,unnatural
registerRadar,rr_092,a,1,すみません、その点は資料の数値と食い違うように思います。,"すみません、その点は資料の数値と食い違うように思います。 (I don't know that, I think that it is different from the number of materials.)",best fit,best fit
registerRadar,rr_092,b,2,先輩の説明、おかしくないですか。,先輩の説明、おかしくないですか。 (What is the explanation of seniors?),too blunt,too blunt
registerRadar,rr_092,c,3,愚見ではございますが、小生、全然そう思わなくて。,"愚見ではございますが、小生、全然そう思わなくて。 (It is silly, but I do not think so at all.)",too stiff,too stiff
registerRadar,rr_093,a,1,お二人のこれからの門出を祝して、乾杯！,"お二人のこれからの門出を祝して、乾杯！ (Celebrate the future of the two, toast!)",best fit,best fit
registerRadar,rr_093,b,2,本日はおめでとうございます。結婚おめでとうございます。以上です。,本日はおめでとうございます。結婚おめでとうございます。以上です。 (Happy New Year! Happy New Year More),too stiff,too stiff
registerRadar,rr_093,c,3,飲め。,飲め。 (Drink),too rude,too rude
registerRadar,rr_094,a,1,ありがとうございます。,ありがとうございます。 (Thank you.),best fit,best fit
registerRadar,rr_094,b,2,サンキュー。,サンキュー。 (サン),too casual,too casual
registerRadar,rr_094,c,3,御苦労様でございました。,御苦労様でございました。 (Thank you for your understanding.),too stiff,too stiff
registerRadar,rr_095,a,1,航空券はこちらで手配して問題ないでしょうか。,航空券はこちらで手配して問題ないでしょうか。 (Is it possible to arrange a ticket here?),best fit,best fit
registerRadar,rr_095,b,2,チケット自分で買うわ。,チケット自分で買うわ。 (Buy Tickets),too casual,too casual
registerRadar,rr_095,c,3,航空券調達の御許可を賜りたく、謹言。,航空券調達の御許可を賜りたく、謹言。 (Thank you for your understanding.),too stiff,too stiff
registerRadar,rr_096,a,1,来月から新しい会社で働くことになった。詳しくは後で話すね。,来月から新しい会社で働くことになった。詳しくは後で話すね。 (I came to work in a new company. Let’s talk later.),best fit,best fit
registerRadar,rr_096,b,2,転職が決定いたしました。謹んでご報告申し上げます。,転職が決定いたしました。謹んでご報告申し上げます。 (We have decided to change jobs. Thank you for your understanding.),too stiff,too stiff
registerRadar,rr_096,c,3,知るか。,知るか。 (How do you know?),too rude,too rude
registerRadar,rr_097,a,1,現在、一部の機能に不具合が発生しております。,現在、一部の機能に不具合が発生しております。 (Some functions have been disabled.),best fit,best fit
registerRadar,rr_097,b,2,アプリ、また壊れちゃいました。ごめんね。,アプリ、また壊れちゃいました。ごめんね。 (The app was broken. Comment),too casual,too casual
registerRadar,rr_097,c,3,弊アプリ、凋落の憂き目に遭う由、謹告。,"弊アプリ、凋落の憂き目に遭う由、謹告。 (Our app, the reason and confession of the depression.)",unnatural,unnatural
registerRadar,rr_098,a,1,すみません、今日はお酒は控えさせていただきます。ウーロン茶でお願いします。,"すみません、今日はお酒は控えさせていただきます。ウーロン茶でお願いします。 (Sorry, this entry is only available in Japanese. Oolong tea)",best fit,best fit
registerRadar,rr_098,b,2,酒はいらん。茶。,酒はいらん。茶。 (Sake Tea),too blunt,too blunt
registerRadar,rr_098,c,3,醇醪は謹んで辞退し、茶を賜りたく。,醇醪は謹んで辞退し、茶を賜りたく。 (We would like to thank you for your patronage.),too stiff,too stiff
registerRadar,rr_099,a,1,写真を撮るのが好きです。カメラもよく持ち歩きます。,写真を撮るのが好きです。カメラもよく持ち歩きます。 (I like taking photos. The camera is also well carrying around.),best fit,best fit
registerRadar,rr_099,b,2,写真かな。まあ色々。,写真かな。まあ色々。 (Photo Comment),too casual,too casual
registerRadar,rr_099,c,3,小生、写真撮影に骨を折っておりまする。,小生、写真撮影に骨を折っておりまする。 (We have broken bones in children and children.),unnatural,unnatural
registerRadar,rr_100,a,1,体調が優れないため、午後は休ませていただきます。急ぎの連絡はメールでください。,体調が優れないため、午後は休ませていただきます。急ぎの連絡はメールでください。 (Please rest in the afternoon because there is no good health. Please contact us by e-mail.),best fit,best fit
registerRadar,rr_100,b,2,午後寝る。,午後寝る。 (sleeping),too casual,too casual
registerRadar,rr_100,c,3,貴体不良につき、午睡を賜りたく。,貴体不良につき、午睡を賜りたく。 (Thank you for your understanding.),too stiff,too stiff
transitivityDuel,td_001,a,1,風で窓が開いた。,風で窓が開いた。 (The window opened by the wind.),,
transitivityDuel,td_001,b,2,風で窓を開けた。,風で窓を開けた。 (Opened the window by wind.),,
transitivityDuel,td_001,c,3,窓が風を開いた。,窓が風を開いた。 (The window opens the wind.),,
transitivityDuel,td_001,d,4,窓を風が開けた。,窓を風が開けた。 (Opened the window.),,
transitivityDuel,td_002,a,1,シャッターが開いてから客が来た。,シャッターが開いてから客が来た。 (Customers came from the .),,
transitivityDuel,td_002,b,2,シャッターを開けてから仕事を始めた。,シャッターを開けてから仕事を始めた。 (I started working after opening the .),,
transitivityDuel,td_002,c,3,シャッターが開けて仕事を始めた。,シャッターが開けて仕事を始めた。 (I started working with a .),,
transitivityDuel,td_002,d,4,シャッターを開いて仕事を始めた。,シャッターを開いて仕事を始めた。 (I started working with .),,
transitivityDuel,td_003,a,1,蓋が開いた。,蓋が開いた。 (The lid opened.),,
transitivityDuel,td_003,b,2,蓋を開いた。,蓋を開いた。 (Open the lid.),,
transitivityDuel,td_003,c,3,蓋を開けた。,蓋を開けた。 (Opened the lid.),,
transitivityDuel,td_003,d,4,蓋が開けた。,蓋が開けた。 (The lid was opened.),,
transitivityDuel,td_004,a,1,ドアが勝手に開いた。,ドアが勝手に開いた。 (Doors open.),,
transitivityDuel,td_004,b,2,ドアが突然開いた。,ドアが突然開いた。 (The door suddenly opened.),,
transitivityDuel,td_004,c,3,係員がドアを開けた。,係員がドアを開けた。 (The staff opened the door.),,
transitivityDuel,td_004,d,4,ドアがゆっくり開いた。,ドアがゆっくり開いた。 (The door opens slowly.),,
transitivityDuel,td_005,a,1,換気のために窓が開いた。,換気のために窓が開いた。 (windows open for ventilation.),,
transitivityDuel,td_005,b,2,換気のために窓を開けた。,換気のために窓を開けた。 (Opened the window for ventilation.),,
transitivityDuel,td_005,c,3,換気のために窓が開けた。,換気のために窓が開けた。 (Window opened for ventilation.),,
transitivityDuel,td_005,d,4,換気のために窓を開いてしまった。,換気のために窓を開いてしまった。 (I left the window for ventilation.),,
transitivityDuel,td_006,a,1,ドアを閉まった。,ドアを閉まった。 (Closed the door.),,
transitivityDuel,td_006,b,2,ドアが閉まった。,ドアが閉まった。 (The door was closed.),,
transitivityDuel,td_006,c,3,ドアを閉めた。,ドアを閉めた。 (Close the door.),,
transitivityDuel,td_006,d,4,ドアが閉めた。,ドアが閉めた。 (Door closed.),,
transitivityDuel,td_007,a,1,窓が閉まってから出かけた。,窓が閉まってから出かけた。 (The window was closed.),,
transitivityDuel,td_007,b,2,窓を閉めてから出かけた。,窓を閉めてから出かけた。 (I closed the window.),,
transitivityDuel,td_007,c,3,窓が閉めてから出かけた。,窓が閉めてから出かけた。 (The window was closed.),,
transitivityDuel,td_007,d,4,窓を閉まってから出かけた。,窓を閉まってから出かけた。 (I closed the window.),,
transitivityDuel,td_008,a,1,扉が閉めて鍵をかけた。,扉が閉めて鍵をかけた。 (The door is closed and the key is opened.),,
transitivityDuel,td_008,b,2,扉を閉めて鍵をかけた。,扉を閉めて鍵をかけた。 (Close the door to unlock the key.),,
transitivityDuel,td_008,c,3,扉が閉まって鍵をかけた。,扉が閉まって鍵をかけた。 (The door is closed and the key is opened.),,
transitivityDuel,td_008,d,4,扉を閉まって鍵をかけた。,扉を閉まって鍵をかけた。 (Close the door and open the key.),,
transitivityDuel,td_009,a,1,店員がシャッターを閉めた。,店員がシャッターを閉めた。 (Store staff closed the .),,
transitivityDuel,td_009,b,2,シャッターが下りて閉まった。,シャッターが下りて閉まった。 (The  was closed.),,
transitivityDuel,td_009,c,3,店長が閉店のサインを出した。,店長が閉店のサインを出した。 (Store manager signs closed.),,
transitivityDuel,td_009,d,4,客が店を出た。,客が店を出た。 (Restaurant),,
transitivityDuel,td_010,a,1,保存してから画面が閉まった。,保存してから画面が閉まった。 (The screen was closed after saving.),,
transitivityDuel,td_010,b,2,保存してから画面を閉めた。,保存してから画面を閉めた。 (Save and close the screen.),,
transitivityDuel,td_010,c,3,保存してから画面が閉めた。,保存してから画面が閉めた。 (The screen is closed after saving.),,
transitivityDuel,td_010,d,4,保存してから画面を閉まった。,保存してから画面を閉まった。 (The screen was closed after saving.),,
transitivityDuel,td_011,a,1,小銭がさいふに入れた。,小銭がさいふに入れた。 (I put a coin.),,
transitivityDuel,td_011,b,2,小銭がさいふに入った。,小銭がさいふに入った。 (I entered the coin.),,
transitivityDuel,td_011,c,3,小銭をさいふが入った。,小銭をさいふが入った。 (I got a coin.),,
transitivityDuel,td_011,d,4,小銭をさいふに入った。,小銭をさいふに入った。 (I entered the coin.),,
transitivityDuel,td_012,a,1,手紙がポストに入った。,手紙がポストに入った。 (The letter entered the post.),,
transitivityDuel,td_012,b,2,手紙をポストに入れた。,手紙をポストに入れた。 (I put a letter in the post.),,
transitivityDuel,td_012,c,3,手紙がポストを入れた。,手紙がポストを入れた。 (The letter puts a post.),,
transitivityDuel,td_012,d,4,手紙をポストが入れた。,手紙をポストが入れた。 (I put a letter in the post.),,
transitivityDuel,td_013,a,1,客が会場に入れていく。,客が会場に入れていく。 (Our guests will be in the venue.),,
transitivityDuel,td_013,b,2,客が会場に入っていく。,客が会場に入っていく。 (Customers enter the venue.),,
transitivityDuel,td_013,c,3,客を会場に入っていく。,客を会場に入っていく。 (Enter the venue.),,
transitivityDuel,td_013,d,4,会場が客に入る。,会場が客に入る。 (The venue is for visitors.),,
transitivityDuel,td_014,a,1,荷物がロッカーに入った。,荷物がロッカーに入った。 (Luggage is in the locker.),,
transitivityDuel,td_014,b,2,荷物をロッカーに入れた。,荷物をロッカーに入れた。 (Put your luggage in the locker.),,
transitivityDuel,td_014,c,3,ロッカーが荷物に入った。,ロッカーが荷物に入った。 (There is a locker in the luggage.),,
transitivityDuel,td_014,d,4,荷物がロッカーを入れた。,荷物がロッカーを入れた。 (Luggage locked.),,
transitivityDuel,td_015,a,1,水が間違った穴に入った。,水が間違った穴に入った。 (Water entered wrong hole.),,
transitivityDuel,td_015,b,2,水を間違った穴に入れた。,水を間違った穴に入れた。 (I put it in the wrong hole.),,
transitivityDuel,td_015,c,3,水が間違った穴を入れた。,水が間違った穴を入れた。 (Water put wrong hole.),,
transitivityDuel,td_015,d,4,水を間違った穴に入った。,水を間違った穴に入った。 (I entered the wrong hole.),,
transitivityDuel,td_016,a,1,電車が駅を出した。,電車が駅を出した。 (The train left the station.),,
transitivityDuel,td_016,b,2,電車が駅を出た。,電車が駅を出た。 (The train left the station.),,
transitivityDuel,td_016,c,3,電車を駅が出た。,電車を駅が出た。 (I got a train station.),,
transitivityDuel,td_016,d,4,電車を駅を出た。,電車を駅を出た。 (I left the train station.),,
transitivityDuel,td_017,a,1,ごみが路肩を出た。,ごみが路肩を出た。 (Garbage left the shoulder.),,
transitivityDuel,td_017,b,2,ごみを外に出した。,ごみを外に出した。 (Remove garbage.),,
transitivityDuel,td_017,c,3,ごみが外に出した。,ごみが外に出した。 (Garbage was removed.),,
transitivityDuel,td_017,d,4,ごみを外が出した。,ごみを外が出した。 (Removed garbage.),,
transitivityDuel,td_018,a,1,資料を参加者に出した。,資料を参加者に出した。 (I gave the materials to the participants.),,
transitivityDuel,td_018,b,2,資料が参加者に出た。,資料が参加者に出た。 (The materials were presented to the participants.),,
transitivityDuel,td_018,c,3,資料が参加者を出た。,資料が参加者を出た。 (Participants),,
transitivityDuel,td_018,d,4,資料を参加者が出た。,資料を参加者が出た。 (Participants came out.),,
transitivityDuel,td_019,a,1,係員がドアを開けて客を出した。,係員がドアを開けて客を出した。 (The staff opened the door.),,
transitivityDuel,td_019,b,2,たくさんの人が外に出た。,たくさんの人が外に出た。 (Many people came out.),,
transitivityDuel,td_019,c,3,警備員が整理させた。,警備員が整理させた。 (The security guard organized.),,
transitivityDuel,td_019,d,4,主人が見送った。,主人が見送った。 (I saw the Lord.),,
transitivityDuel,td_020,a,1,さいふがかばんから出た。,さいふがかばんから出た。 (),,
transitivityDuel,td_020,b,2,さいふをかばんから出した。,さいふをかばんから出した。 (),,
transitivityDuel,td_020,c,3,さいふがかばんを出した。,さいふがかばんを出した。 (I made a bag.),,
transitivityDuel,td_020,d,4,さいふをかばんが出した。,さいふをかばんが出した。 (),,
transitivityDuel,td_021,a,1,電気を消えた。,電気を消えた。 (The electricity disappeared.),,
transitivityDuel,td_021,b,2,電気が消えた。,電気が消えた。 (The electricity disappeared.),,
transitivityDuel,td_021,c,3,電気を消した。,電気を消した。 (Cancel),,
transitivityDuel,td_021,d,4,電気が消した。,電気が消した。 (The electricity disappeared.),,
transitivityDuel,td_022,a,1,テレビが消えてから寝た。,テレビが消えてから寝た。 (I slept after the TV disappeared.),,
transitivityDuel,td_022,b,2,テレビを消してから寝た。,テレビを消してから寝た。 (I slept the TV.),,
transitivityDuel,td_022,c,3,テレビが消してから寝た。,テレビが消してから寝た。 (I slept the TV.),,
transitivityDuel,td_022,d,4,テレビを消えてから寝た。,テレビを消えてから寝た。 (I went to bed.),,
transitivityDuel,td_023,a,1,字が板を消した。,字が板を消した。 (A letter was removed.),,
transitivityDuel,td_023,b,2,字を板から消した。,字を板から消した。 (Remove the letter from the board.),,
transitivityDuel,td_023,c,3,字が板から消えた。,字が板から消えた。 (The letter disappeared from the board.),,
transitivityDuel,td_023,d,4,字を板が消した。,字を板が消した。 (The letter was removed.),,
transitivityDuel,td_024,a,1,しみを洗剤で消した。,しみを洗剤で消した。 (Remove the soap with a detergent.),,
transitivityDuel,td_024,b,2,しみがだんだん消えた。,しみがだんだん消えた。 (It disappeared.),,
transitivityDuel,td_024,c,3,洗剤がしみを消えた。,洗剤がしみを消えた。 (The detergent disappeared.),,
transitivityDuel,td_024,d,4,しみを自然に消えた。,しみを自然に消えた。 (It disappeared naturally.),,
transitivityDuel,td_025,a,1,いらない行が消えた。,いらない行が消えた。 (No lines disappeared.),,
transitivityDuel,td_025,b,2,いらない行を消した。,いらない行を消した。 (Undo the line.),,
transitivityDuel,td_025,c,3,いらない行が消した。,いらない行が消した。 (Unable lines were canceled.),,
transitivityDuel,td_025,d,4,いらない行を消えた。,いらない行を消えた。 (No lines disappeared.),,
transitivityDuel,td_026,a,1,かぎを床に落とした。,かぎを床に落とした。 (I dropped the crouch on the floor.),,
transitivityDuel,td_026,b,2,かぎが床に落ちた。,かぎが床に落ちた。 (I fell on the floor.),,
transitivityDuel,td_026,c,3,かぎを床に落ちた。,かぎを床に落ちた。 (I fell on the floor.),,
transitivityDuel,td_026,d,4,かぎが床を落とした。,かぎが床を落とした。 (I dropped the floor.),,
transitivityDuel,td_027,a,1,スマホが落ちてしまった。,スマホが落ちてしまった。 (I lost my smartphone.),,
transitivityDuel,td_027,b,2,スマホを落としてしまった。,スマホを落としてしまった。 (I lost my smartphone.),,
transitivityDuel,td_027,c,3,スマホが落としてしまった。,スマホが落としてしまった。 (I lost my smartphone.),,
transitivityDuel,td_027,d,4,スマホを落ちてしまった。,スマホを落ちてしまった。 (I lost my smartphone.),,
transitivityDuel,td_028,a,1,葉っぱが風で落ちた。,葉っぱが風で落ちた。 (The leaves fell in the wind.),,
transitivityDuel,td_028,b,2,葉っぱを風で落ちた。,葉っぱを風で落ちた。 (The leaves fell in the wind.),,
transitivityDuel,td_028,c,3,葉っぱが風で落とした。,葉っぱが風で落とした。 (Leaves dropped by the wind.),,
transitivityDuel,td_028,d,4,葉っぱを風で落とした。,葉っぱを風で落とした。 (I dropped the leaf by wind.),,
transitivityDuel,td_029,a,1,ボールが地面に落ちた。,ボールが地面に落ちた。 (The ball fell to the ground.),,
transitivityDuel,td_029,b,2,コーチが笛を吹いた。,コーチが笛を吹いた。 (The coach blowed the whistle.),,
transitivityDuel,td_029,c,3,ボールを地面に落とした。,ボールを地面に落とした。 (Dropped the ball to the ground.),,
transitivityDuel,td_029,d,4,地面がボールに落ちた。,地面がボールに落ちた。 (The ground fell into the ball.),,
transitivityDuel,td_030,a,1,りんごを枝から落とした。,りんごを枝から落とした。 (I dropped the  from the branch.),,
transitivityDuel,td_030,b,2,りんごが枝から落ちた。,りんごが枝から落ちた。 (The  fell from the branch.),,
transitivityDuel,td_030,c,3,りんごを枝から落ちた。,りんごを枝から落ちた。 (I dropped the  from the branch.),,
transitivityDuel,td_030,d,4,りんごが枝を落とした。,りんごが枝を落とした。 (The  dropped the branch.),,
transitivityDuel,td_031,a,1,映画を九時に始まった。,映画を九時に始まった。 (Movie started at 9pm.),,
transitivityDuel,td_031,b,2,映画が九時に始まった。,映画が九時に始まった。 (The movie started at 9pm.),,
transitivityDuel,td_031,c,3,映画が九時に始めた。,映画が九時に始めた。 (The movie started at 9pm.),,
transitivityDuel,td_031,d,4,映画を九時に始めた。,映画を九時に始めた。 (Movie started at 9pm.),,
transitivityDuel,td_032,a,1,司会がパーティーが始めた。,司会がパーティーが始めた。 (The party started.),,
transitivityDuel,td_032,b,2,司会がパーティーを始めた。,司会がパーティーを始めた。 (The meeting started.),,
transitivityDuel,td_032,c,3,パーティーが司会を始めた。,パーティーが司会を始めた。 (The party began to host.),,
transitivityDuel,td_032,d,4,司会がパーティーに始めた。,司会がパーティーに始めた。 (The meeting began to be a party.),,
transitivityDuel,td_033,a,1,パソコンを起動して仕事を始めた。,パソコンを起動して仕事を始めた。 (I started working with PC.),,
transitivityDuel,td_033,b,2,パソコンが起動して仕事が始めた。,パソコンが起動して仕事が始めた。 (My PC started working.),,
transitivityDuel,td_033,c,3,パソコンを起動して仕事が始めた。,パソコンを起動して仕事が始めた。 (I started working with PC.),,
transitivityDuel,td_033,d,4,パソコンが起動して仕事を始まった。,パソコンが起動して仕事を始まった。 (The computer started working.),,
transitivityDuel,td_034,a,1,審判が笛を吹いた。,審判が笛を吹いた。 (The referee blowed the whistle.),,
transitivityDuel,td_034,b,2,試合が三時に始まった。,試合が三時に始まった。 (The game started at 3 o'clock.),,
transitivityDuel,td_034,c,3,監督が選手を呼んだ。,監督が選手を呼んだ。 (The director called the player.),,
transitivityDuel,td_034,d,4,チームがグラウンドに入った。,チームがグラウンドに入った。 (Teams enter the ground.),,
transitivityDuel,td_035,a,1,夕食が終わると勉強が始まる。,"夕食が終わると勉強が始まる。 (After dinner, study begins.)",,
transitivityDuel,td_035,b,2,夕食が終わると勉強を始める。,"夕食が終わると勉強を始める。 (After dinner, start studying.)",,
transitivityDuel,td_035,c,3,夕食を終わると勉強を始まる。,"夕食を終わると勉強を始まる。 (After dinner, you can study.)",,
transitivityDuel,td_035,d,4,夕食が終わると勉強を始まる。,"夕食が終わると勉強を始まる。 (After dinner, I will study.)",,
transitivityDuel,td_036,a,1,バスを信号の前で止まった。,バスを信号の前で止まった。 (I pulled the bus in front of the signal.),,
transitivityDuel,td_036,b,2,バスが信号の前で止まった。,バスが信号の前で止まった。 (The bus stopped in front of the signal.),,
transitivityDuel,td_036,c,3,バスが信号の前を止めた。,バスが信号の前を止めた。 (The bus stopped before the signal.),,
transitivityDuel,td_036,d,4,バスを信号の前で止めた。,バスを信号の前で止めた。 (I stopped the bus in front of the signal.),,
transitivityDuel,td_037,a,1,車が家の前で止まった。,車が家の前で止まった。 (The car stopped in front of the house.),,
transitivityDuel,td_037,b,2,車を家の前で止めた。,車を家の前で止めた。 (I stopped in front of the house.),,
transitivityDuel,td_037,c,3,車が家の前で止めた。,車が家の前で止めた。 (The car stopped in front of the house.),,
transitivityDuel,td_037,d,4,車を家の前で止まった。,車を家の前で止まった。 (I stopped in front of the house.),,
transitivityDuel,td_038,a,1,機械を止めて安全を確認した。,機械を止めて安全を確認した。 (I checked the safety by stopping the machine.),,
transitivityDuel,td_038,b,2,機械が止めて安全を確認した。,機械が止めて安全を確認した。 (The machine stopped to confirm safety.),,
transitivityDuel,td_038,c,3,機械を止まって安全を確認した。,機械を止まって安全を確認した。 (I checked the safety by pulling the machine.),,
transitivityDuel,td_038,d,4,機械が止まって安全を確認した。,機械が止まって安全を確認した。 (The machine stopped and confirmed safety.),,
transitivityDuel,td_039,a,1,時計を直しに出した。,時計を直しに出した。 (The clock was replaced.),,
transitivityDuel,td_039,b,2,時計が止まった。,時計が止まった。 (The clock stopped.),,
transitivityDuel,td_039,c,3,店員が電池を取り替えた。,店員が電池を取り替えた。 (The staff replaced the battery.),,
transitivityDuel,td_039,d,4,時計を止めた。,時計を止めた。 (The clock was stopped.),,
transitivityDuel,td_040,a,1,動画が止まって質問した。,動画が止まって質問した。 (I asked the video.),,
transitivityDuel,td_040,b,2,動画を止めて質問した。,動画を止めて質問した。 (I stopped the video and asked.),,
transitivityDuel,td_040,c,3,動画が止めて質問した。,動画が止めて質問した。 (I stopped the video and asked.),,
transitivityDuel,td_040,d,4,動画を止まって質問した。,動画を止まって質問した。 (I asked the video.),,
transitivityDuel,td_041,a,1,お客さんをホールに集めてきた。,お客さんをホールに集めてきた。 (I have collected customers in the hall.),,
transitivityDuel,td_041,b,2,お客さんがホールに集まってきた。,お客さんがホールに集まってきた。 (The guests came to the hall.),,
transitivityDuel,td_041,c,3,お客さんをホールに集まってきた。,お客さんをホールに集まってきた。 (I came to the hall.),,
transitivityDuel,td_041,d,4,お客さんがホールを集めてきた。,お客さんがホールを集めてきた。 (The guest。 the hall.),,
transitivityDuel,td_042,a,1,切手がかばんに集まった。,切手がかばんに集まった。 (The stamps were集 together.),,
transitivityDuel,td_042,b,2,切手をかばんに集めた。,切手をかばんに集めた。 (Collected stamps.),,
transitivityDuel,td_042,c,3,切手をクラスで集めた。,切手をクラスで集めた。 (Collected stamps in the class.),,
transitivityDuel,td_042,d,4,切手がクラスで集めた。,切手がクラスで集めた。 (Stamps collected in the class.),,
transitivityDuel,td_043,a,1,ほこりがたまって隅に集まった。,ほこりがたまって隅に集まった。 (I was集 in the corner.),,
transitivityDuel,td_043,b,2,ほこりを隅に集まった。,ほこりを隅に集まった。 (I assembled dust in the corner.),,
transitivityDuel,td_043,c,3,ほこりが隅を集めた。,ほこりが隅を集めた。 (The dust隅 the corners.),,
transitivityDuel,td_043,d,4,ほこりを隅に集めた。,ほこりを隅に集めた。 (Collected dust in the corner.),,
transitivityDuel,td_044,a,1,書類が机の上に集まった。,書類が机の上に集まった。 (The document was集 on the desk.),,
transitivityDuel,td_044,b,2,書類を机の上に集めた。,書類を机の上に集めた。 (Collected documents on the desk.),,
transitivityDuel,td_044,c,3,書類が机の上に集めた。,書類が机の上に集めた。 (The document was collected on the desk.),,
transitivityDuel,td_044,d,4,書類を机の上に集まった。,書類を机の上に集まった。 (書類 on the desk.),,
transitivityDuel,td_045,a,1,雲を山の上に集めた。,雲を山の上に集めた。 (I collected clouds on the mountain.),,
transitivityDuel,td_045,b,2,雲が山の上に集まってきた。,雲が山の上に集まってきた。 (The clouds were山 on the mountain.),,
transitivityDuel,td_045,c,3,雲を山の上に集まってきた。,雲を山の上に集まってきた。 (I assembled clouds on the mountain.),,
transitivityDuel,td_045,d,4,雲が山の上を集めた。,雲が山の上を集めた。 (The clouds collected on the mountain.),,
transitivityDuel,td_046,a,1,会議の日にちをやっと決まった。,会議の日にちをやっと決まった。 (I finally decided the day of the meeting.),,
transitivityDuel,td_046,b,2,会議の日にちがやっと決まった。,会議の日にちがやっと決まった。 (The day of the meeting was finally decided.),,
transitivityDuel,td_046,c,3,会議の日にちがやっと決めた。,会議の日にちがやっと決めた。 (I decided on the day of the meeting.),,
transitivityDuel,td_046,d,4,会議の日にちをやっと決めた。,会議の日にちをやっと決めた。 (I decided the date of the meeting.),,
transitivityDuel,td_047,a,1,締め切りが来週に決まった。,締め切りが来週に決まった。 (was decided next week.),,
transitivityDuel,td_047,b,2,締め切りを来週に決めた。,締め切りを来週に決めた。 (I decided next week.),,
transitivityDuel,td_047,c,3,締め切りが来週を決めた。,締め切りが来週を決めた。 (I decided next week.),,
transitivityDuel,td_047,d,4,締め切りを来週が決めた。,締め切りを来週が決めた。 (Next week decided.),,
transitivityDuel,td_048,a,1,今日のランチをカレーに決めた。,今日のランチをカレーに決めた。 (I decided to have lunch.),,
transitivityDuel,td_048,b,2,今日のランチがカレーに決めた。,今日のランチがカレーに決めた。 (Today's lunch was decided on curry.),,
transitivityDuel,td_048,c,3,今日のランチをカレーが決まった。,今日のランチをカレーが決まった。 (Curry was decided.),,
transitivityDuel,td_048,d,4,今日のランチがカレーに決まった。,今日のランチがカレーに決まった。 (Today's lunch was decided on curry.),,
transitivityDuel,td_049,a,1,家族が京都に行きたいと言った。,家族が京都に行きたいと言った。 (The family said they want to go to Kyoto.),,
transitivityDuel,td_049,b,2,行き先が京都に決まった。,行き先が京都に決まった。 (The destination was decided to Kyoto.),,
transitivityDuel,td_049,c,3,私が旅程を作った。,私が旅程を作った。 (I made itinerary.),,
transitivityDuel,td_049,d,4,ホテルを予約した。,ホテルを予約した。 (Hotel Reservation),,
transitivityDuel,td_050,a,1,部屋が安いほうに決まった。,部屋が安いほうに決まった。 (The room was decided to be cheap.),,
transitivityDuel,td_050,b,2,部屋を安いほうに決めた。,部屋を安いほうに決めた。 (I decided to have a cheap room.),,
transitivityDuel,td_050,c,3,部屋が安いほうを決めた。,部屋が安いほうを決めた。 (I decided to have a cheap room.),,
transitivityDuel,td_050,d,4,部屋を安いほうが決まった。,部屋を安いほうが決まった。 (The room was cheaper.),,
transitivityDuel,td_051,a,1,コップを急に壊した。,コップを急に壊した。 (suddenly broken the cup.),,
transitivityDuel,td_051,b,2,コップが急に壊れた。,コップが急に壊れた。 (The cup suddenly broken.),,
transitivityDuel,td_051,c,3,コップを急に壊れた。,コップを急に壊れた。 (suddenly broken the cup.),,
transitivityDuel,td_051,d,4,コップが急に壊した。,コップが急に壊した。 (The cup suddenly broken.),,
transitivityDuel,td_052,a,1,おもちゃが壊れて泣いた。,おもちゃが壊れて泣いた。 (The toy was broken and crying.),,
transitivityDuel,td_052,b,2,おもちゃを壊して泣いた。,おもちゃを壊して泣いた。 (Crying broken toys.),,
transitivityDuel,td_052,c,3,おもちゃが壊して泣いた。,おもちゃが壊して泣いた。 (The toy was broken and crying.),,
transitivityDuel,td_052,d,4,おもちゃを壊れて泣いた。,おもちゃを壊れて泣いた。 (broken toy.),,
transitivityDuel,td_053,a,1,もう使わないから機械を壊して捨てた。,もう使わないから機械を壊して捨てた。 (I broke the machine and abandoned it because it is not used anymore.),,
transitivityDuel,td_053,b,2,もう使わないから機械が壊れて捨てた。,もう使わないから機械が壊れて捨てた。 (The machine was broken and thrown away because it was not used anymore.),,
transitivityDuel,td_053,c,3,もう使わないから機械を壊れて捨てた。,もう使わないから機械を壊れて捨てた。 (The machine was broken and thrown away.),,
transitivityDuel,td_053,d,4,もう使わないから機械が壊して捨てた。,もう使わないから機械が壊して捨てた。 (The machine was destroyed and abandoned because it was not used anymore.),,
transitivityDuel,td_054,a,1,屋根が一部壊れた。,屋根が一部壊れた。 (The roof was broken.),,
transitivityDuel,td_054,b,2,大工が屋根を直した。,大工が屋根を直した。 (Carpenter re屋根ed the roof.),,
transitivityDuel,td_054,c,3,家族が避難した。,家族が避難した。 (Family evacuated.),,
transitivityDuel,td_054,d,4,雨が入ってきた。,雨が入ってきた。 (Rain),,
transitivityDuel,td_055,a,1,メガネが壊れたふりをした。,メガネが壊れたふりをした。 (The glasses were broken.),,
transitivityDuel,td_055,b,2,メガネを壊すふりをした。,メガネを壊すふりをした。 (I broke my glasses.),,
transitivityDuel,td_055,c,3,メガネを壊れたふりをした。,メガネを壊れたふりをした。 (broken glasses.),,
transitivityDuel,td_055,d,4,メガネが壊すふりをした。,メガネが壊すふりをした。 (The glasses were broken.),,
transitivityDuel,td_056,a,1,シールをノートに付いた。,シールをノートに付いた。 (The seal is attached to the note.),,
transitivityDuel,td_056,b,2,シールがノートに付いた。,シールがノートに付いた。 (The seal is attached to the note.),,
transitivityDuel,td_056,c,3,シールをノートが付いた。,シールをノートが付いた。 (with a note.),,
transitivityDuel,td_056,d,4,シールがノートを付けた。,シールがノートを付けた。 (The seal attached a note.),,
transitivityDuel,td_057,a,1,名札が上着に付いた。,名札が上着に付いた。 (The name tag was on top.),,
transitivityDuel,td_057,b,2,名札を上着につけた。,名札を上着につけた。 (I put the name tag on top.),,
transitivityDuel,td_057,c,3,名札が上着を付けた。,名札が上着を付けた。 (The name tag was on top.),,
transitivityDuel,td_057,d,4,名札を上着が付けた。,名札を上着が付けた。 (The name tag was topped.),,
transitivityDuel,td_058,a,1,顔に日焼け止めを塗ってから日焼け止めを腕にも付けた。,"顔に日焼け止めを塗ってから日焼け止めを腕にも付けた。 (After applying sunscreen on the face, the sunscreen was attached to the arm.)",,
transitivityDuel,td_058,b,2,腕に日焼け止めが付けた。,腕に日焼け止めが付けた。 (sunscreen on the arm.),,
transitivityDuel,td_058,c,3,腕に日焼け止めを付けた。,腕に日焼け止めを付けた。 (sunscreen on the arm.),,
transitivityDuel,td_058,d,4,腕が日焼け止めを付けた。,腕が日焼け止めを付けた。 (The arm was sunscreened.),,
transitivityDuel,td_059,a,1,大家さんが壁を直した。,大家さんが壁を直した。 (Mr. Oya re壁ed the wall.),,
transitivityDuel,td_059,b,2,壁にカビが付いた。,壁にカビが付いた。 (The wall has a mold.),,
transitivityDuel,td_059,c,3,私が除湿器を買った。,私が除湿器を買った。 (I bought a dehumidifier.),,
transitivityDuel,td_059,d,4,雨が窓に付いた。,雨が窓に付いた。 (Rain on the window.),,
transitivityDuel,td_060,a,1,ラベルが箱に付いた。,ラベルが箱に付いた。 (labeled in the box.),,
transitivityDuel,td_060,b,2,ラベルを箱に付けた。,ラベルを箱に付けた。 (labeled in the box.),,
transitivityDuel,td_060,c,3,ラベルが箱を付けた。,ラベルが箱を付けた。 (labeled box.),,
transitivityDuel,td_060,d,4,ラベルを箱が付けた。,ラベルを箱が付けた。 (The label is boxed.),,
transitivityDuel,td_061,a,1,洗濯物をベランダで乾いた。,洗濯物をベランダで乾いた。 (Dried laundry with veranda.),,
transitivityDuel,td_061,b,2,洗濯物がベランダで乾いた。,洗濯物がベランダで乾いた。 (The laundry was dry with veranda.),,
transitivityDuel,td_061,c,3,洗濯物をベランダで乾かした。,洗濯物をベランダで乾かした。 (Dried laundry with veranda.),,
transitivityDuel,td_061,d,4,洗濯物がベランダで乾かした。,洗濯物がベランダで乾かした。 (The laundry was dry with a veranda.),,
transitivityDuel,td_062,a,1,髪が乾いてから眠った。,髪が乾いてから眠った。 (I drank my hair.),,
transitivityDuel,td_062,b,2,髪を乾かしてから眠った。,髪を乾かしてから眠った。 (I drank my hair.),,
transitivityDuel,td_062,c,3,髪が乾かしてから眠った。,髪が乾かしてから眠った。 (I drank my hair.),,
transitivityDuel,td_062,d,4,髪を乾いてから眠った。,髪を乾いてから眠った。 (I drank my hair.),,
transitivityDuel,td_063,a,1,靴を新聞で包んで乾かした。,靴を新聞で包んで乾かした。 (The shoes were wrapped in newspapers and dried.),,
transitivityDuel,td_063,b,2,靴が新聞で包んで乾かした。,靴が新聞で包んで乾かした。 (Shoes wrapped in newspapers and dried.),,
transitivityDuel,td_063,c,3,靴を新聞で包んで乾いた。,靴を新聞で包んで乾いた。 (I dried my shoes in newspaper.),,
transitivityDuel,td_063,d,4,靴が新聞で包んで乾いた。,靴が新聞で包んで乾いた。 (Shoes wrapped in newspapers and dry.),,
transitivityDuel,td_064,a,1,職人が刷毛を洗った。,職人が刷毛を洗った。 (The craftsman washed the hair.),,
transitivityDuel,td_064,b,2,ペンキが乾いた。,ペンキが乾いた。 (paint dry.),,
transitivityDuel,td_064,c,3,大家が材料を買った。,大家が材料を買った。 (The house bought the material.),,
transitivityDuel,td_064,d,4,窓を開けた。,窓を開けた。 (Opened the window.),,
transitivityDuel,td_065,a,1,食器が布巾で乾いた。,食器が布巾で乾いた。 (The dish was dried in the cloth.),,
transitivityDuel,td_065,b,2,食器を布巾で乾かした。,食器を布巾で乾かした。 (Dried tableware with cloth.),,
transitivityDuel,td_065,c,3,食器が布巾で乾かした。,食器が布巾で乾かした。 (Dried tableware with cloth.),,
transitivityDuel,td_065,d,4,食器を布巾で乾いた。,食器を布巾で乾いた。 (Dried tableware with cloth.),,
transitivityDuel,td_066,a,1,車を道路に並んだ。,車を道路に並んだ。 (on the road.),,
transitivityDuel,td_066,b,2,車が道路に並んだ。,車が道路に並んだ。 (The car 。 up on the road.),,
transitivityDuel,td_066,c,3,車を道路が並んだ。,車を道路が並んだ。 (roads),,
transitivityDuel,td_066,d,4,車が道路を並べた。,車が道路を並べた。 (The car 。 up the road.),,
transitivityDuel,td_067,a,1,椅子が十脚並んだ。,椅子が十脚並んだ。 (There are 10 chairs.),,
transitivityDuel,td_067,b,2,椅子を十脚並べた。,椅子を十脚並べた。 (The chairs are arranged on the table.),,
transitivityDuel,td_067,c,3,椅子が十脚並べた。,椅子が十脚並べた。 (The chairs were arranged.),,
transitivityDuel,td_067,d,4,椅子を十脚並んだ。,椅子を十脚並んだ。 (The chair was   up.),,
transitivityDuel,td_068,a,1,客が入口の前に並んでいた。,客が入口の前に並んでいた。 (The guests were   up in front of the entrance.),,
transitivityDuel,td_068,b,2,客を入口の前に並んでいた。,客を入口の前に並んでいた。 (I   up in front of the entrance.),,
transitivityDuel,td_068,c,3,客が入口の前を並べていた。,客が入口の前を並べていた。 (The guest was   up in front of the entrance.),,
transitivityDuel,td_068,d,4,客を入口の前に並べていた。,客を入口の前に並べていた。 (The customer was arranged in front of the entrance.),,
transitivityDuel,td_069,a,1,びんが棚に並んでいた。,びんが棚に並んでいた。 (The bottle was   up on the shelf.),,
transitivityDuel,td_069,b,2,びんを棚に並べてあった。,びんを棚に並べてあった。 (The bottle was arranged on the shelf.),,
transitivityDuel,td_069,c,3,びんが棚に並べてあった。,びんが棚に並べてあった。 (There was a bottle on the shelf.),,
transitivityDuel,td_069,d,4,びんを棚に並んでいた。,びんを棚に並んでいた。 (The bottle was   up on the shelf.),,
transitivityDuel,td_070,a,1,名前が画面にアルファベット順に並んでいる。,名前が画面にアルファベット順に並んでいる。 (The name is in alphabetical order on the screen.),,
transitivityDuel,td_070,b,2,名前を画面にアルファベット順に並べている。,名前を画面にアルファベット順に並べている。 (The name is arranged alphabetically on the screen.),,
transitivityDuel,td_070,c,3,名前が画面にアルファベット順に並べている。,名前が画面にアルファベット順に並べている。 (The name is arranged alphabetically on the screen.),,
transitivityDuel,td_070,d,4,名前を画面にアルファベット順に並んでいる。,名前を画面にアルファベット順に並んでいる。 (Names are arranged alphabetically on the screen.),,
transitivityDuel,td_071,a,1,天気を急に変えた。,天気を急に変えた。 (The weather suddenly changed.),,
transitivityDuel,td_071,b,2,天気が急に変わった。,天気が急に変わった。 (Weather suddenly changed.),,
transitivityDuel,td_071,c,3,天気を急に変わった。,天気を急に変わった。 (The weather suddenly changed.),,
transitivityDuel,td_071,d,4,天気が急に変えた。,天気が急に変えた。 (The weather suddenly changed.),,
transitivityDuel,td_072,a,1,次の駅で電車が変わった。,次の駅で電車が変わった。 (The train changed at the next station.),,
transitivityDuel,td_072,b,2,次の駅で電車を変えた。,次の駅で電車を変えた。 (I changed the train at the next station.),,
transitivityDuel,td_072,c,3,次の駅で電車が変えた。,次の駅で電車が変えた。 (I changed the train at the next station.),,
transitivityDuel,td_072,d,4,次の駅で電車を変わった。,次の駅で電車を変わった。 (I changed the train at the next station.),,
transitivityDuel,td_073,a,1,パスワードが新しいものに変えた。,パスワードが新しいものに変えた。 (Changed password to a new one.),,
transitivityDuel,td_073,b,2,パスワードを新しいものに変えた。,パスワードを新しいものに変えた。 (Changed password to a new one.),,
transitivityDuel,td_073,c,3,パスワードを新しいものに変わった。,パスワードを新しいものに変わった。 (Changed password to a new one.),,
transitivityDuel,td_073,d,4,パスワードが新しいものに変わった。,パスワードが新しいものに変わった。 (Your password has been changed.),,
transitivityDuel,td_074,a,1,社長が会見した。,社長が会見した。 (President met.),,
transitivityDuel,td_074,b,2,規則が来月から変わる。,規則が来月から変わる。 (The rules change.),,
transitivityDuel,td_074,c,3,人事が説明会を開いた。,人事が説明会を開いた。 (Human Resources Opened Briefing),,
transitivityDuel,td_074,d,4,書類を配った。,書類を配った。 (I gave a document.),,
transitivityDuel,td_075,a,1,会合がオンラインに変わった。,会合がオンラインに変わった。 (Meeting has changed online.),,
transitivityDuel,td_075,b,2,会合をオンラインに変えた。,会合をオンラインに変えた。 (Changed the meeting online.),,
transitivityDuel,td_075,c,3,会合がオンラインを変えた。,会合がオンラインを変えた。 (The meeting changed online.),,
transitivityDuel,td_075,d,4,会合をオンラインが変わった。,会合をオンラインが変わった。 (Online meetings have changed.),,
transitivityDuel,td_076,a,1,荷物を家に届いた。,荷物を家に届いた。 (I arrived at my house.),,
transitivityDuel,td_076,b,2,荷物が家に届いた。,荷物が家に届いた。 (I arrived at my house.),,
transitivityDuel,td_076,c,3,荷物を家が届いた。,荷物を家が届いた。 (I received my luggage.),,
transitivityDuel,td_076,d,4,荷物が家を届けた。,荷物が家を届けた。 (Your luggage delivered home.),,
transitivityDuel,td_077,a,1,ケーキが友だちの家に届いた。,ケーキが友だちの家に届いた。 (The cake arrived at the friend's house.),,
transitivityDuel,td_077,b,2,ケーキを友だちの家に届けた。,ケーキを友だちの家に届けた。 (The cake was delivered to the friend's house.),,
transitivityDuel,td_077,c,3,ケーキが友だちの家に届けた。,ケーキが友だちの家に届けた。 (The cake was delivered to the friend's house.),,
transitivityDuel,td_077,d,4,ケーキを友だちの家が届いた。,ケーキを友だちの家が届いた。 (I received a friend's house.),,
transitivityDuel,td_078,a,1,課題が先生に届けた。,課題が先生に届けた。 (The challenge was delivered to the teacher.),,
transitivityDuel,td_078,b,2,課題を先生に届けた。,課題を先生に届けた。 (Delivered the challenge to the teacher.),,
transitivityDuel,td_078,c,3,課題を先生が届いた。,課題を先生が届いた。 (The teacher delivered the issue.),,
transitivityDuel,td_078,d,4,課題が先生に届いた。,課題が先生に届いた。 (I reached the teacher.),,
transitivityDuel,td_079,a,1,配達員が玄関に来た。,配達員が玄関に来た。 (Delivery staff came to the entrance.),,
transitivityDuel,td_079,b,2,手紙が今朝届いていた。,手紙が今朝届いていた。 (The letter arrived in the morning.),,
transitivityDuel,td_079,c,3,私が封筒を開けた。,私が封筒を開けた。 (I opened an envel。.),,
transitivityDuel,td_079,d,4,郵便局が休みだった。,郵便局が休みだった。 (Post office was closed.),,
transitivityDuel,td_080,a,1,書類が係に届いた。,書類が係に届いた。 (The document arrived.),,
transitivityDuel,td_080,b,2,書類を係に届けた。,書類を係に届けた。 (Delivered documents to the staff.),,
transitivityDuel,td_080,c,3,書類が係を届けた。,書類が係を届けた。 (The document was delivered.),,
transitivityDuel,td_080,d,4,書類を係が届いた。,書類を係が届いた。 (I received a document.),,
transitivityDuel,td_081,a,1,席を戻った。,席を戻った。 (I returned the seat.),,
transitivityDuel,td_081,b,2,席に戻った。,席に戻った。 (Restaurant),,
transitivityDuel,td_081,c,3,席を戻した。,席を戻した。 (I returned the seat.),,
transitivityDuel,td_081,d,4,席が戻った。,席が戻った。 (The seat was returned.),,
transitivityDuel,td_082,a,1,針が一時間戻った。,針が一時間戻った。 (The needle returned for an hour.),,
transitivityDuel,td_082,b,2,針を一時間戻した。,針を一時間戻した。 (Back the needle for an hour.),,
transitivityDuel,td_082,c,3,針が一時間戻した。,針が一時間戻した。 (The needle returned for an hour.),,
transitivityDuel,td_082,d,4,針を一時間戻った。,針を一時間戻った。 (I returned the needle for an hour.),,
transitivityDuel,td_083,a,1,設定を初期値に戻した。,設定を初期値に戻した。 (Set to initial value.),,
transitivityDuel,td_083,b,2,設定が初期値に戻した。,設定が初期値に戻した。 (The setting returned to the initial value.),,
transitivityDuel,td_083,c,3,設定を初期値が戻った。,設定を初期値が戻った。 (Back to the initial value.),,
transitivityDuel,td_083,d,4,設定が初期値に戻った。,設定が初期値に戻った。 (The setting is displayed in the initial value.),,
transitivityDuel,td_084,a,1,私がリモコンを持った。,私がリモコンを持った。 (I have a remote control.),,
transitivityDuel,td_084,b,2,気温が夜に戻った。,気温が夜に戻った。 (),,
transitivityDuel,td_084,c,3,窓を開けた。,窓を開けた。 (Opened the window.),,
transitivityDuel,td_084,d,4,エンジニアが点検した。,エンジニアが点検した。 (Engineer checked.),,
transitivityDuel,td_085,a,1,本が棚に戻った。,本が棚に戻った。 (Books on the shelf),,
transitivityDuel,td_085,b,2,本を棚に戻した。,本を棚に戻した。 (Back to the shelf.),,
transitivityDuel,td_085,c,3,本が棚を戻した。,本が棚を戻した。 (The book was back.),,
transitivityDuel,td_085,d,4,本を棚が戻った。,本を棚が戻った。 (The book was back.),,
transitivityDuel,td_086,a,1,売上を去年より増えた。,売上を去年より増えた。 (Sales increased from last year.),,
transitivityDuel,td_086,b,2,売上が去年より増えた。,売上が去年より増えた。 (Sales increased from last year.),,
transitivityDuel,td_086,c,3,売上を去年より増やした。,売上を去年より増やした。 (Increased sales from last year.),,
transitivityDuel,td_086,d,4,売上が去年より増やした。,売上が去年より増やした。 (Sales increased from last year.),,
transitivityDuel,td_087,a,1,バスの本数が増えた。,バスの本数が増えた。 (The number of buses increased.),,
transitivityDuel,td_087,b,2,バスの本数を増やした。,バスの本数を増やした。 (The number of buses increased.),,
transitivityDuel,td_087,c,3,バスの本数が増やした。,バスの本数が増やした。 (The number of buses increased.),,
transitivityDuel,td_087,d,4,バスの本数を増えた。,バスの本数を増えた。 (The number of buses increased.),,
transitivityDuel,td_088,a,1,ミルクが少し増えた。,ミルクが少し増えた。 (I had a little milk.),,
transitivityDuel,td_088,b,2,ミルクを少し増やした。,ミルクを少し増やした。 (A little more milk.),,
transitivityDuel,td_088,c,3,ミルクが少し増やした。,ミルクが少し増やした。 (The milk gradually increased.),,
transitivityDuel,td_088,d,4,ミルクを少し増えた。,ミルクを少し増えた。 (A little bit of milk.),,
transitivityDuel,td_089,a,1,医者が説明した。,医者が説明した。 (The doctor explained.),,
transitivityDuel,td_089,b,2,体重が前より増えている。,体重が前より増えている。 (Body weight is increasing.),,
transitivityDuel,td_089,c,3,病院に行った。,病院に行った。 (Hospital),,
transitivityDuel,td_089,d,4,食事を変えた。,食事を変えた。 (I changed my meal.),,
transitivityDuel,td_090,a,1,品数が思い切り増えた。,品数が思い切り増えた。 (I thought of the number of products.),,
transitivityDuel,td_090,b,2,品数を思い切り増やした。,品数を思い切り増やした。 (I thought about the number of products.),,
transitivityDuel,td_090,c,3,品数が思い切り増やした。,品数が思い切り増やした。 (The number of products increased.),,
transitivityDuel,td_090,d,4,品数を思い切り増えた。,品数を思い切り増えた。 (I thought of the number of products.),,
transitivityDuel,td_091,a,1,水を半分に減った。,水を半分に減った。 (It decreased to half.),,
transitivityDuel,td_091,b,2,水が半分に減った。,水が半分に減った。 (Water decreased to half.),,
transitivityDuel,td_091,c,3,水を半分に減らした。,水を半分に減らした。 (Reduced to half.),,
transitivityDuel,td_091,d,4,水が半分に減らした。,水が半分に減らした。 (Water decreased to half.),,
transitivityDuel,td_092,a,1,コピー代が先月より減った。,コピー代が先月より減った。 (The copy price decreased from last month.),,
transitivityDuel,td_092,b,2,コピー代を先月より減らした。,コピー代を先月より減らした。 (Reduced the copy price from last month.),,
transitivityDuel,td_092,c,3,コピー代が先月より減らした。,コピー代が先月より減らした。 (The copy price decreased from last month.),,
transitivityDuel,td_092,d,4,コピー代を先月より減った。,コピー代を先月より減った。 (The copy price was reduced from last month.),,
transitivityDuel,td_093,a,1,砂糖を食事から減らした。,砂糖を食事から減らした。 (Reduced sugar from the diet.),,
transitivityDuel,td_093,b,2,砂糖が食事から減った。,砂糖が食事から減った。 (Sugar decreased from the meal.),,
transitivityDuel,td_093,c,3,砂糖を食事から減った。,砂糖を食事から減った。 (Reduced sugar from the meal.),,
transitivityDuel,td_093,d,4,砂糖が食事から減らした。,砂糖が食事から減らした。 (Sugar decreased from the meal.),,
transitivityDuel,td_094,a,1,警備員が誘導した。,警備員が誘導した。 (A security guard guided.),,
transitivityDuel,td_094,b,2,人がだんだん減っていった。,人がだんだん減っていった。 (Don't have to lose people.),,
transitivityDuel,td_094,c,3,ステージのライトが消えた。,ステージのライトが消えた。 (The light of the stage disappeared.),,
transitivityDuel,td_094,d,4,ゴミ箱がいっぱいだった。,ゴミ箱がいっぱいだった。 (The trash was full.),,
transitivityDuel,td_095,a,1,お菓子の量が週ごとに減らした。,お菓子の量が週ごとに減らした。 (Sweets decreased every week.),,
transitivityDuel,td_095,b,2,お菓子の量を週ごとに減らした。,お菓子の量を週ごとに減らした。 (Reduced sweets every week.),,
transitivityDuel,td_095,c,3,お菓子の量が週ごとに減った。,お菓子の量が週ごとに減った。 (Sweets decreased every week.),,
transitivityDuel,td_095,d,4,お菓子の量を週ごとに減った。,お菓子の量を週ごとに減った。 (Reduced sweets every week.),,
transitivityDuel,td_096,a,1,六時に目覚ましを起きた。,"六時に目覚ましを起きた。 (At 6 o'clock, you can see the alarm.)",,
transitivityDuel,td_096,b,2,六時に起きた。,六時に起きた。 (It is held at 6 o'clock.),,
transitivityDuel,td_096,c,3,六時を起きた。,六時を起きた。 (6 hours),,
transitivityDuel,td_096,d,4,六時に起こした。,六時に起こした。 (6 hours),,
transitivityDuel,td_097,a,1,子どもが六時に起きた。,子どもが六時に起きた。 (Children are welcome.),,
transitivityDuel,td_097,b,2,子どもを六時に起こした。,子どもを六時に起こした。 (The child occurred at six times.),,
transitivityDuel,td_097,c,3,子どもが六時に起こした。,子どもが六時に起こした。 (The child occurred at six times.),,
transitivityDuel,td_097,d,4,子どもを六時に起きた。,子どもを六時に起きた。 (I will teach children at 6pm.),,
transitivityDuel,td_098,a,1,友だちの肩を揺さぶって起こした。,友だちの肩を揺さぶって起こした。 (I起こed my friend's shoulder.),,
transitivityDuel,td_098,b,2,友だちが肩を揺さぶって起こした。,友だちが肩を揺さぶって起こした。 (My friend起こed my shoulder.),,
transitivityDuel,td_098,c,3,友だちの肩を揺さぶって起きた。,友だちの肩を揺さぶって起きた。 (Let's shake the shoulder of your friend.),,
transitivityDuel,td_098,d,4,友だちが肩を揺さぶって起きた。,友だちが肩を揺さぶって起きた。 (The friend shakes the shoulder.),,
transitivityDuel,td_099,a,1,記者が現場にいた。,記者が現場にいた。 (The reporter was in the field.),,
transitivityDuel,td_099,b,2,事故が今朝起きた。,事故が今朝起きた。 (Accidents are held this morning.),,
transitivityDuel,td_099,c,3,警察が調べた。,警察が調べた。 (Police examined.),,
transitivityDuel,td_099,d,4,道路が混んでいた。,道路が混んでいた。 (The road was .),,
transitivityDuel,td_100,a,1,現場で重大な事態を起きた。,現場で重大な事態を起きた。 (You can see serious situations in the field.),,
transitivityDuel,td_100,b,2,現場で重大な事態が起きた。,現場で重大な事態が起きた。 (There are serious situations in the field.),,
transitivityDuel,td_100,c,3,現場で重大な事態を起こした。,現場で重大な事態を起こした。 (A serious situation occurred in the field.),,
transitivityDuel,td_100,d,4,現場で重大な事態が起こした。,現場で重大な事態が起こした。 (A serious situation occurred in the field.),,
verbConjugation,vc_001,a,1,食べた,食べた (),,
verbConjugation,vc_001,b,2,食べて,食べて (Restaurant),,
verbConjugation,vc_001,c,3,食べない,食べない (Don't eat),,
verbConjugation,vc_001,d,4,食べます,食べます (Eat),,
verbConjugation,vc_002,a,1,食べない,食べない (Don't eat),,
verbConjugation,vc_002,b,2,食べた,食べた (),,
verbConjugation,vc_002,c,3,食べて,食べて (Restaurant),,
verbConjugation,vc_002,d,4,食べます,食べます (Eat),,
verbConjugation,vc_003,a,1,食べます,食べます (Eat),,
verbConjugation,vc_003,b,2,食べない,食べない (Don't eat),,
verbConjugation,vc_003,c,3,食べて,食べて (Restaurant),,
verbConjugation,vc_003,d,4,食べた,食べた (),,
verbConjugation,vc_004,a,1,食べます,食べます (Eat),,
verbConjugation,vc_004,b,2,食べて,食べて (Restaurant),,
verbConjugation,vc_004,c,3,食べない,食べない (Don't eat),,
verbConjugation,vc_004,d,4,食べた,食べた (),,
verbConjugation,vc_005,a,1,見て,見て (Close),,
verbConjugation,vc_005,b,2,見た,見た (Seen),,
verbConjugation,vc_005,c,3,見ない,見ない (Not seen),,
verbConjugation,vc_005,d,4,見ます,見ます (See),,
verbConjugation,vc_006,a,1,見ます,見ます (See),,
verbConjugation,vc_006,b,2,見ない,見ない (Not seen),,
verbConjugation,vc_006,c,3,見た,見た (Seen),,
verbConjugation,vc_006,d,4,見て,見て (Close),,
verbConjugation,vc_007,a,1,見て,見て (Close),,
verbConjugation,vc_007,b,2,見ます,見ます (See),,
verbConjugation,vc_007,c,3,見た,見た (Seen),,
verbConjugation,vc_007,d,4,見ない,見ない (Not seen),,
verbConjugation,vc_008,a,1,見ます,見ます (See),,
verbConjugation,vc_008,b,2,見た,見た (Seen),,
verbConjugation,vc_008,c,3,見ない,見ない (Not seen),,
verbConjugation,vc_008,d,4,見て,見て (Close),,
verbConjugation,vc_009,a,1,起きます,起きます (Get up),,
verbConjugation,vc_009,b,2,起きた,起きた (),,
verbConjugation,vc_009,c,3,起きて,起きて (Home),,
verbConjugation,vc_009,d,4,起きない,起きない (Don't get up),,
verbConjugation,vc_010,a,1,起きた,起きた (),,
verbConjugation,vc_010,b,2,起きない,起きない (Don't get up),,
verbConjugation,vc_010,c,3,起きて,起きて (Home),,
verbConjugation,vc_010,d,4,起きます,起きます (Get up),,
verbConjugation,vc_011,a,1,起きて,起きて (Home),,
verbConjugation,vc_011,b,2,起きます,起きます (Get up),,
verbConjugation,vc_011,c,3,起きない,起きない (Don't get up),,
verbConjugation,vc_011,d,4,起きた,起きた (),,
verbConjugation,vc_012,a,1,起きた,起きた (),,
verbConjugation,vc_012,b,2,起きて,起きて (Home),,
verbConjugation,vc_012,c,3,起きます,起きます (Get up),,
verbConjugation,vc_012,d,4,起きない,起きない (Don't get up),,
verbConjugation,vc_013,a,1,寝ない,寝ない (sleeping),,
verbConjugation,vc_013,b,2,寝て,寝て (sleeping),,
verbConjugation,vc_013,c,3,寝ます,寝ます (sleeping),,
verbConjugation,vc_013,d,4,寝た,寝た (sleeping),,
verbConjugation,vc_014,a,1,寝た,寝た (sleeping),,
verbConjugation,vc_014,b,2,寝ない,寝ない (sleeping),,
verbConjugation,vc_014,c,3,寝ます,寝ます (sleeping),,
verbConjugation,vc_014,d,4,寝て,寝て (sleeping),,
verbConjugation,vc_015,a,1,寝た,寝た (sleeping),,
verbConjugation,vc_015,b,2,寝ます,寝ます (sleeping),,
verbConjugation,vc_015,c,3,寝ない,寝ない (sleeping),,
verbConjugation,vc_015,d,4,寝て,寝て (sleeping),,
verbConjugation,vc_016,a,1,寝た,寝た (sleeping),,
verbConjugation,vc_016,b,2,寝ない,寝ない (sleeping),,
verbConjugation,vc_016,c,3,寝て,寝て (sleeping),,
verbConjugation,vc_016,d,4,寝ます,寝ます (sleeping),,
verbConjugation,vc_017,a,1,借りて,借りて (Rent),,
verbConjugation,vc_017,b,2,借りない,借りない (No rental),,
verbConjugation,vc_017,c,3,借りた,借りた (Rent),,
verbConjugation,vc_017,d,4,借ります,借ります (Rent),,
verbConjugation,vc_018,a,1,借ります,借ります (Rent),,
verbConjugation,vc_018,b,2,借りない,借りない (No rental),,
verbConjugation,vc_018,c,3,借りて,借りて (Rent),,
verbConjugation,vc_018,d,4,借りた,借りた (Rent),,
verbConjugation,vc_019,a,1,借りない,借りない (No rental),,
verbConjugation,vc_019,b,2,借りて,借りて (Rent),,
verbConjugation,vc_019,c,3,借ります,借ります (Rent),,
verbConjugation,vc_019,d,4,借りた,借りた (Rent),,
verbConjugation,vc_020,a,1,借りない,借りない (No rental),,
verbConjugation,vc_020,b,2,借ります,借ります (Rent),,
verbConjugation,vc_020,c,3,借りて,借りて (Rent),,
verbConjugation,vc_020,d,4,借りた,借りた (Rent),,
verbConjugation,vc_021,a,1,着ます,着ます (Contact Us),,
verbConjugation,vc_021,b,2,着た,着た (Home),,
verbConjugation,vc_021,c,3,着ない,着ない (Not worn),,
verbConjugation,vc_021,d,4,着て,着て (Home),,
verbConjugation,vc_022,a,1,着て,着て (Home),,
verbConjugation,vc_022,b,2,着ない,着ない (Not worn),,
verbConjugation,vc_022,c,3,着た,着た (Home),,
verbConjugation,vc_022,d,4,着ます,着ます (Contact Us),,
verbConjugation,vc_023,a,1,着ます,着ます (Contact Us),,
verbConjugation,vc_023,b,2,着ない,着ない (Not worn),,
verbConjugation,vc_023,c,3,着て,着て (Home),,
verbConjugation,vc_023,d,4,着た,着た (Home),,
verbConjugation,vc_024,a,1,着て,着て (Home),,
verbConjugation,vc_024,b,2,着た,着た (Home),,
verbConjugation,vc_024,c,3,着ない,着ない (Not worn),,
verbConjugation,vc_024,d,4,着ます,着ます (Contact Us),,
verbConjugation,vc_025,a,1,した,した (),,
verbConjugation,vc_025,b,2,します,します (Home),,
verbConjugation,vc_025,c,3,して,して (Home),,
verbConjugation,vc_025,d,4,しない,しない (not),,
verbConjugation,vc_026,a,1,します,します (Home),,
verbConjugation,vc_026,b,2,しない,しない (not),,
verbConjugation,vc_026,c,3,して,して (Home),,
verbConjugation,vc_026,d,4,した,した (),,
verbConjugation,vc_027,a,1,しない,しない (not),,
verbConjugation,vc_027,b,2,して,して (Home),,
verbConjugation,vc_027,c,3,します,します (Home),,
verbConjugation,vc_027,d,4,した,した (),,
verbConjugation,vc_028,a,1,します,します (Home),,
verbConjugation,vc_028,b,2,した,した (),,
verbConjugation,vc_028,c,3,しない,しない (not),,
verbConjugation,vc_028,d,4,して,して (Home),,
verbConjugation,vc_029,a,1,来ない,来ない (Contact Us),,
verbConjugation,vc_029,b,2,来て,来て (Come),,
verbConjugation,vc_029,c,3,来ます,来ます (Contact Us),,
verbConjugation,vc_029,d,4,来た,来た (Home),,
verbConjugation,vc_030,a,1,来て,来て (Come),,
verbConjugation,vc_030,b,2,来ます,来ます (Contact Us),,
verbConjugation,vc_030,c,3,来た,来た (Home),,
verbConjugation,vc_030,d,4,来ない,来ない (Contact Us),,
verbConjugation,vc_031,a,1,来て,来て (Come),,
verbConjugation,vc_031,b,2,来た,来た (Home),,
verbConjugation,vc_031,c,3,来ない,来ない (Contact Us),,
verbConjugation,vc_031,d,4,来ます,来ます (Contact Us),,
verbConjugation,vc_032,a,1,来ない,来ない (Contact Us),,
verbConjugation,vc_032,b,2,来た,来た (Home),,
verbConjugation,vc_032,c,3,来て,来て (Come),,
verbConjugation,vc_032,d,4,来ます,来ます (Contact Us),,
verbConjugation,vc_033,a,1,行きます,行きます (Go),,
verbConjugation,vc_033,b,2,行って,行って (Contact Us),,
verbConjugation,vc_033,c,3,行った,行った (Contact Us),,
verbConjugation,vc_033,d,4,行かない,行かない (Contact Us),,
verbConjugation,vc_034,a,1,行きます,行きます (Go),,
verbConjugation,vc_034,b,2,行かない,行かない (Contact Us),,
verbConjugation,vc_034,c,3,行って,行って (Contact Us),,
verbConjugation,vc_034,d,4,行った,行った (Contact Us),,
verbConjugation,vc_035,a,1,行きます,行きます (Go),,
verbConjugation,vc_035,b,2,行って,行って (Contact Us),,
verbConjugation,vc_035,c,3,行った,行った (Contact Us),,
verbConjugation,vc_035,d,4,行かない,行かない (Contact Us),,
verbConjugation,vc_036,a,1,行きます,行きます (Go),,
verbConjugation,vc_036,b,2,行って,行って (Contact Us),,
verbConjugation,vc_036,c,3,行った,行った (Contact Us),,
verbConjugation,vc_036,d,4,行かない,行かない (Contact Us),,
verbConjugation,vc_037,a,1,書いて,書いて (),,
verbConjugation,vc_037,b,2,書きます,書きます (Write),,
verbConjugation,vc_037,c,3,書いた,書いた (I wrote),,
verbConjugation,vc_037,d,4,書かない,書かない (Not written),,
verbConjugation,vc_038,a,1,書いて,書いて (),,
verbConjugation,vc_038,b,2,書いた,書いた (I wrote),,
verbConjugation,vc_038,c,3,書きます,書きます (Write),,
verbConjugation,vc_038,d,4,書かない,書かない (Not written),,
verbConjugation,vc_039,a,1,書きます,書きます (Write),,
verbConjugation,vc_039,b,2,書いた,書いた (I wrote),,
verbConjugation,vc_039,c,3,書かない,書かない (Not written),,
verbConjugation,vc_039,d,4,書いて,書いて (),,
verbConjugation,vc_040,a,1,書いた,書いた (I wrote),,
verbConjugation,vc_040,b,2,書きます,書きます (Write),,
verbConjugation,vc_040,c,3,書いて,書いて (),,
verbConjugation,vc_040,d,4,書かない,書かない (Not written),,
verbConjugation,vc_041,a,1,聞かない,聞かない (Don't ask),,
verbConjugation,vc_041,b,2,聞いて,聞いて (Contact Us),,
verbConjugation,vc_041,c,3,聞きます,聞きます (Listen),,
verbConjugation,vc_041,d,4,聞いた,聞いた (I heard),,
verbConjugation,vc_042,a,1,聞いた,聞いた (I heard),,
verbConjugation,vc_042,b,2,聞きます,聞きます (Listen),,
verbConjugation,vc_042,c,3,聞いて,聞いて (Contact Us),,
verbConjugation,vc_042,d,4,聞かない,聞かない (Don't ask),,
verbConjugation,vc_043,a,1,聞かない,聞かない (Don't ask),,
verbConjugation,vc_043,b,2,聞きます,聞きます (Listen),,
verbConjugation,vc_043,c,3,聞いて,聞いて (Contact Us),,
verbConjugation,vc_043,d,4,聞いた,聞いた (I heard),,
verbConjugation,vc_044,a,1,聞いた,聞いた (I heard),,
verbConjugation,vc_044,b,2,聞かない,聞かない (Don't ask),,
verbConjugation,vc_044,c,3,聞いて,聞いて (Contact Us),,
verbConjugation,vc_044,d,4,聞きます,聞きます (Listen),,
verbConjugation,vc_045,a,1,話して,話して (Talk),,
verbConjugation,vc_045,b,2,話します,話します (Talk),,
verbConjugation,vc_045,c,3,話さない,話さない (Not Talking),,
verbConjugation,vc_045,d,4,話した,話した (Talked),,
verbConjugation,vc_046,a,1,話した,話した (Talked),,
verbConjugation,vc_046,b,2,話して,話して (Talk),,
verbConjugation,vc_046,c,3,話さない,話さない (Not Talking),,
verbConjugation,vc_046,d,4,話します,話します (Talk),,
verbConjugation,vc_047,a,1,話さない,話さない (Not Talking),,
verbConjugation,vc_047,b,2,話します,話します (Talk),,
verbConjugation,vc_047,c,3,話して,話して (Talk),,
verbConjugation,vc_047,d,4,話した,話した (Talked),,
verbConjugation,vc_048,a,1,話します,話します (Talk),,
verbConjugation,vc_048,b,2,話して,話して (Talk),,
verbConjugation,vc_048,c,3,話さない,話さない (Not Talking),,
verbConjugation,vc_048,d,4,話した,話した (Talked),,
verbConjugation,vc_049,a,1,読まない,読まない (Not read),,
verbConjugation,vc_049,b,2,読みます,読みます (Read),,
verbConjugation,vc_049,c,3,読んで,読んで (Read More),,
verbConjugation,vc_049,d,4,読んだ,読んだ (Read),,
verbConjugation,vc_050,a,1,読みます,読みます (Read),,
verbConjugation,vc_050,b,2,読んだ,読んだ (Read),,
verbConjugation,vc_050,c,3,読まない,読まない (Not read),,
verbConjugation,vc_050,d,4,読んで,読んで (Read More),,
verbConjugation,vc_051,a,1,読まない,読まない (Not read),,
verbConjugation,vc_051,b,2,読みます,読みます (Read),,
verbConjugation,vc_051,c,3,読んで,読んで (Read More),,
verbConjugation,vc_051,d,4,読んだ,読んだ (Read),,
verbConjugation,vc_052,a,1,読みます,読みます (Read),,
verbConjugation,vc_052,b,2,読んだ,読んだ (Read),,
verbConjugation,vc_052,c,3,読んで,読んで (Read More),,
verbConjugation,vc_052,d,4,読まない,読まない (Not read),,
verbConjugation,vc_053,a,1,飲みます,飲みます (Drink),,
verbConjugation,vc_053,b,2,飲まない,飲まない (Don't drink),,
verbConjugation,vc_053,c,3,飲んだ,飲んだ (Drink),,
verbConjugation,vc_053,d,4,飲んで,飲んで (Drink),,
verbConjugation,vc_054,a,1,飲んで,飲んで (Drink),,
verbConjugation,vc_054,b,2,飲んだ,飲んだ (Drink),,
verbConjugation,vc_054,c,3,飲まない,飲まない (Don't drink),,
verbConjugation,vc_054,d,4,飲みます,飲みます (Drink),,
verbConjugation,vc_055,a,1,飲まない,飲まない (Don't drink),,
verbConjugation,vc_055,b,2,飲んだ,飲んだ (Drink),,
verbConjugation,vc_055,c,3,飲んで,飲んで (Drink),,
verbConjugation,vc_055,d,4,飲みます,飲みます (Drink),,
verbConjugation,vc_056,a,1,飲まない,飲まない (Don't drink),,
verbConjugation,vc_056,b,2,飲んだ,飲んだ (Drink),,
verbConjugation,vc_056,c,3,飲みます,飲みます (Drink),,
verbConjugation,vc_056,d,4,飲んで,飲んで (Drink),,
verbConjugation,vc_057,a,1,待ちます,待ちます (Wait),,
verbConjugation,vc_057,b,2,待って,待って (Close),,
verbConjugation,vc_057,c,3,待った,待った (Wait),,
verbConjugation,vc_057,d,4,待たない,待たない (Not waiting),,
verbConjugation,vc_058,a,1,待ちます,待ちます (Wait),,
verbConjugation,vc_058,b,2,待った,待った (Wait),,
verbConjugation,vc_058,c,3,待たない,待たない (Not waiting),,
verbConjugation,vc_058,d,4,待って,待って (Close),,
verbConjugation,vc_059,a,1,待って,待って (Close),,
verbConjugation,vc_059,b,2,待たない,待たない (Not waiting),,
verbConjugation,vc_059,c,3,待ちます,待ちます (Wait),,
verbConjugation,vc_059,d,4,待った,待った (Wait),,
verbConjugation,vc_060,a,1,待った,待った (Wait),,
verbConjugation,vc_060,b,2,待たない,待たない (Not waiting),,
verbConjugation,vc_060,c,3,待って,待って (Close),,
verbConjugation,vc_060,d,4,待ちます,待ちます (Wait),,
verbConjugation,vc_061,a,1,買って,買って (Buy),,
verbConjugation,vc_061,b,2,買った,買った (I bought),,
verbConjugation,vc_061,c,3,買わない,買わない (Don't buy),,
verbConjugation,vc_061,d,4,買います,買います (Buy),,
verbConjugation,vc_062,a,1,買わない,買わない (Don't buy),,
verbConjugation,vc_062,b,2,買った,買った (I bought),,
verbConjugation,vc_062,c,3,買って,買って (Buy),,
verbConjugation,vc_062,d,4,買います,買います (Buy),,
verbConjugation,vc_063,a,1,買います,買います (Buy),,
verbConjugation,vc_063,b,2,買わない,買わない (Don't buy),,
verbConjugation,vc_063,c,3,買った,買った (I bought),,
verbConjugation,vc_063,d,4,買って,買って (Buy),,
verbConjugation,vc_064,a,1,買わない,買わない (Don't buy),,
verbConjugation,vc_064,b,2,買います,買います (Buy),,
verbConjugation,vc_064,c,3,買った,買った (I bought),,
verbConjugation,vc_064,d,4,買って,買って (Buy),,
verbConjugation,vc_065,a,1,帰らない,帰らない (Home),,
verbConjugation,vc_065,b,2,帰ります,帰ります (Home),,
verbConjugation,vc_065,c,3,帰った,帰った (Home),,
verbConjugation,vc_065,d,4,帰って,帰って (Home),,
verbConjugation,vc_066,a,1,帰った,帰った (Home),,
verbConjugation,vc_066,b,2,帰ります,帰ります (Home),,
verbConjugation,vc_066,c,3,帰って,帰って (Home),,
verbConjugation,vc_066,d,4,帰らない,帰らない (Home),,
verbConjugation,vc_067,a,1,帰ります,帰ります (Home),,
verbConjugation,vc_067,b,2,帰って,帰って (Home),,
verbConjugation,vc_067,c,3,帰った,帰った (Home),,
verbConjugation,vc_067,d,4,帰らない,帰らない (Home),,
verbConjugation,vc_068,a,1,帰った,帰った (Home),,
verbConjugation,vc_068,b,2,帰ります,帰ります (Home),,
verbConjugation,vc_068,c,3,帰って,帰って (Home),,
verbConjugation,vc_068,d,4,帰らない,帰らない (Home),,
verbConjugation,vc_069,a,1,入ります,入ります (Contact Us),,
verbConjugation,vc_069,b,2,入らない,入らない (Not Included),,
verbConjugation,vc_069,c,3,入って,入って (Contact Us),,
verbConjugation,vc_069,d,4,入った,入った (Close),,
verbConjugation,vc_070,a,1,入ります,入ります (Contact Us),,
verbConjugation,vc_070,b,2,入って,入って (Contact Us),,
verbConjugation,vc_070,c,3,入った,入った (Close),,
verbConjugation,vc_070,d,4,入らない,入らない (Not Included),,
verbConjugation,vc_071,a,1,入って,入って (Contact Us),,
verbConjugation,vc_071,b,2,入ります,入ります (Contact Us),,
verbConjugation,vc_071,c,3,入らない,入らない (Not Included),,
verbConjugation,vc_071,d,4,入った,入った (Close),,
verbConjugation,vc_072,a,1,入ります,入ります (Contact Us),,
verbConjugation,vc_072,b,2,入った,入った (Close),,
verbConjugation,vc_072,c,3,入らない,入らない (Not Included),,
verbConjugation,vc_072,d,4,入って,入って (Contact Us),,
verbConjugation,vc_073,a,1,走った,走った (ran),,
verbConjugation,vc_073,b,2,走らない,走らない (Not running),,
verbConjugation,vc_073,c,3,走ります,走ります (Running),,
verbConjugation,vc_073,d,4,走って,走って (Run),,
verbConjugation,vc_074,a,1,走った,走った (ran),,
verbConjugation,vc_074,b,2,走って,走って (Run),,
verbConjugation,vc_074,c,3,走らない,走らない (Not running),,
verbConjugation,vc_074,d,4,走ります,走ります (Running),,
verbConjugation,vc_075,a,1,走らない,走らない (Not running),,
verbConjugation,vc_075,b,2,走った,走った (ran),,
verbConjugation,vc_075,c,3,走ります,走ります (Running),,
verbConjugation,vc_075,d,4,走って,走って (Run),,
verbConjugation,vc_076,a,1,走って,走って (Run),,
verbConjugation,vc_076,b,2,走った,走った (ran),,
verbConjugation,vc_076,c,3,走ります,走ります (Running),,
verbConjugation,vc_076,d,4,走らない,走らない (Not running),,
verbConjugation,vc_077,a,1,死んで,死んで (dead),,
verbConjugation,vc_077,b,2,死なない,死なない (No Death),,
verbConjugation,vc_077,c,3,死んだ,死んだ (dead),,
verbConjugation,vc_077,d,4,死にます,死にます (Death),,
verbConjugation,vc_078,a,1,死にます,死にます (Death),,
verbConjugation,vc_078,b,2,死んだ,死んだ (dead),,
verbConjugation,vc_078,c,3,死なない,死なない (No Death),,
verbConjugation,vc_078,d,4,死んで,死んで (dead),,
verbConjugation,vc_079,a,1,死んだ,死んだ (dead),,
verbConjugation,vc_079,b,2,死んで,死んで (dead),,
verbConjugation,vc_079,c,3,死にます,死にます (Death),,
verbConjugation,vc_079,d,4,死なない,死なない (No Death),,
verbConjugation,vc_080,a,1,死んで,死んで (dead),,
verbConjugation,vc_080,b,2,死なない,死なない (No Death),,
verbConjugation,vc_080,c,3,死んだ,死んだ (dead),,
verbConjugation,vc_080,d,4,死にます,死にます (Death),,
verbConjugation,vc_081,a,1,遊んだ,遊んだ (Play),,
verbConjugation,vc_081,b,2,遊びます,遊びます (Play),,
verbConjugation,vc_081,c,3,遊ばない,遊ばない (No play),,
verbConjugation,vc_081,d,4,遊んで,遊んで (Play),,
verbConjugation,vc_082,a,1,遊んで,遊んで (Play),,
verbConjugation,vc_082,b,2,遊んだ,遊んだ (Play),,
verbConjugation,vc_082,c,3,遊びます,遊びます (Play),,
verbConjugation,vc_082,d,4,遊ばない,遊ばない (No play),,
verbConjugation,vc_083,a,1,遊んだ,遊んだ (Play),,
verbConjugation,vc_083,b,2,遊ばない,遊ばない (No play),,
verbConjugation,vc_083,c,3,遊びます,遊びます (Play),,
verbConjugation,vc_083,d,4,遊んで,遊んで (Play),,
verbConjugation,vc_084,a,1,遊んで,遊んで (Play),,
verbConjugation,vc_084,b,2,遊んだ,遊んだ (Play),,
verbConjugation,vc_084,c,3,遊ばない,遊ばない (No play),,
verbConjugation,vc_084,d,4,遊びます,遊びます (Play),,
verbConjugation,vc_085,a,1,泳がない,泳がない (No swimming),,
verbConjugation,vc_085,b,2,泳いだ,泳いだ (Swimming),,
verbConjugation,vc_085,c,3,泳ぎます,泳ぎます (swim),,
verbConjugation,vc_085,d,4,泳いで,泳いで (Swimming),,
verbConjugation,vc_086,a,1,泳ぎます,泳ぎます (swim),,
verbConjugation,vc_086,b,2,泳がない,泳がない (No swimming),,
verbConjugation,vc_086,c,3,泳いで,泳いで (Swimming),,
verbConjugation,vc_086,d,4,泳いだ,泳いだ (Swimming),,
verbConjugation,vc_087,a,1,泳ぎます,泳ぎます (swim),,
verbConjugation,vc_087,b,2,泳いだ,泳いだ (Swimming),,
verbConjugation,vc_087,c,3,泳いで,泳いで (Swimming),,
verbConjugation,vc_087,d,4,泳がない,泳がない (No swimming),,
verbConjugation,vc_088,a,1,泳ぎます,泳ぎます (swim),,
verbConjugation,vc_088,b,2,泳いだ,泳いだ (Swimming),,
verbConjugation,vc_088,c,3,泳いで,泳いで (Swimming),,
verbConjugation,vc_088,d,4,泳がない,泳がない (No swimming),,
verbConjugation,vc_089,a,1,持たない,持たない (Don't have),,
verbConjugation,vc_089,b,2,持った,持った (),,
verbConjugation,vc_089,c,3,持ちます,持ちます (Close),,
verbConjugation,vc_089,d,4,持って,持って (),,
verbConjugation,vc_090,a,1,持った,持った (),,
verbConjugation,vc_090,b,2,持って,持って (),,
verbConjugation,vc_090,c,3,持たない,持たない (Don't have),,
verbConjugation,vc_090,d,4,持ちます,持ちます (Close),,
verbConjugation,vc_091,a,1,持たない,持たない (Don't have),,
verbConjugation,vc_091,b,2,持った,持った (),,
verbConjugation,vc_091,c,3,持って,持って (),,
verbConjugation,vc_091,d,4,持ちます,持ちます (Close),,
verbConjugation,vc_092,a,1,持った,持った (),,
verbConjugation,vc_092,b,2,持って,持って (),,
verbConjugation,vc_092,c,3,持ちます,持ちます (Close),,
verbConjugation,vc_092,d,4,持たない,持たない (Don't have),,
verbConjugation,vc_093,a,1,作らない,作らない (Don't make),,
verbConjugation,vc_093,b,2,作って,作って (Make),,
verbConjugation,vc_093,c,3,作ります,作ります (Make),,
verbConjugation,vc_093,d,4,作った,作った (Created),,
verbConjugation,vc_094,a,1,作って,作って (Make),,
verbConjugation,vc_094,b,2,作った,作った (Created),,
verbConjugation,vc_094,c,3,作らない,作らない (Don't make),,
verbConjugation,vc_094,d,4,作ります,作ります (Make),,
verbConjugation,vc_095,a,1,作った,作った (Created),,
verbConjugation,vc_095,b,2,作らない,作らない (Don't make),,
verbConjugation,vc_095,c,3,作って,作って (Make),,
verbConjugation,vc_095,d,4,作ります,作ります (Make),,
verbConjugation,vc_096,a,1,作って,作って (Make),,
verbConjugation,vc_096,b,2,作らない,作らない (Don't make),,
verbConjugation,vc_096,c,3,作ります,作ります (Make),,
verbConjugation,vc_096,d,4,作った,作った (Created),,
verbConjugation,vc_097,a,1,使った,使った (Contact Us),,
verbConjugation,vc_097,b,2,使わない,使わない (Not used),,
verbConjugation,vc_097,c,3,使って,使って (Use),,
verbConjugation,vc_097,d,4,使います,使います (Use),,
verbConjugation,vc_098,a,1,使います,使います (Use),,
verbConjugation,vc_098,b,2,使わない,使わない (Not used),,
verbConjugation,vc_098,c,3,使った,使った (Contact Us),,
verbConjugation,vc_098,d,4,使って,使って (Use),,
verbConjugation,vc_099,a,1,使わない,使わない (Not used),,
verbConjugation,vc_099,b,2,使います,使います (Use),,
verbConjugation,vc_099,c,3,使った,使った (Contact Us),,
verbConjugation,vc_099,d,4,使って,使って (Use),,
verbConjugation,vc_100,a,1,使って,使って (Use),,
verbConjugation,vc_100,b,2,使います,使います (Use),,
verbConjugation,vc_100,c,3,使った,使った (Contact Us),,
verbConjugation,vc_100,d,4,使わない,使わない (Not used),,
verbConjugation,vc_101,a,1,会わない,会わない (Don't meet),,
verbConjugation,vc_101,b,2,会って,会って (Contact Us),,
verbConjugation,vc_101,c,3,会います,会います (Contact Us),,
verbConjugation,vc_101,d,4,会った,会った (Contact Us),,
verbConjugation,vc_102,a,1,会います,会います (Contact Us),,
verbConjugation,vc_102,b,2,会って,会って (Contact Us),,
verbConjugation,vc_102,c,3,会わない,会わない (Don't meet),,
verbConjugation,vc_102,d,4,会った,会った (Contact Us),,
verbConjugation,vc_103,a,1,会います,会います (Contact Us),,
verbConjugation,vc_103,b,2,会った,会った (Contact Us),,
verbConjugation,vc_103,c,3,会わない,会わない (Don't meet),,
verbConjugation,vc_103,d,4,会って,会って (Contact Us),,
verbConjugation,vc_104,a,1,会って,会って (Contact Us),,
verbConjugation,vc_104,b,2,会わない,会わない (Don't meet),,
verbConjugation,vc_104,c,3,会った,会った (Contact Us),,
verbConjugation,vc_104,d,4,会います,会います (Contact Us),,
verbConjugation,vc_105,a,1,売って,売って (Sell),,
verbConjugation,vc_105,b,2,売らない,売らない (Not sold),,
verbConjugation,vc_105,c,3,売った,売った (Sold),,
verbConjugation,vc_105,d,4,売ります,売ります (Sell),,
verbConjugation,vc_106,a,1,売らない,売らない (Not sold),,
verbConjugation,vc_106,b,2,売って,売って (Sell),,
verbConjugation,vc_106,c,3,売ります,売ります (Sell),,
verbConjugation,vc_106,d,4,売った,売った (Sold),,
verbConjugation,vc_107,a,1,売らない,売らない (Not sold),,
verbConjugation,vc_107,b,2,売ります,売ります (Sell),,
verbConjugation,vc_107,c,3,売った,売った (Sold),,
verbConjugation,vc_107,d,4,売って,売って (Sell),,
verbConjugation,vc_108,a,1,売って,売って (Sell),,
verbConjugation,vc_108,b,2,売らない,売らない (Not sold),,
verbConjugation,vc_108,c,3,売ります,売ります (Sell),,
verbConjugation,vc_108,d,4,売った,売った (Sold),,
verbConjugation,vc_109,a,1,知らない,知らない (Not know),,
verbConjugation,vc_109,b,2,知って,知って (Know),,
verbConjugation,vc_109,c,3,知った,知った (Know),,
verbConjugation,vc_109,d,4,知ります,知ります (Contact Us),,
verbConjugation,vc_110,a,1,知ります,知ります (Contact Us),,
verbConjugation,vc_110,b,2,知らない,知らない (Not know),,
verbConjugation,vc_110,c,3,知って,知って (Know),,
verbConjugation,vc_110,d,4,知った,知った (Know),,
verbConjugation,vc_111,a,1,知らない,知らない (Not know),,
verbConjugation,vc_111,b,2,知ります,知ります (Contact Us),,
verbConjugation,vc_111,c,3,知った,知った (Know),,
verbConjugation,vc_111,d,4,知って,知って (Know),,
verbConjugation,vc_112,a,1,知らない,知らない (Not know),,
verbConjugation,vc_112,b,2,知った,知った (Know),,
verbConjugation,vc_112,c,3,知って,知って (Know),,
verbConjugation,vc_112,d,4,知ります,知ります (Contact Us),,
verbConjugation,vc_113,a,1,乗って,乗って (Get on),,
verbConjugation,vc_113,b,2,乗ります,乗ります (Ride),,
verbConjugation,vc_113,c,3,乗った,乗った (),,
verbConjugation,vc_113,d,4,乗らない,乗らない (Don't ride),,
verbConjugation,vc_114,a,1,乗ります,乗ります (Ride),,
verbConjugation,vc_114,b,2,乗った,乗った (),,
verbConjugation,vc_114,c,3,乗らない,乗らない (Don't ride),,
verbConjugation,vc_114,d,4,乗って,乗って (Get on),,
verbConjugation,vc_115,a,1,乗って,乗って (Get on),,
verbConjugation,vc_115,b,2,乗らない,乗らない (Don't ride),,
verbConjugation,vc_115,c,3,乗ります,乗ります (Ride),,
verbConjugation,vc_115,d,4,乗った,乗った (),,
verbConjugation,vc_116,a,1,乗ります,乗ります (Ride),,
verbConjugation,vc_116,b,2,乗って,乗って (Get on),,
verbConjugation,vc_116,c,3,乗らない,乗らない (Don't ride),,
verbConjugation,vc_116,d,4,乗った,乗った (),,
verbConjugation,vc_117,a,1,働かない,働かない (Not working),,
verbConjugation,vc_117,b,2,働きます,働きます (Work),,
verbConjugation,vc_117,c,3,働いて,働いて (Work),,
verbConjugation,vc_117,d,4,働いた,働いた (Worked),,
verbConjugation,vc_118,a,1,働きます,働きます (Work),,
verbConjugation,vc_118,b,2,働かない,働かない (Not working),,
verbConjugation,vc_118,c,3,働いて,働いて (Work),,
verbConjugation,vc_118,d,4,働いた,働いた (Worked),,
verbConjugation,vc_119,a,1,働かない,働かない (Not working),,
verbConjugation,vc_119,b,2,働いて,働いて (Work),,
verbConjugation,vc_119,c,3,働きます,働きます (Work),,
verbConjugation,vc_119,d,4,働いた,働いた (Worked),,
verbConjugation,vc_120,a,1,働いた,働いた (Worked),,
verbConjugation,vc_120,b,2,働いて,働いて (Work),,
verbConjugation,vc_120,c,3,働かない,働かない (Not working),,
verbConjugation,vc_120,d,4,働きます,働きます (Work),,
verbConjugation,vc_121,a,1,食べて,食べて (Restaurant),,
verbConjugation,vc_121,b,2,食べられる,食べられる (Food),,
verbConjugation,vc_121,c,3,食べた,食べた (),,
verbConjugation,vc_121,d,4,食べます,食べます (Eat),,
verbConjugation,vc_122,a,1,見られる,見られる (Seen),,
verbConjugation,vc_122,b,2,見た,見た (Seen),,
verbConjugation,vc_122,c,3,見て,見て (Close),,
verbConjugation,vc_122,d,4,見ます,見ます (See),,
verbConjugation,vc_123,a,1,行きます,行きます (Go),,
verbConjugation,vc_123,b,2,行ける,行ける (),,
verbConjugation,vc_123,c,3,行って,行って (Contact Us),,
verbConjugation,vc_123,d,4,行った,行った (Contact Us),,
verbConjugation,vc_124,a,1,します,します (Home),,
verbConjugation,vc_124,b,2,した,した (),,
verbConjugation,vc_124,c,3,できる,できる (can),,
verbConjugation,vc_124,d,4,して,して (Home),,
verbConjugation,vc_125,a,1,書いて,書いて (),,
verbConjugation,vc_125,b,2,書きます,書きます (Write),,
verbConjugation,vc_125,c,3,書かれる,書かれる (Written),,
verbConjugation,vc_125,d,4,書いた,書いた (I wrote),,
verbConjugation,vc_126,a,1,話して,話して (Talk),,
verbConjugation,vc_126,b,2,話した,話した (Talked),,
verbConjugation,vc_126,c,3,話される,話される (Talked),,
verbConjugation,vc_126,d,4,話します,話します (Talk),,
verbConjugation,vc_127,a,1,売った,売った (Sold),,
verbConjugation,vc_127,b,2,売られる,売られる (Sold),,
verbConjugation,vc_127,c,3,売ります,売ります (Sell),,
verbConjugation,vc_127,d,4,売って,売って (Sell),,
verbConjugation,vc_128,a,1,読んだ,読んだ (Read),,
verbConjugation,vc_128,b,2,読んで,読んで (Read More),,
verbConjugation,vc_128,c,3,読ませる,読ませる (Read),,
verbConjugation,vc_128,d,4,読みます,読みます (Read),,
verbConjugation,vc_129,a,1,待たせる,待たせる (Wait),,
verbConjugation,vc_129,b,2,待って,待って (Close),,
verbConjugation,vc_129,c,3,待ちます,待ちます (Wait),,
verbConjugation,vc_129,d,4,待った,待った (Wait),,
verbConjugation,vc_130,a,1,働いた,働いた (Worked),,
verbConjugation,vc_130,b,2,働いて,働いて (Work),,
verbConjugation,vc_130,c,3,働きます,働きます (Work),,
verbConjugation,vc_130,d,4,働かせる,働かせる (Work),,
verbConjugation,vc_131,a,1,遊ぼう,遊ぼう (Home),,
verbConjugation,vc_131,b,2,遊びます,遊びます (Play),,
verbConjugation,vc_131,c,3,遊んで,遊んで (Play),,
verbConjugation,vc_131,d,4,遊んだ,遊んだ (Play),,
verbConjugation,vc_132,a,1,会って,会って (Contact Us),,
verbConjugation,vc_132,b,2,会います,会います (Contact Us),,
verbConjugation,vc_132,c,3,会った,会った (Contact Us),,
verbConjugation,vc_132,d,4,会おう,会おう (Contact Us),,
verbConjugation,vc_133,a,1,来よう,来よう (Contact Us),,
verbConjugation,vc_133,b,2,来た,来た (Home),,
verbConjugation,vc_133,c,3,来て,来て (Come),,
verbConjugation,vc_133,d,4,来ます,来ます (Contact Us),,
verbConjugation,vc_134,a,1,飲んで,飲んで (Drink),,
verbConjugation,vc_134,b,2,飲みます,飲みます (Drink),,
verbConjugation,vc_134,c,3,飲んだ,飲んだ (Drink),,
verbConjugation,vc_134,d,4,飲めば,飲めば (Drink),,
verbConjugation,vc_135,a,1,買えば,買えば (Buy),,
verbConjugation,vc_135,b,2,買います,買います (Buy),,
verbConjugation,vc_135,c,3,買った,買った (I bought),,
verbConjugation,vc_135,d,4,買って,買って (Buy),,
verbConjugation,vc_136,a,1,寝ます,寝ます (sleeping),,
verbConjugation,vc_136,b,2,寝れば,寝れば (sleeping),,
verbConjugation,vc_136,c,3,寝て,寝て (sleeping),,
verbConjugation,vc_136,d,4,寝た,寝た (sleeping),,
verbConjugation,vc_137,a,1,帰ります,帰ります (Home),,
verbConjugation,vc_137,b,2,帰ったら,帰ったら (Home),,
verbConjugation,vc_137,c,3,帰って,帰って (Home),,
verbConjugation,vc_137,d,4,帰った,帰った (Home),,
verbConjugation,vc_138,a,1,死んだ,死んだ (dead),,
verbConjugation,vc_138,b,2,死にます,死にます (Death),,
verbConjugation,vc_138,c,3,死んだら,死んだら (If you die),,
verbConjugation,vc_138,d,4,死んで,死んで (dead),,
verbConjugation,vc_139,a,1,します,します (Home),,
verbConjugation,vc_139,b,2,した,した (),,
verbConjugation,vc_139,c,3,して,して (Home),,
verbConjugation,vc_139,d,4,したら,したら (),,
verbConjugation,vc_140,a,1,走った,走った (ran),,
verbConjugation,vc_140,b,2,走れ,走れ (Run),,
verbConjugation,vc_140,c,3,走ります,走ります (Running),,
verbConjugation,vc_140,d,4,走って,走って (Run),,
verbConjugation,vc_141,a,1,起きろ,起きろ (),,
verbConjugation,vc_141,b,2,起きます,起きます (Get up),,
verbConjugation,vc_141,c,3,起きた,起きた (),,
verbConjugation,vc_141,d,4,起きて,起きて (Home),,
verbConjugation,vc_142,a,1,泳いだ,泳いだ (Swimming),,
verbConjugation,vc_142,b,2,泳ぎます,泳ぎます (swim),,
verbConjugation,vc_142,c,3,泳いで,泳いで (Swimming),,
verbConjugation,vc_142,d,4,泳ぐな,泳ぐな (Swimming),,
verbConjugation,vc_143,a,1,借りるな,借りるな (Rent),,
verbConjugation,vc_143,b,2,借ります,借ります (Rent),,
verbConjugation,vc_143,c,3,借りた,借りた (Rent),,
verbConjugation,vc_143,d,4,借りて,借りて (Rent),,
verbConjugation,vc_144,a,1,聞くな,聞くな (Contact Us),,
verbConjugation,vc_144,b,2,聞いた,聞いた (I heard),,
verbConjugation,vc_144,c,3,聞きます,聞きます (Listen),,
verbConjugation,vc_144,d,4,聞いて,聞いて (Contact Us),,
verbConjugation,vc_145,a,1,見て,見て (Close),,
verbConjugation,vc_145,b,2,見た,見た (Seen),,
verbConjugation,vc_145,c,3,見る,見る (See),,
verbConjugation,vc_145,d,4,見ます,見ます (See),,
verbConjugation,vc_146,a,1,書きます,書きます (Write),,
verbConjugation,vc_146,b,2,書く,書く (),,
verbConjugation,vc_146,c,3,書いて,書いて (),,
verbConjugation,vc_146,d,4,書いた,書いた (I wrote),,
verbConjugation,vc_147,a,1,行った,行った (Contact Us),,
verbConjugation,vc_147,b,2,行く,行く (Go),,
verbConjugation,vc_147,c,3,行きます,行きます (Go),,
verbConjugation,vc_147,d,4,行って,行って (Contact Us),,
verbConjugation,vc_148,a,1,いらっしゃる,いらっしゃる (Close),,
verbConjugation,vc_148,b,2,いらっしゃいます,いらっしゃいます (Contact Us),,
verbConjugation,vc_148,c,3,いらっしゃって,いらっしゃって (Close),,
verbConjugation,vc_148,d,4,いらっしゃらない,いらっしゃらない (Don't stop),,
verbConjugation,vc_149,a,1,いただいて,いただいて (Contact Us),,
verbConjugation,vc_149,b,2,いただきます,いただきます (),,
verbConjugation,vc_149,c,3,いただいた,いただいた (Contact Us),,
verbConjugation,vc_149,d,4,いただけない,いただけない (Not available),,
verbConjugation,vc_150,a,1,申し上げない,申し上げない (),,
verbConjugation,vc_150,b,2,申し上げて,申し上げて (Contact Us),,
verbConjugation,vc_150,c,3,申し上げます,申し上げます (),,
verbConjugation,vc_150,d,4,申し上げる,申し上げる (),,
