quiz_id,question_id,sort_order,type,prompt,prompt_en,context,context_en,japanese,japanese_en,correct_answer_id,explanation,explanation_en,diagnostic_tags,jlpt_level,difficulty_score,grammar_points,vocabulary,review_status,review_notes,source,author
clauseUntangler,cu_001,1,multipleChoice,「昨日[きのう]買[か]った」は何[なに]を説明[せつめい]していますか。,What do you expect to buy yesterday?,,,昨日[きのう]買[か]ったかばんは軽[かる]いです。,I bought it yesterday.,a,修飾[しゅうしょく]を受[う]ける名詞[めいし]は「かばん」。「昨日[きのう]」は節内[せつない]の成分[せいぶん]で、「軽[かる]いです」の述語[じゅつご]にはこの節[ふし]はかからない。,"The noun that is qualified is ""kaban"". ""。"" is a component in the section, and the predicate for ""light"".",modifier_scope | relative_clause | noun_modification,N3,1,連体[れんたい]修飾[しゅうしょく]のかかり先[さき] | 名詞[めいし]を説明[せつめい]する節[ふし]の範囲[はんい],昨日[きのう]買[か]ったかばんは軽[かる]いです,draft,,,
clauseUntangler,cu_002,2,multipleChoice,「田中[たなか]さんが使[つか]っている」は何[なに]を説明[せつめい]していますか。,What are the reasons why Mr. Tanaka is using?,,,田中[たなか]さんが使[つか]っているパソコンは新[あたら]しいです。,The computer used by Mr. Tanaka is new.,b,修飾[しゅうしょく]を受[う]ける名詞[めいし]は「パソコン」。節[ふし]の主語[しゅご]「田中[たなか]さん」はヘッド名詞[めいし]ではない。,"""PC"" is a noun that is qualified. Mr. Tanaka is not a head noun.",relative_clause | sentence_parsing | modifier_scope,N3,1,連体[れんたい]修飾[しゅうしょく]のかかり先[さき] | 名詞[めいし]を説明[せつめい]する節[ふし]の範囲[はんい],田中[たなか]さんが使[つか]っているパソコンは新[あたら]しいです,draft,,,
clauseUntangler,cu_003,3,multipleChoice,「駅[えき]の近[ちか]くにある」は何[なに]を説明[せつめい]していますか。,What are the reasons behind the station?,,,駅[えき]の近[ちか]くにあるカフェで会[あ]いましょう。,Meet at a cafe near the station.,c,修飾[しゅうしょく]を受[う]ける名詞[めいし]は「カフェ」。「駅[えき]の近[ちか]く」は節[ふし]の内部[ないぶ]の場所[ばしょ]表現[ひょうげん]で、ヘッドではない。,"The noun that is qualified is ""cafe"". ""Near the station"" is a location representation inside the section, not a head.",noun_modification | modifier_scope | sentence_parsing,N3,1,連体[れんたい]修飾[しゅうしょく]のかかり先[さき] | 名詞[めいし]を説明[せつめい]する節[ふし]の範囲[はんい],駅[えき]の近[ちか]くにあるカフェで会[あ]いましょう,draft,,,
clauseUntangler,cu_004,4,multipleChoice,「母[はは]が作[つく]った」は何[なに]を説明[せつめい]していますか。,"What is ""Mother made""?",,,母[はは]が作[つく]ったお弁当[べんとう]を持[も]ってきました。,I had a lunch box made by my mother.,d,修飾[しゅうしょく]を受[う]ける名詞[めいし]は「お弁当[べんとう]」。「持[も]ってきました」は述語[じゅつご]で、この連体[れんたい]節[せつ]のヘッドではない。,"The noun that is qualified is ""Bento"". ""I have brought it"" is not the head of this synth.",relative_clause | noun_modification,N3,1,連体[れんたい]修飾[しゅうしょく]のかかり先[さき] | 名詞[めいし]を説明[せつめい]する節[ふし]の範囲[はんい],母[はは]が作[つく]ったお弁当[べんとう]を持[も]ってきました,draft,,,
clauseUntangler,cu_005,5,multipleChoice,「来週[らいしゅう]出[で]る」は何[なに]を説明[せつめい]していますか。,What do you expect to see next week?,,,来週[らいしゅう]出[で]るレポートの締[し]め切[き]りは金曜日[きんようび]です。,The next week is Friday.,a,修飾[しゅうしょく]を受[う]ける名詞[めいし]は「レポート」。「の締[し]め切[き]り」は別[べつ]の名詞句[めいしく]の一部[いちぶ]で、この節[ふし]が直接[ちょくせつ]かかるのは「レポート」。,"""Report"" is a noun that is qualified. The 句 is a part of another noun clause, and this clause is directly applied to the report.",modifier_scope | sentence_parsing | noun_modification,N3,1,連体[れんたい]修飾[しゅうしょく]のかかり先[さき] | 名詞[めいし]を説明[せつめい]する節[ふし]の範囲[はんい],来週[らいしゅう]出[で]るレポートの締[し]め切[き]りは金曜日[きんようび]です,draft,,,
clauseUntangler,cu_006,6,multipleChoice,「角[かど]を曲[ま]がった」は何[なに]を説明[せつめい]していますか。,What do you expect to see when the corner is bent?,,,角[かど]を曲[ま]がったところに郵便局[ゆうびんきょく]があります。,There is a post office in the corner.,b,修飾[しゅうしょく]を受[う]ける名詞[めいし]は「ところ」。「郵便局[ゆうびんきょく]」は存在[そんざい]の主題[しゅだい]で、この連体[れんたい]節[せつ]のヘッドではない。,"The noun that is qualified is ""where"". The post office is the subject of existence and is not the head of the cohesion.",relative_clause | modifier_scope,N3,1,連体[れんたい]修飾[しゅうしょく]のかかり先[さき] | 名詞[めいし]を説明[せつめい]する節[ふし]の範囲[はんい],角[かど]を曲[ま]がったところに郵便局[ゆうびんきょく]があります,draft,,,
clauseUntangler,cu_007,7,multipleChoice,「読[よ]んでいる」は何[なに]を説明[せつめい]していますか。,"What is ""reading""?",,,読[よ]んでいる本[ほん]の名前[なまえ]を忘[わす]れました。,I forgot the name of the book.,c,修飾[しゅうしょく]を受[う]ける名詞[めいし]は「本[ほん]」。「名前[なまえ]」は「本[ほん]の名前[なまえ]」として後[あと]から続[つづ]く成分[せいぶん]。,"The noun that is qualified is ""book"". “Name” is a component that continues after the name of the book.",noun_modification | sentence_parsing,N3,1,連体[れんたい]修飾[しゅうしょく]のかかり先[さき] | 名詞[めいし]を説明[せつめい]する節[ふし]の範囲[はんい],読[よ]んでいる本[ほん]の名前[なまえ]を忘[わす]れました,draft,,,
clauseUntangler,cu_008,8,multipleChoice,「社長[しゃちょう]が書[か]いた」は何[なに]を説明[せつめい]していますか。,What are the reasons why the president wrote?,,,社長[しゃちょう]が書[か]いたメールをもう一度[いちど]読[よ]みました。,I read the e-mail written by the president again.,d,修飾[しゅうしょく]を受[う]ける名詞[めいし]は「メール」。「社長[しゃちょう]」は節内[せつない]の主語[しゅご]。,"""Email"" is a noun that is qualified. ""President"" is the main word in the section.",relative_clause | modifier_scope,N3,1,連体[れんたい]修飾[しゅうしょく]のかかり先[さき] | 名詞[めいし]を説明[せつめい]する節[ふし]の範囲[はんい],社長[しゃちょう]が書[か]いたメールをもう一度[いちど]読[よ]みました,draft,,,
clauseUntangler,cu_009,9,multipleChoice,「少[すこ]し大[おお]きい」は何[なに]を説明[せつめい]していますか。,What is the “smallest”?,,,少[すこ]し大[おお]きいサイズをください。,Small size.,a,修飾[しゅうしょく]を受[う]ける名詞[めいし]は「サイズ」。形容詞[けいようし]の連体形[れんたいけい]は直後[ちょくご]の名詞[めいし]にかかる。,"The noun that is qualified is ""size"". The cone of the adjective takes a noun of the alphabet.",noun_modification | modifier_scope,N3,1,連体[れんたい]修飾[しゅうしょく]のかかり先[さき] | 名詞[めいし]を説明[せつめい]する節[ふし]の範囲[はんい],少[すこ]し大[おお]きいサイズをください,draft,,,
clauseUntangler,cu_010,10,multipleChoice,「明日[あす]届[とど]く」は何[なに]を説明[せつめい]していますか。,What do you expect to receive tomorrow?,,,明日[あす]届[とど]く荷物[にもつ]を追跡[ついせき]しました。,We tracked your items that arrive tomorrow.,b,修飾[しゅうしょく]を受[う]ける名詞[めいし]は「荷物[にもつ]」。「明日[あす]」は節内[せつない]の時間[じかん]。,"The noun that is qualified is ""package"". ""Tomorrow"" is the time in the section.",relative_clause | sentence_parsing,N3,1,連体[れんたい]修飾[しゅうしょく]のかかり先[さき] | 名詞[めいし]を説明[せつめい]する節[ふし]の範囲[はんい],明日[あす]届[とど]く荷物[にもつ]を追跡[ついせき]しました,draft,,,
clauseUntangler,cu_011,11,multipleChoice,「話[はな]したかった」は何[なに]を説明[せつめい]していますか。,What do you want to talk about?,,,話[はな]したかったことがあります。,I wanted to talk.,c,修飾[しゅうしょく]を受[う]ける名詞[めいし]は「こと」。内容[ないよう]を「こと」にまとめている。,"The noun that is qualified is ""that"". The contents are summarized in ""thing"".",noun_modification | relative_clause | modifier_scope,N3,1,連体[れんたい]修飾[しゅうしょく]のかかり先[さき] | 名詞[めいし]を説明[せつめい]する節[ふし]の範囲[はんい],話[はな]したかったことがあります,draft,,,
clauseUntangler,cu_012,12,multipleChoice,「社員[しゃいん]が使[つか]う」は何[なに]を説明[せつめい]していますか。,What do employees use?,,,社員[しゃいん]が使[つか]う会議室[かいぎしつ]は狭[せま]いです。,Meeting rooms for employees are narrow.,d,修飾[しゅうしょく]を受[う]ける名詞[めいし]は「会議室[かいぎしつ]」。,"""Meeting room"" is a noun that is qualified.",relative_clause | sentence_parsing,N3,1,連体[れんたい]修飾[しゅうしょく]のかかり先[さき] | 名詞[めいし]を説明[せつめい]する節[ふし]の範囲[はんい],社員[しゃいん]が使[つか]う会議室[かいぎしつ]は狭[せま]いです,draft,,,
clauseUntangler,cu_013,13,multipleChoice,「急[いそ]いで書[か]いた」は何[なに]を説明[せつめい]していますか。,What do you expect to write in a 。ry?,,,急[いそ]いで書[か]いたメモを見[み]せてください。,Show memo I wrote in a  ry.,a,修飾[しゅうしょく]を受[う]ける名詞[めいし]は「メモ」。,"The noun that is qualified is "" "".",modifier_scope | relative_clause,N3,1,連体[れんたい]修飾[しゅうしょく]のかかり先[さき] | 名詞[めいし]を説明[せつめい]する節[ふし]の範囲[はんい],急[いそ]いで書[か]いたメモを見[み]せてください,draft,,,
clauseUntangler,cu_014,14,multipleChoice,「明日[あす]までに出[だ]す」は何[なに]を説明[せつめい]していますか。,What do you expect to see?,,,明日[あす]までに出[だ]す課題[かだい]がまだ残[のこ]っている。,There is still a problem that will be issued tomorrow.,b,修飾[しゅうしょく]を受[う]ける名詞[めいし]は「課題[かだい]」。期限[きげん]は節[ふし]の内部[ないぶ]。,"Qualified nouns are ""problems"". The deadline is inside the section.",sentence_parsing | noun_modification,N3,1,連体[れんたい]修飾[しゅうしょく]のかかり先[さき] | 名詞[めいし]を説明[せつめい]する節[ふし]の範囲[はんい],明日[あす]までに出[だ]す課題[かだい]がまだ残[のこ]っている,draft,,,
clauseUntangler,cu_015,15,multipleChoice,「隣[となり]の国[くに]から来[き]た」は何[なに]を説明[せつめい]していますか。,What do you expect from the next country?,,,隣[となり]の国[くに]から来[き]た学生[がくせい]が手[て]を挙[あ]げた。,Students from neighboring countries raised their hands.,c,修飾[しゅうしょく]を受[う]ける名詞[めいし]は「学生[がくせい]」。「隣[となり]の国[くに]」は節内[せつない]の名詞句[めいしく]。,"""Student"" is a noun that is qualified. ""Near Country"" is a noun phrase in the section.",relative_clause | modifier_scope,N3,1,連体[れんたい]修飾[しゅうしょく]のかかり先[さき] | 名詞[めいし]を説明[せつめい]する節[ふし]の範囲[はんい],隣[となり]の国[くに]から来[き]た学生[がくせい]が手[て]を挙[あ]げた,draft,,,
clauseUntangler,cu_016,16,multipleChoice,「兄[あに]が選[えら]んだ」は何[なに]を説明[せつめい]していますか。,What are the reasons why the brother chose?,,,兄[あに]が選[えら]んだプレゼントが気[き]に入[はい]りました。,My brother chose the gift.,d,修飾[しゅうしょく]を受[う]ける名詞[めいし]は「プレゼント」。,"The noun that is qualified is ""present"".",relative_clause | noun_modification,N3,1,連体[れんたい]修飾[しゅうしょく]のかかり先[さき] | 名詞[めいし]を説明[せつめい]する節[ふし]の範囲[はんい],兄[あに]が選[えら]んだプレゼントが気[き]に入[はい]りました,draft,,,
clauseUntangler,cu_017,17,multipleChoice,「窓[まど]から見[み]える」は何[なに]を説明[せつめい]していますか。,What is the view from the window?,,,窓[まど]から見[み]える海[うみ]がきれいです。,The ocean looks beautiful from the window.,a,修飾[しゅうしょく]を受[う]ける名詞[めいし]は「海[うみ]」。,"The noun that is qualified is ""sea"".",modifier_scope | sentence_parsing,N3,1,連体[れんたい]修飾[しゅうしょく]のかかり先[さき] | 名詞[めいし]を説明[せつめい]する節[ふし]の範囲[はんい],窓[まど]から見[み]える海[うみ]がきれいです,draft,,,
clauseUntangler,cu_018,18,multipleChoice,「去年[きょねん]買[か]った」は何[なに]を説明[せつめい]していますか。,What do you expect to buy last year?,,,去年[きょねん]買[か]った自転車[じてんしゃ]を売[う]ります。,I bought a bicycle last year.,b,修飾[しゅうしょく]を受[う]ける名詞[めいし]は「自転車[じてんしゃ]」。,"""Bicycle"" is a noun that is qualified.",relative_clause | noun_modification,N3,1,連体[れんたい]修飾[しゅうしょく]のかかり先[さき] | 名詞[めいし]を説明[せつめい]する節[ふし]の範囲[はんい],去年[きょねん]買[か]った自転車[じてんしゃ]を売[う]ります,draft,,,
clauseUntangler,cu_019,19,multipleChoice,「赤[あか]い」は何[なに]を説明[せつめい]していますか。,What is red?,,,赤[あか]いりんごを三[みっ]つください。,Three red s.,c,修飾[しゅうしょく]を受[う]ける名詞[めいし]は「りんご」。イ形容詞[けいようし]の連体形[れんたいけい]。,"The noun that is qualified is ""apple"". A const。ent form of a形pedic.",noun_modification | modifier_scope,N3,1,連体[れんたい]修飾[しゅうしょく]のかかり先[さき] | 名詞[めいし]を説明[せつめい]する節[ふし]の範囲[はんい],赤[あか]いりんごを三[みっ]つください,draft,,,
clauseUntangler,cu_020,20,multipleChoice,「静[しず]かな」は何[なに]を説明[せつめい]していますか。,"What is ""quiet""?",,,静[しず]かな部屋[へや]で休[やす]みました。,I took a rest in a quiet room.,d,修飾[しゅうしょく]を受[う]ける名詞[めいし]は「部屋[へや]」。ナ形容詞[けいようし]の連体形[れんたいけい]。,"The noun that is qualified is ""room"". Contaminated form of na-adjective.",noun_modification | sentence_parsing,N3,1,連体[れんたい]修飾[しゅうしょく]のかかり先[さき] | 名詞[めいし]を説明[せつめい]する節[ふし]の範囲[はんい],静[しず]かな部屋[へや]で休[やす]みました,draft,,,
clauseUntangler,cu_021,21,multipleChoice,「今朝[けさ]作[つく]った」は何[なに]を説明[せつめい]していますか。,"What is ""I made this morning""?",,,今朝[けさ]作[つく]った味噌汁[みそしる]の香[かお]りが広[ひろ]がった。,Miso soup made this morning was spread.,a,修飾[しゅうしょく]を受[う]ける名詞[めいし]は「味噌汁[みそしる]」。「の香[かお]り」は別[べつ]名詞[めいし]。,"The noun that is qualified is ""Miso Soup"". “。” is an alias.",relative_clause | modifier_scope,N3,2,連体[れんたい]修飾[しゅうしょく]のかかり先[さき] | 名詞[めいし]を説明[せつめい]する節[ふし]の範囲[はんい],今朝[けさ]作[つく]った味噌汁[みそしる]の香[かお]りが広[ひろ]がった,draft,,,
clauseUntangler,cu_022,22,multipleChoice,「昨日[きのう]駅[えき]で会[あ]った」は何[なに]を説明[せつめい]していますか。,What are the reasons why I met at yesterday?,,,昨日[きのう]駅[えき]で会[あ]った先生[せんせい]が、新[あたら]しい本[ほん]を貸[か]してくれました。,I met a new book yesterday.,b,修飾[しゅうしょく]を受[う]ける名詞[めいし]は「先生[せんせい]」。「昨日[きのう]」「駅[えき]」は節内[せつない]の時[とき]と場所[ばしょ]で、ヘッドではない。,"The noun that is qualified is ""teacher"".駅 and station are not heads.",modifier_scope | relative_clause | sentence_parsing,N3,2,連体[れんたい]修飾[しゅうしょく]のかかり先[さき] | 名詞[めいし]を説明[せつめい]する節[ふし]の範囲[はんい],昨日[きのう]駅[えき]で会[あ]った先生[せんせい]が | 新[あたら]しい本[ほん]を貸[か]してくれました,draft,,,
clauseUntangler,cu_023,23,multipleChoice,「先週[せんしゅう]見[み]た」は何[なに]を説明[せつめい]していますか。,What do you see last week?,,,先週[せんしゅう]見[み]た映画[えいが]の名前[なまえ]を思[おも]い出[だ]せない。,I cannot remember the name of the movie I saw last week.,c,修飾[しゅうしょく]を受[う]ける名詞[めいし]は「映画[えいが]」。「名前[なまえ]」は「映画[えいが]の名前[なまえ]」。,"The noun that is qualified is ""movie"". ""Name"" is the name of the movie.",relative_clause | noun_modification,N3,2,連体[れんたい]修飾[しゅうしょく]のかかり先[さき] | 名詞[めいし]を説明[せつめい]する節[ふし]の範囲[はんい],先週[せんしゅう]見[み]た映画[えいが]の名前[なまえ]を思[おも]い出[だ]せない,draft,,,
clauseUntangler,cu_024,24,multipleChoice,「教室[きょうしつ]で拾[ひろ]った」は何[なに]を説明[せつめい]していますか。,What do you see when I picked up in the classroom?,,,教室[きょうしつ]で拾[ひろ]った財布[さいふ]を先生[せんせい]に渡[わた]した。,I passed the wallet picked up in the classroom to the teacher.,d,修飾[しゅうしょく]を受[う]ける名詞[めいし]は「財布[さいふ]」。,"The noun that is qualified is ""purse"".",modifier_scope | sentence_parsing,N3,2,連体[れんたい]修飾[しゅうしょく]のかかり先[さき] | 名詞[めいし]を説明[せつめい]する節[ふし]の範囲[はんい],教室[きょうしつ]で拾[ひろ]った財布[さいふ]を先生[せんせい]に渡[わた]した,draft,,,
clauseUntangler,cu_025,25,multipleChoice,「公園[こうえん]で遊[あそ]んでいた」は何[なに]を説明[せつめい]していますか。,What do you think about playing in the park?,,,公園[こうえん]で遊[あそ]んでいた子[こ]どもたちが帰[かえ]ってきた。,Children playing in the park came back.,a,修飾[しゅうしょく]を受[う]ける名詞[めいし]は「子[こ]どもたち」。,"The noun that is qualified is ""children"".",relative_clause | modifier_scope,N3,2,連体[れんたい]修飾[しゅうしょく]のかかり先[さき] | 名詞[めいし]を説明[せつめい]する節[ふし]の範囲[はんい],公園[こうえん]で遊[あそ]んでいた子[こ]どもたちが帰[かえ]ってきた,draft,,,
clauseUntangler,cu_026,26,multipleChoice,「駅前[えきまえ]で買[か]った」は何[なに]を説明[せつめい]していますか。,What do you expect to buy in front of the station?,,,駅前[えきまえ]で買[か]った花[はな]を母[はは]にあげた。,I bought flowers in front of me.,b,修飾[しゅうしょく]を受[う]ける名詞[めいし]は「花[はな]」。,"""Flower"" is a noun that is qualified.",noun_modification | relative_clause,N3,2,連体[れんたい]修飾[しゅうしょく]のかかり先[さき] | 名詞[めいし]を説明[せつめい]する節[ふし]の範囲[はんい],駅前[えきまえ]で買[か]った花[はな]を母[はは]にあげた,draft,,,
clauseUntangler,cu_027,27,multipleChoice,「図書館[としょかん]で借[か]りた」は何[なに]を説明[せつめい]していますか。,What do you think about renting in a library?,,,図書館[としょかん]で借[か]りた本[ほん]は面白[おもしろ]かった。,The book borrowed from the library was interesting.,c,修飾[しゅうしょく]を受[う]ける名詞[めいし]は「本[ほん]」。,"The noun that is qualified is ""book"".",relative_clause | sentence_parsing,N3,2,連体[れんたい]修飾[しゅうしょく]のかかり先[さき] | 名詞[めいし]を説明[せつめい]する節[ふし]の範囲[はんい],図書館[としょかん]で借[か]りた本[ほん]は面白[おもしろ]かった,draft,,,
clauseUntangler,cu_028,28,multipleChoice,「昨日[きのう]話[はな]した」は何[なに]を説明[せつめい]していますか。,What do you think about “I talked yesterday”?,,,昨日[きのう]話[はな]した人[ひと]の顔[かお]を覚[おぼ]えていない。,I don't remember the face of the person who spoke yesterday.,d,修飾[しゅうしょく]を受[う]ける名詞[めいし]は「人[ひと]」。「顔[かお]」は「人[ひと]の顔[かお]」。,"The noun that is qualified is ""person"". ""Face"" is ""people's face"".",modifier_scope | noun_modification,N3,2,連体[れんたい]修飾[しゅうしょく]のかかり先[さき] | 名詞[めいし]を説明[せつめい]する節[ふし]の範囲[はんい],昨日[きのう]話[はな]した人[ひと]の顔[かお]を覚[おぼ]えていない,draft,,,
clauseUntangler,cu_029,29,multipleChoice,「去年[きょねん]住[す]んでいた」は何[なに]を説明[せつめい]していますか。,What do you expect to live last year?,,,去年[きょねん]住[す]んでいた町[まち]が大[おお]きく変[か]わっていた。,The town that lived last year has changed greatly.,a,修飾[しゅうしょく]を受[う]ける名詞[めいし]は「町[まち]」。,"The noun that is qualified is ""town"".",relative_clause | modifier_scope,N3,2,連体[れんたい]修飾[しゅうしょく]のかかり先[さき] | 名詞[めいし]を説明[せつめい]する節[ふし]の範囲[はんい],去年[きょねん]住[す]んでいた町[まち]が大[おお]きく変[か]わっていた,draft,,,
clauseUntangler,cu_030,30,multipleChoice,「今朝[けさ]降[ふ]った」は何[なに]を説明[せつめい]していますか。,What do you think about this morning?,,,今朝[けさ]降[ふ]った雪[ゆき]で道[みち]が白[しろ]くなった。,The road became white due to snowfall this morning.,b,修飾[しゅうしょく]を受[う]ける名詞[めいし]は「雪[ゆき]」。,"""Snow"" is a noun that is qualified.",noun_modification | sentence_parsing,N3,2,連体[れんたい]修飾[しゅうしょく]のかかり先[さき] | 名詞[めいし]を説明[せつめい]する節[ふし]の範囲[はんい],今朝[けさ]降[ふ]った雪[ゆき]で道[みち]が白[しろ]くなった,draft,,,
clauseUntangler,cu_031,31,multipleChoice,「昨日[きのう]届[とど]いた」は何[なに]を説明[せつめい]していますか。,What do you expect to receive yesterday?,,,昨日[きのう]届[とど]いた荷物[にもつ]を開[あ]けた。,I opened my luggage yesterday.,c,修飾[しゅうしょく]を受[う]ける名詞[めいし]は「荷物[にもつ]」。,"The noun that is qualified is ""package"".",relative_clause | modifier_scope,N3,2,連体[れんたい]修飾[しゅうしょく]のかかり先[さき] | 名詞[めいし]を説明[せつめい]する節[ふし]の範囲[はんい],昨日[きのう]届[とど]いた荷物[にもつ]を開[あ]けた,draft,,,
clauseUntangler,cu_032,32,multipleChoice,「駅[えき]のホームで見[み]た」は何[なに]を説明[せつめい]していますか。,What do you see in the station home?,,,駅[えき]のホームで見[み]た鳥[とり]が飛[と]び立[た]った。,The bird seen in the station's home jumped.,d,修飾[しゅうしょく]を受[う]ける名詞[めいし]は「鳥[とり]」。「駅[えき]」「ホーム」は節内[せつない]の場所[ばしょ]。,"The noun that is qualified is ""bird"". ""S。"" and ""Home""",relative_clause | sentence_parsing | modifier_scope,N3,2,連体[れんたい]修飾[しゅうしょく]のかかり先[さき] | 名詞[めいし]を説明[せつめい]する節[ふし]の範囲[はんい],駅[えき]のホームで見[み]た鳥[とり]が飛[と]び立[た]った,draft,,,
clauseUntangler,cu_033,33,multipleChoice,「昨日[きのう]病院[びょういん]で会[あ]った」は何[なに]を説明[せつめい]していますか。,What do you expect to see in the hospital yesterday?,,,昨日[きのう]病院[びょういん]で会[あ]った友[とも]だちに元気[げんき]だと言[い]われた。,I was told that my friend met me yesterday.,a,修飾[しゅうしょく]を受[う]ける名詞[めいし]は「友[とも]だち」。,"The noun that is qualified is ""friend"".",modifier_scope | noun_modification,N3,2,連体[れんたい]修飾[しゅうしょく]のかかり先[さき] | 名詞[めいし]を説明[せつめい]する節[ふし]の範囲[はんい],昨日[きのう]病院[びょういん]で会[あ]った友[とも]だちに元気[げんき]だと言[い]われた,draft,,,
clauseUntangler,cu_034,34,multipleChoice,「少[すこ]し高[たか]い」は何[なに]を説明[せつめい]していますか。,What is a little higher?,,,少[すこ]し高[たか]い値段[ねだん]で売[う]れた。,I sold at a slightly higher price.,b,修飾[しゅうしょく]を受[う]ける名詞[めいし]は「値段[ねだん]」。「少[すこ]し」は形容詞[けいようし]にかかるが、連体[れんたい]修飾[しゅうしょく]全体[ぜんたい]は「値段[ねだん]」へ。,"The noun that is qualified is "" "". ""A little"" takes an adjective, but the entire compound modifier goes to ""。"".",noun_modification | modifier_scope | sentence_parsing,N3,2,連体[れんたい]修飾[しゅうしょく]のかかり先[さき] | 名詞[めいし]を説明[せつめい]する節[ふし]の範囲[はんい],少[すこ]し高[たか]い値段[ねだん]で売[う]れた,draft,,,
clauseUntangler,cu_035,35,multipleChoice,「とても古[ふる]い」は何[なに]を説明[せつめい]していますか。,"What is ""very old""?",,,とても古[ふる]い建物[たてもの]が取[と]り壊[こわ]される。,A very old building is destroyed.,c,修飾[しゅうしょく]を受[う]ける名詞[めいし]は「建物[たてもの]」。,"The noun that is qualified is ""building"".",noun_modification | relative_clause,N3,2,連体[れんたい]修飾[しゅうしょく]のかかり先[さき] | 名詞[めいし]を説明[せつめい]する節[ふし]の範囲[はんい],とても古[ふる]い建物[たてもの]が取[と]り壊[こわ]される,draft,,,
clauseUntangler,cu_036,36,multipleChoice,「有名[ゆうめい]な」は何[なに]を説明[せつめい]していますか。,What is “famous”?,,,有名[ゆうめい]な作家[さっか]の本[ほん]を読[よ]んだ。,I read the books of famous artists.,d,修飾[しゅうしょく]を受[う]ける名詞[めいし]は「作家[さっか]」。「本[ほん]」は「作家[さっか]の本[ほん]」で後続[こうぞく]。,"The noun that is qualified is ""writer"". ""Books"" continue with ""Artists""",modifier_scope | sentence_parsing | noun_modification,N3-N2,2,連体[れんたい]修飾[しゅうしょく]のかかり先[さき] | 名詞[めいし]を説明[せつめい]する節[ふし]の範囲[はんい],有名[ゆうめい]な作家[さっか]の本[ほん]を読[よ]んだ,draft,,,
clauseUntangler,cu_037,37,multipleChoice,「小[ちい]さな」は何[なに]を説明[せつめい]していますか。,"What is ""small""?",,,小[ちい]さな池[いけ]の周[まわ]りを散歩[さんぽ]した。,I walked around a small  .,a,修飾[しゅうしょく]を受[う]ける名詞[めいし]は「池[いけ]」。「周[まわ]り」は「池[いけ]の周[まわ]り」。,"The noun that is qualified is ""Pond"". The surrounding area is around the 。.",noun_modification | modifier_scope,N3-N2,2,連体[れんたい]修飾[しゅうしょく]のかかり先[さき] | 名詞[めいし]を説明[せつめい]する節[ふし]の範囲[はんい],小[ちい]さな池[いけ]の周[まわ]りを散歩[さんぽ]した,draft,,,
clauseUntangler,cu_038,38,multipleChoice,「青[あお]い」は何[なに]を説明[せつめい]していますか。,"What is ""blue""?",,,青[あお]い空[そら]の下[もと]で昼寝[ひるね]をした。,I napped under the blue sky.,b,修飾[しゅうしょく]を受[う]ける名詞[めいし]は「空[そら]」。「下[した]」は「空[そら]の下[した]」。,"The noun that is qualified is ""empty"". Under the sky",sentence_parsing | noun_modification,N3-N2,2,連体[れんたい]修飾[しゅうしょく]のかかり先[さき] | 名詞[めいし]を説明[せつめい]する節[ふし]の範囲[はんい],青[あお]い空[そら]の下[もと]で昼寝[ひるね]をした,draft,,,
clauseUntangler,cu_039,39,multipleChoice,「暖[あたた]かい」は何[なに]を説明[せつめい]していますか。,"What is ""warm""?",,,暖[あたた]かい春[はる]の風[かぜ]が吹[ふ]いていた。,The wind was blowing.,c,修飾[しゅうしょく]を受[う]ける名詞[めいし]は「春[はる]」。「暖[あたた]かい」は「春[はる]」にかかり、「春[はる]の風[かぜ]」となる。,"The noun that is qualified is ""spring"". “Warm” becomes “Spring” and “Spring”.",modifier_scope | noun_modification | sentence_parsing,N3-N2,2,連体[れんたい]修飾[しゅうしょく]のかかり先[さき] | 名詞[めいし]を説明[せつめい]する節[ふし]の範囲[はんい],暖[あたた]かい春[はる]の風[かぜ]が吹[ふ]いていた,draft,,,
clauseUntangler,cu_040,40,multipleChoice,「大[おお]きな」は何[なに]を説明[せつめい]していますか。,"What is ""big""?",,,大[おお]きな木[き]の影[かげ]で休[やす]んだ。,I had a great time.,d,修飾[しゅうしょく]を受[う]ける名詞[めいし]は「木[き]」。「影[かげ]」は「木[き]の影[かげ]」。,"The noun that is qualified is ""wood"". ""Shadow"" is a ""shadow""",noun_modification | modifier_scope,N3-N2,2,連体[れんたい]修飾[しゅうしょく]のかかり先[さき] | 名詞[めいし]を説明[せつめい]する節[ふし]の範囲[はんい],大[おお]きな木[き]の影[かげ]で休[やす]んだ,draft,,,
clauseUntangler,cu_041,41,multipleChoice,「古[ふる]い」は何[なに]を説明[せつめい]していますか。,"What is ""old""?",,,古[ふる]い寺[てら]の庭[にわ]を見学[けんがく]した。,I visited the old temple garden.,a,修飾[しゅうしょく]を受[う]ける名詞[めいし]は「寺[てら]」。「庭[にわ]」は「寺[てら]の庭[にわ]」。,"The noun that is qualified is ""Temple"". ""Garden"" is the garden of the temple.",sentence_parsing | noun_modification,N3-N2,2,連体[れんたい]修飾[しゅうしょく]のかかり先[さき] | 名詞[めいし]を説明[せつめい]する節[ふし]の範囲[はんい],古[ふる]い寺[てら]の庭[にわ]を見学[けんがく]した,draft,,,
clauseUntangler,cu_042,42,multipleChoice,「新[あたら]しい」は何[なに]を説明[せつめい]していますか。,What is new?,,,新[あたら]しい先生[せんせい]の授業[じゅぎょう]は分[わ]かりやすい。,A new teacher is easy to understand.,b,修飾[しゅうしょく]を受[う]ける名詞[めいし]は「先生[せんせい]」。「授業[じゅぎょう]」は「先生[せんせい]の授業[じゅぎょう]」。,"The noun that is qualified is ""teacher"". ""Classes"" are ""teacher's classes"".",modifier_scope | relative_clause,N3-N2,2,連体[れんたい]修飾[しゅうしょく]のかかり先[さき] | 名詞[めいし]を説明[せつめい]する節[ふし]の範囲[はんい],新[あたら]しい先生[せんせい]の授業[じゅぎょう]は分[わ]かりやすい,draft,,,
clauseUntangler,cu_043,43,multipleChoice,「高[たか]い」は何[なに]を説明[せつめい]していますか。,"What is ""high""?",,,高[たか]い山[やま]の上[うえ]に雪[ゆき]が残[のこ]っていた。,Snow on the high mountain.,c,修飾[しゅうしょく]を受[う]ける名詞[めいし]は「山[やま]」。「上[うえ]」は「山[やま]の上[うえ]」。,"The noun that is qualified is ""mountain"". ""Top"" is ""mountain"".",noun_modification | sentence_parsing,N3-N2,2,連体[れんたい]修飾[しゅうしょく]のかかり先[さき] | 名詞[めいし]を説明[せつめい]する節[ふし]の範囲[はんい],高[たか]い山[やま]の上[うえ]に雪[ゆき]が残[のこ]っていた,draft,,,
clauseUntangler,cu_044,44,multipleChoice,「狭[せま]い」は何[なに]を説明[せつめい]していますか。,"What is ""Narrow""?",,,狭[せま]い道[みち]の先[さき]にお店[みせ]があった。,There was a shop on the narrow road.,d,修飾[しゅうしょく]を受[う]ける名詞[めいし]は「道[みち]」。「先[さき]」は「道[みち]の先[さき]」。,"The noun that is qualified is ""do"". ""Ahead"" is ""the path"".",modifier_scope | noun_modification,N3-N2,2,連体[れんたい]修飾[しゅうしょく]のかかり先[さき] | 名詞[めいし]を説明[せつめい]する節[ふし]の範囲[はんい],狭[せま]い道[みち]の先[さき]にお店[みせ]があった,draft,,,
clauseUntangler,cu_045,45,multipleChoice,「静[しず]かだった」は何[なに]を説明[せつめい]していますか。,What did you think?,,,静[しず]かだった夜[よる]の海[うみ]は怖[こわ]かった。,I was scared of the quiet Seto Inland Sea.,a,修飾[しゅうしょく]を受[う]ける名詞[めいし]は「夜[よる]」。「海[うみ]」は「夜[よる]の海[うみ]」。,"""Night"" is the noun that is qualified. The Sea is the Seto Inland Sea.",sentence_parsing | modifier_scope,N3-N2,2,連体[れんたい]修飾[しゅうしょく]のかかり先[さき] | 名詞[めいし]を説明[せつめい]する節[ふし]の範囲[はんい],静[しず]かだった夜[よる]の海[うみ]は怖[こわ]かった,draft,,,
clauseUntangler,cu_046,46,multipleChoice,「田中[たなか]さんの話[はな]した」は何[なに]を説明[せつめい]していますか。,What do you think about Tanaka?,,,田中[たなか]さんの話[はな]した夢[ゆめ]の話[はなし]は長[なが]かった。,The story of Mr. Tanaka was long.,b,修飾[しゅうしょく]を受[う]ける名詞[めいし]は「夢[ゆめ]」。「の話[はなし]」は「夢[ゆめ]の話[はなし]」で、「夢[ゆめ]」がこの連体[れんたい]節[せつ]のヘッド。,"The noun that is qualified is ""Dream"". ""The story"" is ""the story of dream"" and ""the dream"" is the head of this synth.",noun_modification | modifier_scope | sentence_parsing,N3-N2,3,連体[れんたい]修飾[しゅうしょく]のかかり先[さき] | 名詞[めいし]を説明[せつめい]する節[ふし]の範囲[はんい],田中[たなか]さんの話[はな]した夢[ゆめ]の話[はなし]は長[なが]かった,draft,,,
clauseUntangler,cu_047,47,multipleChoice,「雨[あめ]の日[ひ]に起[お]きた」は何[なに]を説明[せつめい]していますか。,What is the impact of the rainy day?,,,雨[あめ]の日[ひ]に起[お]きた事故[じこ]の原因[げんいん]を調[しら]べた。,I checked the cause of the accident on the rainy day.,c,修飾[しゅうしょく]を受[う]ける名詞[めいし]は「事故[じこ]」。「原因[げんいん]」は「事故[じこ]の原因[げんいん]」。,"""Accident"" is a noun that is qualified. ""Cause"" is the cause of an accident.",relative_clause | modifier_scope,N3-N2,3,連体[れんたい]修飾[しゅうしょく]のかかり先[さき] | 名詞[めいし]を説明[せつめい]する節[ふし]の範囲[はんい],雨[あめ]の日[ひ]に起[お]きた事故[じこ]の原因[げんいん]を調[しら]べた,draft,,,
clauseUntangler,cu_048,48,multipleChoice,「試験[しけん]に落[お]ちた」は何[なに]を説明[せつめい]していますか。,What is the impact of the test?,,,試験[しけん]に落[お]ちた学生[がくせい]の顔[かお]が暗[くら]かった。,The student’s face was dark.,d,修飾[しゅうしょく]を受[う]ける名詞[めいし]は「学生[がくせい]」。,"""Student"" is a noun that is qualified.",sentence_parsing | relative_clause,N3-N2,3,連体[れんたい]修飾[しゅうしょく]のかかり先[さき] | 名詞[めいし]を説明[せつめい]する節[ふし]の範囲[はんい],試験[しけん]に落[お]ちた学生[がくせい]の顔[かお]が暗[くら]かった,draft,,,
clauseUntangler,cu_049,49,multipleChoice,「電車[でんしゃ]に乗[の]り遅[おく]れた」は何[なに]を説明[せつめい]していますか。,What are the reasons why I was delayed by trains?,,,電車[でんしゃ]に乗[の]り遅[おく]れた人[ひと]たちは次[つぎ]の便[びん]を待[ま]った。,T  who were late on the train waited for the next flight.,a,修飾[しゅうしょく]を受[う]ける名詞[めいし]は「人[ひと]たち」。,"The noun that is qualified is ""people"".",relative_clause | noun_modification,N3-N2,3,連体[れんたい]修飾[しゅうしょく]のかかり先[さき] | 名詞[めいし]を説明[せつめい]する節[ふし]の範囲[はんい],電車[でんしゃ]に乗[の]り遅[おく]れた人[ひと]たちは次[つぎ]の便[びん]を待[ま]った,draft,,,
clauseUntangler,cu_050,50,multipleChoice,「風[かぜ]で倒[たお]れた」は何[なに]を説明[せつめい]していますか。,What is the impact of the wind?,,,風[かぜ]で倒[たお]れた木[き]の枝[えだ]が道[みち]をふさいだ。,The tree branch fell by the wind.,b,修飾[しゅうしょく]を受[う]ける名詞[めいし]は「木[き]」。「枝[えだ]」は「木[き]の枝[えだ]」。,"The noun that is qualified is ""wood"". The branch is the branch of the tree.",modifier_scope | sentence_parsing,N3-N2,3,連体[れんたい]修飾[しゅうしょく]のかかり先[さき] | 名詞[めいし]を説明[せつめい]する節[ふし]の範囲[はんい],風[かぜ]で倒[たお]れた木[き]の枝[えだ]が道[みち]をふさいだ,draft,,,
clauseUntangler,cu_051,51,multipleChoice,「火事[かじ]で焼[や]けた」は何[なに]を説明[せつめい]していますか。,"What is ""burned by fire""?",,,火事[かじ]で焼[や]けた家[いえ]の跡地[あとち]に公園[こうえん]ができた。,The park was built on the ruins of the house burned by fire.,c,修飾[しゅうしょく]を受[う]ける名詞[めいし]は「家[いえ]」。「跡地[あとち]」は「家[いえ]の跡地[あとち]」。,"The noun that is qualified is ""house"". ""Traffic Site"" is the ""Traffic Site""",noun_modification | relative_clause,N3-N2,3,連体[れんたい]修飾[しゅうしょく]のかかり先[さき] | 名詞[めいし]を説明[せつめい]する節[ふし]の範囲[はんい],火事[かじ]で焼[や]けた家[いえ]の跡地[あとち]に公園[こうえん]ができた,draft,,,
clauseUntangler,cu_052,52,multipleChoice,「先生[せんせい]が言[い]った」は何[なに]を説明[せつめい]していますか。,What does the teacher say?,,,先生[せんせい]が言[い]った言葉[ことば]の意味[いみ]が分[わ]からなかった。,I did not know the meaning of the words that the teacher said.,d,修飾[しゅうしょく]を受[う]ける名詞[めいし]は「言葉[ことば]」。「意味[いみ]」は「言葉[ことば]の意味[いみ]」。,"The noun that is qualified is ""word"". ""meaning"" means ""word"".",relative_clause | modifier_scope,N3-N2,3,連体[れんたい]修飾[しゅうしょく]のかかり先[さき] | 名詞[めいし]を説明[せつめい]する節[ふし]の範囲[はんい],先生[せんせい]が言[い]った言葉[ことば]の意味[いみ]が分[わ]からなかった,draft,,,
clauseUntangler,cu_053,53,multipleChoice,「友[とも]だちがくれた」は何[なに]を説明[せつめい]していますか。,What do you think of your friend?,,,友[とも]だちがくれたお守[まも]りの色[いろ]が好[す]きだ。,I like the color of the talisman that my friend gave me.,a,修飾[しゅうしょく]を受[う]ける名詞[めいし]は「お守[まも]り」。「色[いろ]」は「お守[まも]りの色[いろ]」。,"The noun that is qualified is ""Amulet"". ""Color"" is the color of amulet.",sentence_parsing | noun_modification,N3-N2,3,連体[れんたい]修飾[しゅうしょく]のかかり先[さき] | 名詞[めいし]を説明[せつめい]する節[ふし]の範囲[はんい],友[とも]だちがくれたお守[まも]りの色[いろ]が好[す]きだ,draft,,,
clauseUntangler,cu_054,54,multipleChoice,「母[はは]が探[さが]していた」は何[なに]を説明[せつめい]していますか。,What are the reasons why mothers were looking for?,,,母[はは]が探[さが]していたかぎの場所[ばしょ]を教[おし]えた。,He taught the location of the crocodile she was looking for.,b,修飾[しゅうしょく]を受[う]ける名詞[めいし]は「かぎ」。「場所[ばしょ]」は「かぎの場所[ばしょ]」。,"""Kagi"" is a noun that is qualified. ""Place"" is the place of ""Kagi"".",relative_clause | modifier_scope,N3-N2,3,連体[れんたい]修飾[しゅうしょく]のかかり先[さき] | 名詞[めいし]を説明[せつめい]する節[ふし]の範囲[はんい],母[はは]が探[さが]していたかぎの場所[ばしょ]を教[おし]えた,draft,,,
clauseUntangler,cu_055,55,multipleChoice,「店[みせ]で働[はたら]いている」は何[なに]を説明[せつめい]していますか。,What do you expect to work in a shop?,,,店[みせ]で働[はたら]いている人[ひと]の名前[なまえ]を聞[き]いた。,I heard the name of the person working in the shop.,c,修飾[しゅうしょく]を受[う]ける名詞[めいし]は「人[ひと]」。「名前[なまえ]」は「人[ひと]の名前[なまえ]」。,"The noun that is qualified is ""person"". The name is the name of the person.",modifier_scope | sentence_parsing,N3-N2,3,連体[れんたい]修飾[しゅうしょく]のかかり先[さき] | 名詞[めいし]を説明[せつめい]する節[ふし]の範囲[はんい],店[みせ]で働[はたら]いている人[ひと]の名前[なまえ]を聞[き]いた,draft,,,
clauseUntangler,cu_056,56,multipleChoice,「日本[にっぽん]で買[か]った」は何[なに]を説明[せつめい]していますか。,What do you expect to buy in Japan?,,,日本[にっぽん]で買[か]ったお茶[ちゃ]の箱[ばこ]を友[とも]だちに送[おく]った。,I sent a tea box to my friend.,d,修飾[しゅうしょく]を受[う]ける名詞[めいし]は「お茶[ちゃ]」。「箱[ばこ]」は「お茶[ちゃ]の箱[ばこ]」。,"“Tea” is a noun that is qualified. ""Box"" is a tea box.",noun_modification | relative_clause,N3-N2,3,連体[れんたい]修飾[しゅうしょく]のかかり先[さき] | 名詞[めいし]を説明[せつめい]する節[ふし]の範囲[はんい],日本[にっぽん]で買[か]ったお茶[ちゃ]の箱[ばこ]を友[とも]だちに送[おく]った,draft,,,
clauseUntangler,cu_057,57,multipleChoice,「昨日[きのう]聞[き]こえた」は何[なに]を説明[せつめい]していますか。,What did you hear yesterday?,,,昨日[きのう]聞[き]こえた音[おと]の正体[しょうたい]が分[わ]かった。,I heard the sound of yesterday.,a,修飾[しゅうしょく]を受[う]ける名詞[めいし]は「音[おと]」。「正体[しょうたい]」は「音[おと]の正体[しょうたい]」。,"""Sound"" is a noun that is qualified. ""Responsive"" is the ""Responsive"" of sound.",relative_clause | sentence_parsing,N3-N2,3,連体[れんたい]修飾[しゅうしょく]のかかり先[さき] | 名詞[めいし]を説明[せつめい]する節[ふし]の範囲[はんい],昨日[きのう]聞[き]こえた音[おと]の正体[しょうたい]が分[わ]かった,draft,,,
clauseUntangler,cu_058,58,multipleChoice,「雨[あめ]が降[ふ]りそうな」は何[なに]を説明[せつめい]していますか。,What is the impact of rain?,,,雨[あめ]が降[ふ]りそうな午後[ごご]の空[そら]は灰色[はいいろ]だった。,The rainy afternoon was gray.,b,修飾[しゅうしょく]を受[う]ける名詞[めいし]は「午後[ごご]」。「空[そら]」は「午後[ごご]の空[そら]」。,"Qualified nouns are ""afternoon"". The sky is the afternoon sky.",modifier_scope | noun_modification | sentence_parsing,N3-N2,3,連体[れんたい]修飾[しゅうしょく]のかかり先[さき] | 名詞[めいし]を説明[せつめい]する節[ふし]の範囲[はんい],雨[あめ]が降[ふ]りそうな午後[ごご]の空[そら]は灰色[はいいろ]だった,draft,,,
clauseUntangler,cu_059,59,multipleChoice,「来[きた]るはずだった」は何[なに]を説明[せつめい]していますか。,What do you expect to come?,,,来[きた]るはずだった客[きゃく]の席[せき]が空[あ]いたままだった。,The seat of the customer who was supposed to come was empty.,c,修飾[しゅうしょく]を受[う]ける名詞[めいし]は「客[きゃく]」。「席[せき]」は「客[きゃく]の席[せき]」。,"The noun that is qualified is ""customer"". ""Seat"" is ""Guest Seat"".",relative_clause | modifier_scope,N3-N2,3,連体[れんたい]修飾[しゅうしょく]のかかり先[さき] | 名詞[めいし]を説明[せつめい]する節[ふし]の範囲[はんい],来[きた]るはずだった客[きゃく]の席[せき]が空[あ]いたままだった,draft,,,
clauseUntangler,cu_060,60,multipleChoice,「忘[わす]れてしまった」は何[なに]を説明[せつめい]していますか。,What are the reasons why I forgot?,,,忘[わす]れてしまった約束[やくそく]の内容[ないよう]を思[おも]い出[だ]した。,I remembered the promises I forgot.,d,修飾[しゅうしょく]を受[う]ける名詞[めいし]は「約束[やくそく]」。「内容[ないよう]」は「約束[やくそく]の内容[ないよう]」。,"Qualified nouns ""Promise"". ""Content"" is ""Content of promise"".",noun_modification | sentence_parsing,N3-N2,3,連体[れんたい]修飾[しゅうしょく]のかかり先[さき] | 名詞[めいし]を説明[せつめい]する節[ふし]の範囲[はんい],忘[わす]れてしまった約束[やくそく]の内容[ないよう]を思[おも]い出[だ]した,draft,,,
clauseUntangler,cu_061,61,multipleChoice,「起[お]こりうる」は何[なに]を説明[せつめい]していますか。,What happens?,,,起[お]こりうる問題[もんだい]のリストを作[つく]った。,Create a list of possible problems.,a,修飾[しゅうしょく]を受[う]ける名詞[めいし]は「問題[もんだい]」。「リスト」は「問題[もんだい]のリスト」。,"The noun that is qualified is ""problems"". List is a list of problems.",modifier_scope | sentence_parsing,N3-N2,3,連体[れんたい]修飾[しゅうしょく]のかかり先[さき] | 名詞[めいし]を説明[せつめい]する節[ふし]の範囲[はんい],起[お]こりうる問題[もんだい]のリストを作[つく]った,draft,,,
clauseUntangler,cu_062,62,multipleChoice,「必要[ひつよう]な」は何[なに]を説明[せつめい]していますか。,What do you need?,,,必要[ひつよう]な書類[しょるい]のコピーを用意[ようい]した。,I prepared a copy of the required documents.,b,修飾[しゅうしょく]を受[う]ける名詞[めいし]は「書類[しょるい]」。「コピー」は「書類[しょるい]のコピー」。,"""Documents"" are nouns that are qualified. Copy of documents.",noun_modification | modifier_scope,N3-N2,3,連体[れんたい]修飾[しゅうしょく]のかかり先[さき] | 名詞[めいし]を説明[せつめい]する節[ふし]の範囲[はんい],必要[ひつよう]な書類[しょるい]のコピーを用意[ようい]した,draft,,,
clauseUntangler,cu_063,63,multipleChoice,「誰[だれ]も知[し]らない」は何[なに]を説明[せつめい]していますか。,What do you know?,,,誰[だれ]も知[し]らない秘密[ひみつ]の場所[ばしょ]へ行[い]った。,I went to a secret place that no one knows.,c,修飾[しゅうしょく]を受[う]ける名詞[めいし]は「秘密[ひみつ]」。「場所[ばしょ]」は「秘密[ひみつ]の場所[ばしょ]」。,"The noun that is qualified is ""secret"". ""Place"" is a secret place.",relative_clause | modifier_scope,N3-N2,3,連体[れんたい]修飾[しゅうしょく]のかかり先[さき] | 名詞[めいし]を説明[せつめい]する節[ふし]の範囲[はんい],誰[だれ]も知[し]らない秘密[ひみつ]の場所[ばしょ]へ行[い]った,draft,,,
clauseUntangler,cu_064,64,multipleChoice,「まだ終[お]わっていない」は何[なに]を説明[せつめい]していますか。,What are the reasons why I have not finished?,,,まだ終[お]わっていない仕事[しごと]の件[けん]で連絡[れんらく]した。,I contacted the work that I have not finished yet.,d,修飾[しゅうしょく]を受[う]ける名詞[めいし]は「仕事[しごと]」。「件[けん]」は「仕事[しごと]の件[けん]」。,"Qualified nouns are ""work"". ""Work"" is ""work"".",sentence_parsing | noun_modification,N3-N2,3,連体[れんたい]修飾[しゅうしょく]のかかり先[さき] | 名詞[めいし]を説明[せつめい]する節[ふし]の範囲[はんい],まだ終[お]わっていない仕事[しごと]の件[けん]で連絡[れんらく]した,draft,,,
clauseUntangler,cu_065,65,multipleChoice,「彼[かれ]が説明[せつめい]した」は何[なに]を説明[せつめい]していますか。,What do you think about him?,,,彼[かれ]が説明[せつめい]した方法[ほうほう]のほうが簡単[かんたん]だった。,It was easier for him to explain.,a,修飾[しゅうしょく]を受[う]ける名詞[めいし]は「方法[ほうほう]」。,"The noun that is qualified is ""method"".",relative_clause | modifier_scope,N3-N2,3,連体[れんたい]修飾[しゅうしょく]のかかり先[さき] | 名詞[めいし]を説明[せつめい]する節[ふし]の範囲[はんい],彼[かれ]が説明[せつめい]した方法[ほうほう]のほうが簡単[かんたん]だった,draft,,,
clauseUntangler,cu_066,66,multipleChoice,「会議[かいぎ]で決[き]まった」は何[なに]を説明[せつめい]していますか。,What do you think of the meeting?,,,会議[かいぎ]で決[き]まった日程[にってい]の変更[へんこう]を伝[つた]えた。,The schedule changed at the meeting.,b,修飾[しゅうしょく]を受[う]ける名詞[めいし]は「日程[にってい]」。「変更[へんこう]」は「日程[にってい]の変更[へんこう]」。,"Qualified nouns are ""s ule"". ""Change"" is ""Change Date"".",noun_modification | sentence_parsing,N3-N2,3,連体[れんたい]修飾[しゅうしょく]のかかり先[さき] | 名詞[めいし]を説明[せつめい]する節[ふし]の範囲[はんい],会議[かいぎ]で決[き]まった日程[にってい]の変更[へんこう]を伝[つた]えた,draft,,,
clauseUntangler,cu_067,67,multipleChoice,「店長[てんちょう]がおすすめした」は何[なに]を説明[せつめい]していますか。,What are the reasons why the store manager recommended?,,,店長[てんちょう]がおすすめした料理[りょうり]の味[あじ]が意外[いがい]だった。,The taste of the dish recommended by the store manager was unexpected.,c,修飾[しゅうしょく]を受[う]ける名詞[めいし]は「料理[りょうり]」。「味[あじ]」は「料理[りょうり]の味[あじ]」。,"The noun that is qualified is ""food"". The taste is the taste of the dish.",relative_clause | modifier_scope,N3-N2,3,連体[れんたい]修飾[しゅうしょく]のかかり先[さき] | 名詞[めいし]を説明[せつめい]する節[ふし]の範囲[はんい],店長[てんちょう]がおすすめした料理[りょうり]の味[あじ]が意外[いがい]だった,draft,,,
clauseUntangler,cu_068,68,multipleChoice,「風邪[かぜ]を引[ひ]いた」は何[なに]を説明[せつめい]していますか。,What is the impact of the cold?,,,風邪[かぜ]を引[ひ]いたときの薬[くすり]を飲[の]んだ。,I drank medicine when I got cold.,d,修飾[しゅうしょく]を受[う]ける名詞[めいし]は「とき」。「薬[くすり]」は「ときの薬[くすり]」ではなく「風邪[かぜ]のとき」全体[ぜんたい]を修飾[しゅうしょく]する連体[れんたい]節[せつ]のヘッドは「とき」。,"The noun that is qualified is ""time"". ""Pharm"" is the head of the cohesion that modifies the whole ""when the cold"" rather than ""when the medicine"".",modifier_scope | sentence_parsing | noun_modification,N3-N2,3,連体[れんたい]修飾[しゅうしょく]のかかり先[さき] | 名詞[めいし]を説明[せつめい]する節[ふし]の範囲[はんい],風邪[かぜ]を引[ひ]いたときの薬[くすり]を飲[の]んだ,draft,,,
clauseUntangler,cu_069,69,multipleChoice,「本[ほん]を読[よ]んだ」は何[なに]を説明[せつめい]していますか。,What do you think about reading books?,,,本[ほん]を読[よ]んだあとの気持[きも]ちがすっきりした。,"After reading the book, the feeling was clear.",a,修飾[しゅうしょく]を受[う]ける名詞[めいし]は「あと」（名詞[めいし]化[か]）。「本[ほん]を読[よ]んだ」が「あと」を限定[げんてい]。,"The noun that is qualified is ""more"". ""I read the book"" is limited.",relative_clause | noun_modification,N3-N2,3,連体[れんたい]修飾[しゅうしょく]のかかり先[さき] | 名詞[めいし]を説明[せつめい]する節[ふし]の範囲[はんい],本[ほん]を読[よ]んだあとの気持[きも]ちがすっきりした,draft,,,
clauseUntangler,cu_070,70,multipleChoice,「約束[やくそく]した」は何[なに]を説明[せつめい]していますか。,What is the promise?,,,約束[やくそく]したはずの時間[じかん]に来[こ]なかった。,I did not come to the time I had promised.,b,修飾[しゅうしょく]を受[う]ける名詞[めいし]は「はず」。,"The noun that receives the modifier is ""before"".",sentence_parsing | modifier_scope,N3-N2,3,連体[れんたい]修飾[しゅうしょく]のかかり先[さき] | 名詞[めいし]を説明[せつめい]する節[ふし]の範囲[はんい],約束[やくそく]したはずの時間[じかん]に来[こ]なかった,draft,,,
clauseUntangler,cu_071,71,multipleChoice,「行[い]きたかった」は何[なに]を説明[せつめい]していますか。,What do you want to go?,,,行[い]きたかったところにやっと行[い]けた。,I wanted to go.,c,修飾[しゅうしょく]を受[う]ける名詞[めいし]は「ところ」。,"The noun that is qualified is ""where"".",noun_modification | relative_clause,N3-N2,4,連体[れんたい]修飾[しゅうしょく]のかかり先[さき] | 名詞[めいし]を説明[せつめい]する節[ふし]の範囲[はんい],行[い]きたかったところにやっと行[い]けた,draft,,,
clauseUntangler,cu_072,72,multipleChoice,「聞[き]いたことがない」は何[なに]を説明[せつめい]していますか。,What does it mean to hear?,,,聞[き]いたことがない話[はなし]に驚[おどろ]いた。,I was surprised by the story I never heard.,d,修飾[しゅうしょく]を受[う]ける名詞[めいし]は「話[はなし]」。,"The noun that is qualified is ""Talk"".",relative_clause | modifier_scope,N3-N2,4,連体[れんたい]修飾[しゅうしょく]のかかり先[さき] | 名詞[めいし]を説明[せつめい]する節[ふし]の範囲[はんい],聞[き]いたことがない話[はなし]に驚[おどろ]いた,draft,,,
clauseUntangler,cu_073,73,multipleChoice,「見[み]たことのない」は何[なに]を説明[せつめい]していますか。,What does it look like?,,,見[み]たことのない色[いろ]の花[はな]が咲[さ]いていた。,The flower of the color that I never seen was blooming.,a,修飾[しゅうしょく]を受[う]ける名詞[めいし]は「色[いろ]」。「花[はな]」は「色[いろ]の花[はな]」。,"The noun that is qualified is ""color"". ""Flower"" is ""color flower"".",noun_modification | sentence_parsing,N3-N2,4,連体[れんたい]修飾[しゅうしょく]のかかり先[さき] | 名詞[めいし]を説明[せつめい]する節[ふし]の範囲[はんい],見[み]たことのない色[いろ]の花[はな]が咲[さ]いていた,draft,,,
clauseUntangler,cu_074,74,multipleChoice,「説明[せつめい]が難[むずか]しい」は何[なに]を説明[せつめい]していますか。,"What is the problem of ""professional""?",,,説明[せつめい]が難[むずか]しい部分[ぶぶん]だけをもう一度[いちど]聞[き]いた。,I heard only the part that is difficult to describe again.,b,修飾[しゅうしょく]を受[う]ける名詞[めいし]は「部分[ぶぶん]」。,"The noun that is qualified is ""part"".",sentence_parsing | noun_modification,N3-N2,4,連体[れんたい]修飾[しゅうしょく]のかかり先[さき] | 名詞[めいし]を説明[せつめい]する節[ふし]の範囲[はんい],説明[せつめい]が難[むずか]しい部分[ぶぶん]だけをもう一度[いちど]聞[き]いた,draft,,,
clauseUntangler,cu_075,75,multipleChoice,「名前[なまえ]を忘[わす]れた」は何[なに]を説明[せつめい]していますか。,What are the reasons why I forgot my name?,,,名前[なまえ]を忘[わす]れた人[ひと]に声[こえ]をかけられて困[こま]った。,I had trouble asking someone forgotten their name.,c,修飾[しゅうしょく]を受[う]ける名詞[めいし]は「人[ひと]」。,"The noun that is qualified is ""person"".",relative_clause | modifier_scope,N3-N2,4,連体[れんたい]修飾[しゅうしょく]のかかり先[さき] | 名詞[めいし]を説明[せつめい]する節[ふし]の範囲[はんい],名前[なまえ]を忘[わす]れた人[ひと]に声[こえ]をかけられて困[こま]った,draft,,,
clauseUntangler,cu_076,76,multipleChoice,「電車[でんしゃ]が遅[おく]れた」は何[なに]を説明[せつめい]していますか。,What is the delay in the train?,,,電車[でんしゃ]が遅[おく]れたせいで会議[かいぎ]に遅刻[ちこく]した。,The train was delayed due to delay.,d,修飾[しゅうしょく]を受[う]ける名詞[めいし]は「せい」（名詞[めいし]）。「電車[でんしゃ]が遅[おく]れた」が「せい」を説明[せつめい]。,"The noun that receives the modifier is bla (noun). ""The train was delayed"" explains ""sui"".",noun_modification | sentence_parsing,N3-N2,4,連体[れんたい]修飾[しゅうしょく]のかかり先[さき] | 名詞[めいし]を説明[せつめい]する節[ふし]の範囲[はんい],電車[でんしゃ]が遅[おく]れたせいで会議[かいぎ]に遅刻[ちこく]した,draft,,,
clauseUntangler,cu_077,77,multipleChoice,「雨[あめ]が降[ふ]った」は何[なに]を説明[せつめい]していますか。,What is raining?,,,雨[あめ]が降[ふ]った日[ひ]の写真[しゃしん]は暗[くら]い。,The photo of the rainy day is dark.,a,修飾[しゅうしょく]を受[う]ける名詞[めいし]は「日[ひ]」。「写真[しゃしん]」は「日[ひ]の写真[しゃしん]」。,"The noun that is qualified is ""day"". ""Photo"" is ""Photo of the day"".",modifier_scope | relative_clause,N3-N2,4,連体[れんたい]修飾[しゅうしょく]のかかり先[さき] | 名詞[めいし]を説明[せつめい]する節[ふし]の範囲[はんい],雨[あめ]が降[ふ]った日[ひ]の写真[しゃしん]は暗[くら]い,draft,,,
clauseUntangler,cu_078,78,multipleChoice,「試験[しけん]に合格[ごうかく]した」は何[なに]を説明[せつめい]していますか。,What do you expect to pass the exam?,,,試験[しけん]に合格[ごうかく]した友[とも]だちの顔[かお]が輝[かがや]いていた。,A friend who passed the test shined.,b,修飾[しゅうしょく]を受[う]ける名詞[めいし]は「友[とも]だち」。「顔[かお]」は「友[とも]だちの顔[かお]」。,"The noun that is qualified is ""friend"". ""Face"" is ""Friend's face"".",relative_clause | sentence_parsing,N3-N2,4,連体[れんたい]修飾[しゅうしょく]のかかり先[さき] | 名詞[めいし]を説明[せつめい]する節[ふし]の範囲[はんい],試験[しけん]に合格[ごうかく]した友[とも]だちの顔[かお]が輝[かがや]いていた,draft,,,
clauseUntangler,cu_079,79,multipleChoice,「田中[たなか]さんという」は何[なに]を説明[せつめい]していますか。,"What is ""Tanaka-san""?",,,田中[たなか]さんという名前[なまえ]の学生[がくせい]が転校[てんこう]してきた。,A student named Mr. Tanaka has been rolling.,c,修飾[しゅうしょく]を受[う]ける名詞[めいし]は「名前[なまえ]」。「田中[たなか]さんという」は「名前[なまえ]」を同格[どうかく]説明[せつめい]する。,"The noun that is qualified is ""name"". ""Mr. Tanaka"" explains the same name.",noun_modification | sentence_parsing | modifier_scope,N3-N2,4,連体[れんたい]修飾[しゅうしょく]のかかり先[さき] | 名詞[めいし]を説明[せつめい]する節[ふし]の範囲[はんい],田中[たなか]さんという名前[なまえ]の学生[がくせい]が転校[てんこう]してきた,draft,,,
clauseUntangler,cu_080,80,multipleChoice,「ゴールデンウィークという」は何[なに]を説明[せつめい]していますか。,What is Golden Week?,,,ゴールデンウィークという長[なが]い休[やす]みが始[はじ]まる。,Golden Week,d,修飾[しゅうしょく]を受[う]ける名詞[めいし]は「休[やす]み」。「という」は前[まえ]の固有[こゆう]名詞[めいし]と「休[やす]み」を結[むす]ぶ。,“Closed” is a noun that is qualified. “T。” connects the predecessor and “Clos”.,modifier_scope | noun_modification,N3-N2,4,連体[れんたい]修飾[しゅうしょく]のかかり先[さき] | 名詞[めいし]を説明[せつめい]する節[ふし]の範囲[はんい],ゴールデンウィークという長[なが]い休[やす]みが始[はじ]まる,draft,,,
clauseUntangler,cu_081,81,multipleChoice,「夢[ゆめ]という」は何[なに]を説明[せつめい]していますか。,"What is ""Dream""?",,,夢[ゆめ]という字[じ]は難[むずか]しい。,It is difficult to make a dream.,a,修飾[しゅうしょく]を受[う]ける名詞[めいし]は「字[じ]」。,"The noun that is qualified is ""character"".",sentence_parsing | modifier_scope,N3-N2,4,連体[れんたい]修飾[しゅうしょく]のかかり先[さき] | 名詞[めいし]を説明[せつめい]する節[ふし]の範囲[はんい],夢[ゆめ]という字[じ]は難[むずか]しい,draft,,,
clauseUntangler,cu_082,82,multipleChoice,「日本[にっぽん]という」は何[なに]を説明[せつめい]していますか。,What is Japan?,,,日本[にっぽん]という国[くに]の文化[ぶんか]に興味[きょうみ]がある。,I am interested in Japanese culture.,b,修飾[しゅうしょく]を受[う]ける名詞[めいし]は「国[くに]」。,"Qualified nouns are ""country"".",noun_modification | relative_clause,N3-N2,4,連体[れんたい]修飾[しゅうしょく]のかかり先[さき] | 名詞[めいし]を説明[せつめい]する節[ふし]の範囲[はんい],日本[にっぽん]という国[くに]の文化[ぶんか]に興味[きょうみ]がある,draft,,,
clauseUntangler,cu_083,83,multipleChoice,「噂[うわさ]という」は何[なに]を説明[せつめい]していますか。,What is rumor?,,,噂[うわさ]という話[はなし]はあてにならない。,The story of rumors is very good.,c,修飾[しゅうしょく]を受[う]ける名詞[めいし]は「話[はなし]」。「噂[うわさ]という」が「話[はなし]」の内容[ないよう]を示[しめ]す。,"The noun that is qualified is ""Talk"". The rumor indicates the contents of the story.",relative_clause | sentence_parsing,N3-N2,4,連体[れんたい]修飾[しゅうしょく]のかかり先[さき] | 名詞[めいし]を説明[せつめい]する節[ふし]の範囲[はんい],噂[うわさ]という話[はなし]はあてにならない,draft,,,
clauseUntangler,cu_084,84,multipleChoice,「お知[し]らせの」は何[なに]を説明[せつめい]していますか。,"What is ""Announcement""?",,,お知[し]らせの件[けん]について、来週[らいしゅう]の会議[かいぎ]で詳[くわ]しく説明[せつめい]します。,"For more information, please visit the next week’s meeting.",d,修飾[しゅうしょく]を受[う]ける名詞[めいし]は「件[けん]」。「お知[し]らせの」は「件[けん]」を限定[げんてい]する。,"The nouns that are qualified are subjects. ""Announcement"" is limited.",modifier_scope | sentence_parsing | noun_modification,N3-N2,4,連体[れんたい]修飾[しゅうしょく]のかかり先[さき] | 名詞[めいし]を説明[せつめい]する節[ふし]の範囲[はんい],お知[し]らせの件[けん]について | 来週[らいしゅう]の会議[かいぎ]で詳[くわ]しく説明[せつめい]します,draft,,,
clauseUntangler,cu_085,85,multipleChoice,「ご確認[かくにん]いただきたい」は何[なに]を説明[せつめい]していますか。,What do you expect to see?,,,ご確認[かくにん]いただきたい資料[しりょう]を添付[てんぷ]しております。,We attach the materials you want to confirm.,a,修飾[しゅうしょく]を受[う]ける名詞[めいし]は「資料[しりょう]」。ビジネス文[ぶん]の典型[てんけい]。,"The noun that is qualified is ""Document"". Typical type of business statement.",relative_clause | modifier_scope,N3-N2,4,連体[れんたい]修飾[しゅうしょく]のかかり先[さき] | 名詞[めいし]を説明[せつめい]する節[ふし]の範囲[はんい],ご確認[かくにん]いただきたい資料[しりょう]を添付[てんぷ]しております,draft,,,
clauseUntangler,cu_086,86,multipleChoice,「ご不明[ふめい]な」は何[なに]を説明[せつめい]していますか。,What do you know?,,,ご不明[ふめい]な点[てん]がございましたら、担当[たんとう]までご連絡[れんらく]ください。,"If you have any questions, please contact us.",b,修飾[しゅうしょく]を受[う]ける名詞[めいし]は「点[てん]」。「ご不明[ふめい]な」は「点[てん]」にかかる。,"The noun that is qualified is ""dot"". ""Unknown"" takes a point.",noun_modification | sentence_parsing,N3-N2,5,連体[れんたい]修飾[しゅうしょく]のかかり先[さき] | 名詞[めいし]を説明[せつめい]する節[ふし]の範囲[はんい],ご不明[ふめい]な点[てん]がございましたら | 担当[たんとう]までご連絡[れんらく]ください,draft,,,
clauseUntangler,cu_087,87,multipleChoice,「署名[しょめい]した」は何[なに]を説明[せつめい]していますか。,"What is ""signed""?",,,お手数[てすう]ですが、署名[しょめい]した書類[しょるい]の写[うつ]しを送[おく]ってください。,Please send a copy of the signed document.,c,修飾[しゅうしょく]を受[う]ける名詞[めいし]は「書類[しょるい]」。「写[うつ]し」は「書類[しょるい]の写[うつ]し」。,"""Documents"" are nouns that are qualified. Copy of documents.",modifier_scope | noun_modification,N3-N2,5,連体[れんたい]修飾[しゅうしょく]のかかり先[さき] | 名詞[めいし]を説明[せつめい]する節[ふし]の範囲[はんい],お手数[てすう]ですが | 署名[しょめい]した書類[しょるい]の写[うつ]しを送[おく]ってください,draft,,,
clauseUntangler,cu_088,88,multipleChoice,「記入[きにゅう]した」は何[なに]を説明[せつめい]していますか。,"What is ""filled""?",,,来週[らいしゅう]までにご提出[ていしゅつ]くださいますよう、記入[きにゅう]した用紙[ようし]の右上[みぎうえ]に日付[ひづけ]を記入[きにゅう]してください。,Please fill in the date at the top right of the form.,d,修飾[しゅうしょく]を受[う]ける名詞[めいし]は「用紙[ようし]」。,"The noun that is qualified is ""paper"".",sentence_parsing | relative_clause,N3-N2,5,連体[れんたい]修飾[しゅうしょく]のかかり先[さき] | 名詞[めいし]を説明[せつめい]する節[ふし]の範囲[はんい],来週[らいしゅう]までにご提出[ていしゅつ]くださいますよう | 記入[きにゅう]した用紙[ようし]の右上[みぎうえ]に日付[ひづけ]を記入[きにゅう]してください,draft,,,
clauseUntangler,cu_089,89,multipleChoice,「担当者[たんとうしゃ]が確認[かくにん]した」は何[なに]を説明[せつめい]していますか。,What does the person in charge confirm?,,,担当者[たんとうしゃ]が確認[かくにん]した内容[ないよう]について、改[あらた]めてメールいたします。,We will send an e-mail once the person in charge has confirmed.,a,修飾[しゅうしょく]を受[う]ける名詞[めいし]は「内容[ないよう]」。,"The noun that is qualified is ""content"".",relative_clause | modifier_scope,N3-N2,5,連体[れんたい]修飾[しゅうしょく]のかかり先[さき] | 名詞[めいし]を説明[せつめい]する節[ふし]の範囲[はんい],担当者[たんとうしゃ]が確認[かくにん]した内容[ないよう]について | 改[あらた]めてメールいたします,draft,,,
clauseUntangler,cu_090,90,multipleChoice,「市[し]の発表[はっぴょう]によると」は何[なに]を説明[せつめい]していますか。,What is the impact of the city?,,,市[し]の発表[はっぴょう]によると、来月[らいげつ]から料金[りょうきん]が値上[ねあ]げされる。,"According to the announcement of the city, the price will be increased.",b,「市[し]の」は「発表[はっぴょう]」を限定[げんてい]。修飾[しゅうしょく]を受[う]ける名詞[めいし]は「発表[はっぴょう]」。,"""City"" is limited to ""Presen。"". The nouns that are qualified are presented.",noun_modification | sentence_parsing | modifier_scope,N3-N2,5,連体[れんたい]修飾[しゅうしょく]のかかり先[さき] | 名詞[めいし]を説明[せつめい]する節[ふし]の範囲[はんい],市[し]の発表[はっぴょう]によると | 来月[らいげつ]から料金[りょうきん]が値上[ねあ]げされる,draft,,,
clauseUntangler,cu_091,91,multipleChoice,「現地[げんち]で取材[しゅざい]した」は何[なに]を説明[せつめい]していますか。,What do you expect to see when you interview?,,,現地[げんち]で取材[しゅざい]した記者[きしゃ]の報道[ほうどう]が続[つづ]いている。,There is a report of the reporter on the site.,c,修飾[しゅうしょく]を受[う]ける名詞[めいし]は「記者[きしゃ]」。「報道[ほうどう]」は「記者[きしゃ]の報道[ほうどう]」。,"The noun that is qualified is ""signature"". ""Press"" is the press release.",relative_clause | modifier_scope,N3-N2,5,連体[れんたい]修飾[しゅうしょく]のかかり先[さき] | 名詞[めいし]を説明[せつめい]する節[ふし]の範囲[はんい],現地[げんち]で取材[しゅざい]した記者[きしゃ]の報道[ほうどう]が続[つづ]いている,draft,,,
clauseUntangler,cu_092,92,multipleChoice,「警察[けいさつ]が明[あき]らかにした」は何[なに]を説明[せつめい]していますか。,What does the police reveal?,,,警察[けいさつ]が明[あき]らかにした事実[じじつ]は衝撃的[しょうげきてき]だった。,The fact that the police revealed was shocking.,d,修飾[しゅうしょく]を受[う]ける名詞[めいし]は「事実[じじつ]」。,"The noun that is qualified is ""facts"".",sentence_parsing | noun_modification,N2,5,連体[れんたい]修飾[しゅうしょく]のかかり先[さき] | 名詞[めいし]を説明[せつめい]する節[ふし]の範囲[はんい],警察[けいさつ]が明[あき]らかにした事実[じじつ]は衝撃的[しょうげきてき]だった,draft,,,
clauseUntangler,cu_093,93,multipleChoice,「専門家[せんもんか]が指摘[してき]した」は何[なに]を説明[せつめい]していますか。,What do you expect from experts?,,,専門家[せんもんか]が指摘[してき]した問題[もんだい]の深刻[しんこく]さが議論[ぎろん]を呼[よ]んでいる。,The seriousness of the problem that experts pointed out is calling a discussion.,a,修飾[しゅうしょく]を受[う]ける名詞[めいし]は「問題[もんだい]」。「深刻[しんこく]さ」は「問題[もんだい]の深刻[しんこく]さ」。,"The noun that is qualified is ""problems"". ""。。"" is ""問題。""",modifier_scope | relative_clause,N2,5,連体[れんたい]修飾[しゅうしょく]のかかり先[さき] | 名詞[めいし]を説明[せつめい]する節[ふし]の範囲[はんい],専門家[せんもんか]が指摘[してき]した問題[もんだい]の深刻[しんこく]さが議論[ぎろん]を呼[よ]んでいる,draft,,,
clauseUntangler,cu_094,94,multipleChoice,「去年[きょねん]比[ひ]で増[ふ]えた」は何[なに]を説明[せつめい]していますか。,What do you expect from last year?,,,去年[きょねん]比[ひ]で増[ふ]えた売上[うりあげ]の数字[すうじ]が発表[はっぴょう]された。,The number of sales increased from last year was announced.,b,修飾[しゅうしょく]を受[う]ける名詞[めいし]は「売上[うりあげ]」。「数字[すうじ]」は「売上[うりあげ]の数字[すうじ]」。,"Qualified nouns are ""sales"". ""Number"" is ""Number of sales"".",noun_modification | sentence_parsing,N2,5,連体[れんたい]修飾[しゅうしょく]のかかり先[さき] | 名詞[めいし]を説明[せつめい]する節[ふし]の範囲[はんい],去年[きょねん]比[ひ]で増[ふ]えた売上[うりあげ]の数字[すうじ]が発表[はっぴょう]された,draft,,,
clauseUntangler,cu_095,95,multipleChoice,「海外[かいがい]で話題[わだい]になった」は何[なに]を説明[せつめい]していますか。,What is the impact of the topic overseas?,,,海外[かいがい]で話題[わだい]になった映画[えいが]の日本[にっぽん]公開[こうかい]が決[き]まった。,Japan has been released.,c,修飾[しゅうしょく]を受[う]ける名詞[めいし]は「映画[えいが]」。「公開[こうかい]」は「映画[えいが]の公開[こうかい]」。,"The noun that is qualified is ""movie"". ""Publish"" is ""Film Publication"".",relative_clause | modifier_scope,N2,5,連体[れんたい]修飾[しゅうしょく]のかかり先[さき] | 名詞[めいし]を説明[せつめい]する節[ふし]の範囲[はんい],海外[かいがい]で話題[わだい]になった映画[えいが]の日本[にっぽん]公開[こうかい]が決[き]まった,draft,,,
clauseUntangler,cu_096,96,multipleChoice,「政府[せいふ]が発表[はっぴょう]した」は何[なに]を説明[せつめい]していますか。,What do you expect from the government?,,,政府[せいふ]が発表[はっぴょう]した対策[たいさく]の内容[ないよう]がニュースで伝[つた]えられた。,The details of measures published by the government were reported in the news.,d,修飾[しゅうしょく]を受[う]ける名詞[めいし]は「対策[たいさく]」。「内容[ないよう]」は「対策[たいさく]の内容[ないよう]」。,"The nouns that are qualified are ""re ts"". ""Content"" is ""Content of measures"".",sentence_parsing | noun_modification,N2,5,連体[れんたい]修飾[しゅうしょく]のかかり先[さき] | 名詞[めいし]を説明[せつめい]する節[ふし]の範囲[はんい],政府[せいふ]が発表[はっぴょう]した対策[たいさく]の内容[ないよう]がニュースで伝[つた]えられた,draft,,,
clauseUntangler,cu_097,97,multipleChoice,「目撃者[もくげきしゃ]が語[かた]った」は何[なに]を説明[せつめい]していますか。,What do you expect to see?,,,目撃者[もくげきしゃ]が語[かた]った当時[とうじ]の状況[じょうきょう]は混乱[こんらん]していたという。,The situation of the time when the witness told was conf .,a,修飾[しゅうしょく]を受[う]ける名詞[めいし]は「状況[じょうきょう]」。「当時[とうじ]の」も「状況[じょうきょう]」にかかる。,"Qualified noun is ""S ation"". ""The time"" also takes ""the situation"".",modifier_scope | relative_clause,N2,5,連体[れんたい]修飾[しゅうしょく]のかかり先[さき] | 名詞[めいし]を説明[せつめい]する節[ふし]の範囲[はんい],目撃者[もくげきしゃ]が語[かた]った当時[とうじ]の状況[じょうきょう]は混乱[こんらん]していたという,draft,,,
clauseUntangler,cu_098,98,multipleChoice,「関係者[かんけいしゃ]が認[みと]めた」は何[なに]を説明[せつめい]していますか。,What is the impact of the company?,,,関係者[かんけいしゃ]が認[みと]めた事実関係[じじつかんけい]の整理[せいり]に時間[じかん]がかかる。,It takes time to organize the facts that the parties have accepted.,b,修飾[しゅうしょく]を受[う]ける名詞[めいし]は「事実関係[じじつかんけい]」。「整理[せいり]」は「事実関係[じじつかんけい]の整理[せいり]」。,"The noun that is qualified is ""factual relationship"". ""のing"" is ""事実ing facts"".",noun_modification | sentence_parsing,N2,5,連体[れんたい]修飾[しゅうしょく]のかかり先[さき] | 名詞[めいし]を説明[せつめい]する節[ふし]の範囲[はんい],関係者[かんけいしゃ]が認[みと]めた事実関係[じじつかんけい]の整理[せいり]に時間[じかん]がかかる,draft,,,
clauseUntangler,cu_099,99,multipleChoice,「まだ原因[げんいん]がはっきりしない」は何[なに]を説明[せつめい]していますか。,What are the reasons why the cause is not clear?,,,まだ原因[げんいん]がはっきりしない事故[じこ]の調査[ちょうさ]が続[つづ]いている。,Accident investigation is still not clear.,c,修飾[しゅうしょく]を受[う]ける名詞[めいし]は「事故[じこ]」。,"""Accident"" is a noun that is qualified.",relative_clause | modifier_scope,N2,5,連体[れんたい]修飾[しゅうしょく]のかかり先[さき] | 名詞[めいし]を説明[せつめい]する節[ふし]の範囲[はんい],まだ原因[げんいん]がはっきりしない事故[じこ]の調査[ちょうさ]が続[つづ]いている,draft,,,
clauseUntangler,cu_100,100,multipleChoice,「現場[げんば]で見[み]つかった」は何[なに]を説明[せつめい]していますか。,What did you find in the field?,,,現場[げんば]で見[み]つかった物証[ぶっしょう]の分析[ぶんせき]結果[けっか]が注目[ちゅうもく]されている。,The results of analysis of the testimonials found on the site are noted.,d,修飾[しゅうしょく]を受[う]ける名詞[めいし]は「物証[ぶっしょう]」。「分析[ぶんせき]結果[けっか]」は「物証[ぶっしょう]の分析[ぶんせき]結果[けっか]」。,"Qualified nouns are ""object certificates"". ""An。 result"" is ""An。 result of the certificate"".",sentence_parsing | noun_modification,N2,5,連体[れんたい]修飾[しゅうしょく]のかかり先[さき] | 名詞[めいし]を説明[せつめい]する節[ふし]の範囲[はんい],現場[げんば]で見[み]つかった物証[ぶっしょう]の分析[ぶんせき]結果[けっか]が注目[ちゅうもく]されている,draft,,,
omissionDetective,od_001,1,multipleChoice,誰[だれ]がメールを送[おく]りましたか。,Who sent me an email?,友人[ゆうじん]同士[どうし]。,Friends,"A: 「田中[たなか]さんにメールした？」
B: 「うん、もう送[おく]ったよ。」","A: ""Do you email Mr. Tanaka?""
B: “Yes, I sent it again.",b,Bが「送[おく]った」と答[こた]えており、主語[しゅご]は聞[き]き手[て]のB。,"B answered, and the subject is B.",omitted_subject | dialogue_context,N4,1,省略[しょうりゃく]された成分[せいぶん]の推定[すいてい] | 会話[かいわ]文脈[ぶんみゃく]からの照応[しょうおう],田中[たなか]さんにメールした | うん | もう送[おく]ったよ,draft,,,
omissionDetective,od_002,2,multipleChoice,誰[だれ]が洗[あら]い物[もの]をしますか。,Who washes?,家[いえ]で。,Home,"A: 「洗[あら]い物[もの]、私[わたくし]がやるよ。」
B: 「ありがとう、お願[ねが]い。」","A: ""Wash, I do.  
B: ""Thank you, please.",a,Aが志願[しがん]して主語[しゅご]はA。Bは感謝[かんしゃ]しているだけ。,A is the subject of A. B is thankful.,omitted_subject | dialogue_context,N4,1,省略[しょうりゃく]された成分[せいぶん]の推定[すいてい] | 会話[かいわ]文脈[ぶんみゃく]からの照応[しょうおう],洗[あら]い物[もの] | 私[わたくし]がやるよ | ありがとう | お願[ねが]い,draft,,,
omissionDetective,od_003,3,multipleChoice,誰[だれ]が会議室[かいぎしつ]を予約[よやく]しましたか。,Who booked a meeting room?,職場[しょくば]。,Workplace.,"A: 「会議室[かいぎしつ]、取[と]っとく？」
B: 「うん、もう取[と]った。」","A: “Meeting Room, Motaku?”
B: “Yes, I took it.",b,予約[よやく]の行為[こうい]をしたのは、返答[へんとう]するB。,The act of making a reservation is B.,omitted_subject | dialogue_context,N4,1,省略[しょうりゃく]された成分[せいぶん]の推定[すいてい] | 会話[かいわ]文脈[ぶんみゃく]からの照応[しょうおう],会議室[かいぎしつ] | 取[と]っとく | うん | もう取[と]った,draft,,,
omissionDetective,od_004,4,multipleChoice,誰[だれ]が傘[かさ]を持[も]ってきましたか。,Who brought the umbrella?,駅前[えきまえ]。,Close,"A: 「傘[かさ]、要[い]る？」
B: 「持[も]ってきたよ。」","A: ""Do you need umbrellas?""
B: “I have brought it.”",b,持参[じさん]したのはBの行動[こうどう]と分[わ]かる。,I understand the behavior of B.,omitted_subject | dialogue_context,N4,1,省略[しょうりゃく]された成分[せいぶん]の推定[すいてい] | 会話[かいわ]文脈[ぶんみゃく]からの照応[しょうおう],傘[かさ] | 要[い]る | 持[も]ってきたよ,draft,,,
omissionDetective,od_005,5,multipleChoice,誰[だれ]が宿題[しゅくだい]を出[だ]しますか。,Who gives homework?,友達[ともだち]。,Friends,"A: 「宿題[しゅくだい]、出[だ]さないと。」
B: 「私[わたくし]が出[だ]すよ。」","A: ""Do not leave homework.""  
B: “I’m going out.”",b,「出[だ]すよ」はBの主語[しゅご]。,The main word of B.,omitted_subject | dialogue_context,N4,1,省略[しょうりゃく]された成分[せいぶん]の推定[すいてい] | 会話[かいわ]文脈[ぶんみゃく]からの照応[しょうおう],宿題[しゅくだい] | 出[だ]さないと | 私[わたくし]が出[だ]すよ,draft,,,
omissionDetective,od_006,6,multipleChoice,誰[だれ]が窓[まど]を開[あ]けましたか。,Who opened the window?,教室[きょうしつ]。,Classroom,"A: 「暑[あつ]いね。」
B: 「開[あ]けておくね。」","A: “It’s hot.”  
B: “Open!”",b,開[あ]けるのは話[はな]しているB。,B is talking about opening.,omitted_subject | dialogue_context,N4,1,省略[しょうりゃく]された成分[せいぶん]の推定[すいてい] | 会話[かいわ]文脈[ぶんみゃく]からの照応[しょうおう],暑[あつ]いね | 開[あ]けておくね,draft,,,
omissionDetective,od_007,7,multipleChoice,誰[だれ]がコピーを取[と]りますか。,Who takes a copy?,オフィス。,Office.,"A: 「資料[しりょう]のコピー、頼[たの]んでいい？」
B: 「ああ、こっちでやる。」","A: “Do you ask for a copy of materials?”
B: “Oh, do it here.”",b,「こっちでやる」はBが実行[じっこう]する。,"""Do it here"" executes B.",omitted_subject | dialogue_context,N4,1,省略[しょうりゃく]された成分[せいぶん]の推定[すいてい] | 会話[かいわ]文脈[ぶんみゃく]からの照応[しょうおう],資料[しりょう]のコピー | 頼[たの]んでいい | ああ | こっちでやる,draft,,,
omissionDetective,od_008,8,multipleChoice,誰[だれ]が荷物[にもつ]を運[はこ]びましたか。,Who carried my luggage?,引[ひ]っ越[こ]しの手伝[てつだ]い。,Help of moving.,"A: 「重[おも]いねこの箱[ばこ]。」
B: 「運[はこ]んだから大丈夫[だいじょうぶ]。」","A: ""Heavy box.""  
B: “It’s okay because you’re lucky.”",b,運[はこ]んだのはBが報告[ほうこく]している主体[しゅたい]。,Make sure B reports.,omitted_subject | dialogue_context,N4,1,省略[しょうりゃく]された成分[せいぶん]の推定[すいてい] | 会話[かいわ]文脈[ぶんみゃく]からの照応[しょうおう],重[おも]いねこの箱[ばこ] | 運[はこ]んだから大丈夫[だいじょうぶ],draft,,,
omissionDetective,od_009,9,multipleChoice,誰[だれ]が電話[でんわ]に出[で]ましたか。,Who made a call?,職場[しょくば]。,Workplace.,"A: 「社長[しゃちょう]、いる？」
B: 「出[で]たよ、用件[ようけん]聞[き]く。」","A: “Are you a president?”
B: ""No, I hear the case.""",b,電話[でんわ]に出[で]たのはB。用件[ようけん]を聞[き]くのもB。,B B.,omitted_subject | dialogue_context,N4,1,省略[しょうりゃく]された成分[せいぶん]の推定[すいてい] | 会話[かいわ]文脈[ぶんみゃく]からの照応[しょうおう],社長[しゃちょう] | いる | 出[で]たよ | 用件[ようけん]聞[き]く,draft,,,
omissionDetective,od_010,10,multipleChoice,誰[だれ]が地図[ちず]を描[えが]きますか。,Who draws a map?,サークル。,circle.,"A: 「地図[ちず]、誰[だれ]が描[えが]く？」
B: 「私[わたくし]が描[えが]くよ。」","A: “Who draws a map?”
B: “I’ll draw.”",b,明言[めいげん]どおりB。,B.,omitted_subject | dialogue_context,N4,1,省略[しょうりゃく]された成分[せいぶん]の推定[すいてい] | 会話[かいわ]文脈[ぶんみゃく]からの照応[しょうおう],地図[ちず] | 誰[だれ]が描[えが]く | 私[わたくし]が描[えが]くよ,draft,,,
omissionDetective,od_011,11,multipleChoice,Bは何[なに]を飲[の]みましたか。,What did B drink?,喫茶店[きっさてん]。,Cafe,"A: 「コーヒー、残[のこ]ってる？」
B: 「飲[の]んじゃった。」","A: “I’m still coffee?”
B: “Drinked.”",a,直前[ちょくぜん]の「コーヒー」が目的語[もくてきご]として省略[しょうりゃく]されている。,""" "" is omitted as the purpose.",omitted_object | dialogue_context,N4,1,省略[しょうりゃく]された成分[せいぶん]の推定[すいてい] | 会話[かいわ]文脈[ぶんみゃく]からの照応[しょうおう],コーヒー | 残[のこ]ってる | 飲[の]んじゃった,draft,,,
omissionDetective,od_012,12,multipleChoice,Bは何[なに]を買[か]いましたか。,What did B buy?,本屋[ほんや]の前[まえ]。,In front of the bookstore.,"A: 「新刊[しんかん]、もう手[て]に入[い]れた？」
B: 「買[か]った。」","A: “What’s new? Can I get it?”
B: ""I bought it.""",a,「新刊[しんかん]」が買[か]う対象[たいしょう]。,"""New book"" is available.",omitted_object | dialogue_context,N4,1,省略[しょうりゃく]された成分[せいぶん]の推定[すいてい] | 会話[かいわ]文脈[ぶんみゃく]からの照応[しょうおう],新刊[しんかん] | もう手[て]に入[い]れた | 買[か]った,draft,,,
omissionDetective,od_013,13,multipleChoice,Bは何[なに]を直[なお]しましたか。,What is B?,家[いえ]。,Home,"A: 「自転車[じてんしゃ]、直[なお]った？」
B: 「直[なお]した。」","A: “I’m on a bicycle?”
B: ""Fixed.""",a,直[なお]したのは聞[き]かれた自転車[じてんしゃ]。,I was told that the bicycle was corrected.,omitted_object | dialogue_context,N4,1,省略[しょうりゃく]された成分[せいぶん]の推定[すいてい] | 会話[かいわ]文脈[ぶんみゃく]からの照応[しょうおう],自転車[じてんしゃ] | 直[なお]った | 直[なお]した,draft,,,
omissionDetective,od_014,14,multipleChoice,Bは何[なに]を食[た]べませんでしたか。,What did B eat?,誕生日[たんじょうび]。,Birthday.,"A: 「ケーキ、食[た]べる？」
B: 「食[た]べない。」","A: “Cake, Eat?”
B: Don’t eat.",a,断[ことわ]りの対象[たいしょう]は勧[すす]められたケーキ。,The cake is recommended.,omitted_object | dialogue_context,N4,1,省略[しょうりゃく]された成分[せいぶん]の推定[すいてい] | 会話[かいわ]文脈[ぶんみゃく]からの照応[しょうおう],ケーキ | 食[た]べる | 食[た]べない,draft,,,
omissionDetective,od_015,15,multipleChoice,Bは何[なに]を片[かた]づけていますか。,What is B?,自室[じしつ]。,Home,"A: 「机[つくえ]の上[うえ]、片[かた]づけた？」
B: 「まだ、今[いま]やってる。」","A: “How did you clean up your desk?”
B: “I’m still doing it now.”",a,片[かた]づけの対象[たいしょう]はAの言[い]う机[つくえ]の上[うえ]。,The object of cleaning is on the desk that says A.,omitted_object | dialogue_context,N4,1,省略[しょうりゃく]された成分[せいぶん]の推定[すいてい] | 会話[かいわ]文脈[ぶんみゃく]からの照応[しょうおう],机[つくえ]の上[うえ] | 片[かた]づけた | まだ | 今[いま]やってる,draft,,,
omissionDetective,od_016,16,multipleChoice,Bは何[なに]を送[おく]りますか。,What is B?,取引先[とりひきさき]。,Business partners,"A: 「見積[みつもり]、送[おく]ってくれる？」
B: 「午後[ごご]送[おく]る。」","A: “Quotation, Can I Send?”
B: “Afternoon”",a,依頼[いらい]の内容[ないよう]が見積[みつもり]。,Requests are quoted.,omitted_object | dialogue_context,N4,1,省略[しょうりゃく]された成分[せいぶん]の推定[すいてい] | 会話[かいわ]文脈[ぶんみゃく]からの照応[しょうおう],見積[みつもり] | 送[おく]ってくれる | 午後[ごご]送[おく]る,draft,,,
omissionDetective,od_017,17,multipleChoice,Bは何[なに]を探[さが]していますか。,What is B?,玄関[げんかん]。,Entrance,"A: 「鍵[かぎ]、見[み]た？」
B: 「今[いま]探[さが]してる。」","A: ""Key, see?""
B: ""I'm looking for now.""",a,直前[ちょくぜん]の話題[わだい]の鍵[かぎ]。,The key of the last topic.,omitted_object | dialogue_context,N4,1,省略[しょうりゃく]された成分[せいぶん]の推定[すいてい] | 会話[かいわ]文脈[ぶんみゃく]からの照応[しょうおう],鍵[かぎ] | 見[み]た | 今[いま]探[さが]してる,draft,,,
omissionDetective,od_018,18,multipleChoice,Bは何[なに]を着替[きが]えますか。,What is B changing?,遊[あそ]び帰[かえ]り。,Home,"A: 「服[ふく]、汚[よご]れてるよ。」
B: 「着替[きが]える。」","A: ""Drinks and dirt.""  
B: ""Change clothes"".",a,汚[よご]れと言[い]われた服[ふく]を着替[きが]える。,Change clothes that are said to be dirty.,omitted_object | dialogue_context,N4,1,省略[しょうりゃく]された成分[せいぶん]の推定[すいてい] | 会話[かいわ]文脈[ぶんみゃく]からの照応[しょうおう],服[ふく] | 汚[よご]れてるよ | 着替[きが]える,draft,,,
omissionDetective,od_019,19,multipleChoice,Bは何[なに]を提出[ていしゅつ]しますか。,What is B?,市役所[しやくしょ]。,At the city office.,"A: 「申請書[しんせいしょ]、出[だ]した？」
B: 「今[いま]出[だ]す。」","A: “Applying?”
B: ""Now.""",a,出[だ]すのは申請書[しんせいしょ]。,Application form.,omitted_object | dialogue_context,N4,1,省略[しょうりゃく]された成分[せいぶん]の推定[すいてい] | 会話[かいわ]文脈[ぶんみゃく]からの照応[しょうおう],申請書[しんせいしょ] | 出[だ]した | 今[いま]出[だ]す,draft,,,
omissionDetective,od_020,20,multipleChoice,Bは何[なに]を始[はじ]めますか。,What is B?,帰宅[きたく]後[ご]。,Home,"A: 「晩[ばん]ご飯[はん]、作[つく]る？」
B: 「作[つく]る。」","A: “How to make the night?”
B: “Making”.",a,作[つく]るのは晩[ばん]ご飯[はん]。,It’s overnight to make.,omitted_object | dialogue_context,N4,1,省略[しょうりゃく]された成分[せいぶん]の推定[すいてい] | 会話[かいわ]文脈[ぶんみゃく]からの照応[しょうおう],晩[ばん]ご飯[はん] | 作[つく]る,draft,,,
omissionDetective,od_021,21,multipleChoice,Bは何[なに]を持[も]って帰[かえ]りますか。,What is B?,飲[の]み会[かい]。,Drink,"A: 「余[あま]り、持[も]って帰[かえ]る？」
B: 「持[も]って帰[かえ]る。」","A: “Do you take it?”
B: Bring back.",a,持[も]ち帰[かえ]るのは食[た]べ物[もの]の余[あま]り。,There are too much food to take home.,omitted_object | dialogue_context,N4-N3,2,省略[しょうりゃく]された成分[せいぶん]の推定[すいてい] | 会話[かいわ]文脈[ぶんみゃく]からの照応[しょうおう],余[あま]り | 持[も]って帰[かえ]る,draft,,,
omissionDetective,od_022,22,multipleChoice,誰[だれ]が誰[だれ]に本[ほん]をあげますか。,Who gives a book?,友達[ともだち]。,Friends,"A: 「この本[ほん]、弟[おとうと]にあげるの？」
B: 「ああ、あげるよ。」","A: “This book is my brother?”
B: ""Oh, I'll give you.",a,「あげる」はB本人[ほんにん]が与[あた]える。相手[あいて]はAの言[い]う弟[おとうと]。,The B person gives the “Eage” The other party is A.,implication | dialogue_context | omitted_subject,N4-N3,2,省略[しょうりゃく]された成分[せいぶん]の推定[すいてい] | 会話[かいわ]文脈[ぶんみゃく]からの照応[しょうおう],この本[ほん] | 弟[おとうと]にあげるの | ああ | あげるよ,draft,,,
omissionDetective,od_023,23,multipleChoice,誰[だれ]が花[はな]をくれましたか。,Who gave flowers?,バレンタインデーではない。,Valentine's Day,"A: 「きれいな花[はな]！」
B: 「母[はは]がくれたんだ。」","A: “Beautiful Flowers!”
B: “Mothers have gone.”",a,くれた主体[しゅたい]は母[はは]と明示[めいじ]されている。,The childbirth is expressed as mother.,dialogue_context | implication,N4-N3,2,省略[しょうりゃく]された成分[せいぶん]の推定[すいてい] | 会話[かいわ]文脈[ぶんみゃく]からの照応[しょうおう],きれいな花[はな] | 母[はは]がくれたんだ,draft,,,
omissionDetective,od_024,24,multipleChoice,誰[だれ]がチケットをもらいましたか。,Who got a ticket?,会社[かいしゃ]。,Company,"A: 「明日[あす]のチケット、どうした？」
B: 「上司[じょうし]にもらった。」","A: “What is the ticket for tomorrow?”
B: “Became a boss.”",a,もらう側[がわ]は答[こた]えるB。,The answer is B.,omitted_recipient | dialogue_context,N4-N3,2,省略[しょうりゃく]された成分[せいぶん]の推定[すいてい] | 会話[かいわ]文脈[ぶんみゃく]からの照応[しょうおう],明日[あす]のチケット | どうした | 上司[じょうし]にもらった,draft,,,
omissionDetective,od_025,25,multipleChoice,誰[だれ]が手伝[てつだ]ってもらいますか。,Who can help you?,会話[かいわ]。,Conversation.,"A: 「引[ひ]っ越[こ]し、手伝[てつだ]わせるの？」
B: 「友達[ともだち]に手伝[てつだ]ってもらう。」","A: “Can you move and help?”
B: “Get help with your friends.”",a,手伝[てつだ]いを受[う]けるのはB。,B.,implication | dialogue_context,N4-N3,2,省略[しょうりゃく]された成分[せいぶん]の推定[すいてい] | 会話[かいわ]文脈[ぶんみゃく]からの照応[しょうおう],引[ひ]っ越[こ]し | 手伝[てつだ]わせるの | 友達[ともだち]に手伝[てつだ]ってもらう,draft,,,
omissionDetective,od_026,26,multipleChoice,誰[だれ]に差[さ]し上[あ]げますか。,Who?,出張[しゅっちょう]帰[かえ]り。,Home,"A: 「お土産[みやげ]、部長[ぶちょう]に？」
B: 「部長[ぶちょう]に差[さ]し上[あ]げます。」","A: ""Souvenirs and Managers?""
B: ""Manager""",a,目上[めうえ]に差[さ]し上[あ]げる相手[あいて]は部長[ぶちょう]。,The other party is the manager.,omitted_recipient | dialogue_context,N4-N3,2,省略[しょうりゃく]された成分[せいぶん]の推定[すいてい] | 会話[かいわ]文脈[ぶんみゃく]からの照応[しょうおう],お土産[みやげ] | 部長[ぶちょう]に | 部長[ぶちょう]に差[さ]し上[あ]げます,draft,,,
omissionDetective,od_027,27,multipleChoice,誰[だれ]が子[こ]どもに絵本[えほん]を買[か]い与[あた]えますか。,Who can buy picture books to children?,姉弟[してい]。,sister brother,"A: 「絵本[えほん]、誰[だれ]が買[か]うの？」
B: 「私[わたくし]が買[か]ってあげる。」","A: “Who will you buy a picture book?”
B: ""I bought it.""",a,「買[か]ってあげる」はBの行為[こうい]。,"""Buy"" is the action of B.",omitted_subject | dialogue_context,N4-N3,2,省略[しょうりゃく]された成分[せいぶん]の推定[すいてい] | 会話[かいわ]文脈[ぶんみゃく]からの照応[しょうおう],絵本[えほん] | 誰[だれ]が買[か]うの | 私[わたくし]が買[か]ってあげる,draft,,,
omissionDetective,od_028,28,multipleChoice,誰[だれ]が隣人[りんじん]に味噌汁[みそしる]を分[わ]けてあげますか。,Who divides miso soup to neighbors?,台所[だいどころ]。,Kitchen.,"A: 「味噌汁[みそしる]、多[おお]いね。」
B: 「隣[となり]に分[わ]けてあげる。」","A: There are many miso soups.  
B: Let's go next to you.",a,分[わ]け与[あた]える主語[しゅご]はB。,The subject is B.,omitted_subject | dialogue_context,N4-N3,2,省略[しょうりゃく]された成分[せいぶん]の推定[すいてい] | 会話[かいわ]文脈[ぶんみゃく]からの照応[しょうおう],味噌汁[みそしる] | 多[おお]いね | 隣[となり]に分[わ]けてあげる,draft,,,
omissionDetective,od_029,29,multipleChoice,誰[だれ]が姉[あね]に鞄[かばん]を借[か]りますか。,Who rents a bag to her sister?,大学[だいがく]。,University,"A: 「その鞄[かばん]、姉[あね]の？」
B: 「姉[あね]から借[か]りた。」","A: “Where are you?”
B: ""I borrowed from my sister.""",a,借[か]りる主体[しゅたい]はB。,Rent a car is B.,omitted_subject | dialogue_context,N4-N3,2,省略[しょうりゃく]された成分[せいぶん]の推定[すいてい] | 会話[かいわ]文脈[ぶんみゃく]からの照応[しょうおう],その鞄[かばん] | 姉[あね]の | 姉[あね]から借[か]りた,draft,,,
omissionDetective,od_030,30,multipleChoice,誰[だれ]に教[おし]えてもらいましたか。,Who taught me?,図書館[としょかん]。,Library,"A: 「その文法[ぶんぽう]、どこで習[なら]った？」
B: 「先輩[せんぱい]に教[おし]えてもらった。」","A: “Where did you learn that grammar?”
B: ""Tell me to seniors.""",a,教[おし]えを受[う]けたのは答[こた]えるB。,The answer is B.,dialogue_context | implication,N4-N3,2,省略[しょうりゃく]された成分[せいぶん]の推定[すいてい] | 会話[かいわ]文脈[ぶんみゃく]からの照応[しょうおう],その文法[ぶんぽう] | どこで習[なら]った | 先輩[せんぱい]に教[おし]えてもらった,draft,,,
omissionDetective,od_031,31,multipleChoice,誰[だれ]が友[とも]だちに弁当[べんとう]を作[つく]ってあげますか。,Who makes a bento?,週末[しゅうまつ]。,Weekend,"A: 「弁当[べんとう]、作[つく]るの大変[たいへん]でしょ。」
B: 「友[とも]だちの分[ぶん]も作[つく]ってあげる。」","A: ""Bento, it's hard to make.  
B: “Let’s make friends.”",a,作[つく]ってあげるのはB。,Let’s make it.,omitted_subject | dialogue_context,N4-N3,2,省略[しょうりゃく]された成分[せいぶん]の推定[すいてい] | 会話[かいわ]文脈[ぶんみゃく]からの照応[しょうおう],弁当[べんとう] | 作[つく]るの大変[たいへん]でしょ | 友[とも]だちの分[ぶん]も作[つく]ってあげる,draft,,,
omissionDetective,od_032,32,multipleChoice,Bはどこへ行[い]きますか。,Where is B?,初[はつ]出勤[しゅっきん]。,First time,"A: 「会議室[かいぎしつ]、どこ？」
B: 「三[さん]階[かい]に行[い]く。」","A: “Meeting Room, Where?”
B: Go to the third floor.",a,行[ゆ]く先[さき]は答[こた]えた三[さん]階[かい]。,The third floor answered.,implication | dialogue_context,N4-N3,2,省略[しょうりゃく]された成分[せいぶん]の推定[すいてい] | 会話[かいわ]文脈[ぶんみゃく]からの照応[しょうおう],会議室[かいぎしつ] | どこ | 三[さん]階[かい]に行[い]く,draft,,,
omissionDetective,od_033,33,multipleChoice,誰[だれ]がこちらへ来[き]ますか。,Who will come here?,オフィス。,Office.,"A: 「そっちから来[き]て。」
B: 「今[いま]行[い]く。」","A: Come from there.  
B: “Go now.”",b,向[む]かうのは「来[き]て」と言[い]われたB。,B is said to be “Come”.,implication | dialogue_context,N4-N3,2,省略[しょうりゃく]された成分[せいぶん]の推定[すいてい] | 会話[かいわ]文脈[ぶんみゃく]からの照応[しょうおう],そっちから来[き]て | 今[いま]行[い]く,draft,,,
omissionDetective,od_034,34,multipleChoice,誰[だれ]が駅[えき]まで送[おく]りますか。,Who will send to the station?,夜道[よみち]。,Night,"A: 「駅[えき]まで送[おく]るよ。」
B: 「ありがとう、お願[ねが]い。」","A: Send to the station.  
B: ""Thank you, please.",a,送[おく]るのは提案[ていあん]したA。,A proposed to send.,omitted_subject | dialogue_context,N4-N3,2,省略[しょうりゃく]された成分[せいぶん]の推定[すいてい] | 会話[かいわ]文脈[ぶんみゃく]からの照応[しょうおう],駅[えき]まで送[おく]るよ | ありがとう | お願[ねが]い,draft,,,
omissionDetective,od_035,35,multipleChoice,Bはいつ戻[もど]ってきますか。,When will B come back?,外出中[がいしゅつちゅう]。,Contact Us,"A: 「いつ戻[もど]る？」
B: 「五[ご]時[じ]に戻[もど]る。」","A: “When to go back?”
B: ""Go back to 5 o'clock"".",a,戻[もど]る時刻[じこく]が省略[しょうりゃく]されず答[こた]えている。,The return time is not omitted.,dialogue_context | implication,N4-N3,2,省略[しょうりゃく]された成分[せいぶん]の推定[すいてい] | 会話[かいわ]文脈[ぶんみゃく]からの照応[しょうおう],いつ戻[もど]る | 五[ご]時[じ]に戻[もど]る,draft,,,
omissionDetective,od_036,36,multipleChoice,誰[だれ]が先[さき]に帰[かえ]りますか。,Who is going to leave?,残業[ざんぎょう]。,Overtime,"A: 「先[さき]に帰[かえ]るね。」
B: 「うん、気[き]をつけて。」","A: ""I'll come back first.""  
B: “Yes, be careful.”",a,帰[かえ]るのは宣言[せんげん]したA。,A。d to return.,omitted_subject | dialogue_context,N4-N3,2,省略[しょうりゃく]された成分[せいぶん]の推定[すいてい] | 会話[かいわ]文脈[ぶんみゃく]からの照応[しょうおう],先[さき]に帰[かえ]るね | うん | 気[き]をつけて,draft,,,
omissionDetective,od_037,37,multipleChoice,Bはどこから来[き]ましたか。,Where is B?,待[ま]ち合[あ]わせ。,Contact Us,"A: 「遅[おそ]かったね。」
B: 「大阪[おおさか]から来[き]たばかり。」","A: ""It was late.  
B: I just came from Osaka.",a,起点[きてん]は大阪[おおさか]。,Osaka,dialogue_context | implication,N4-N3,2,省略[しょうりゃく]された成分[せいぶん]の推定[すいてい] | 会話[かいわ]文脈[ぶんみゃく]からの照応[しょうおう],遅[おそ]かったね | 大阪[おおさか]から来[き]たばかり,draft,,,
omissionDetective,od_038,38,multipleChoice,誰[だれ]が教室[きょうしつ]に入[はい]りますか。,Who enters the classroom?,廊下[ろうか]。,Gallery,"A: 「先生[せんせい]が呼[よ]んでる。」
B: 「入[はい]る。」","A: ""Teacher calls.  
B: “Enter.”",b,入室[にゅうしつ]するのはB。,B.,omitted_subject | dialogue_context,N4-N3,2,省略[しょうりゃく]された成分[せいぶん]の推定[すいてい] | 会話[かいわ]文脈[ぶんみゃく]からの照応[しょうおう],先生[せんせい]が呼[よ]んでる | 入[はい]る,draft,,,
omissionDetective,od_039,39,multipleChoice,荷物[にもつ]はどこへ運[はこ]ばれますか。,Where can I get my luggage?,工場[こうじょう]。,Factory,"A: 「倉庫[そうこ]へ運[はこ]んで。」
B: 「倉庫[そうこ]に運[はこ]ぶ。」","A: ""Try to warehouse.""  
B: Transport to warehouse.",a,目的語[もくてきご]の場所[ばしょ]は倉庫[そうこ]。,The location of the object is warehouse.,omitted_object | dialogue_context,N4-N3,2,省略[しょうりゃく]された成分[せいぶん]の推定[すいてい] | 会話[かいわ]文脈[ぶんみゃく]からの照応[しょうおう],倉庫[そうこ]へ運[はこ]んで | 倉庫[そうこ]に運[はこ]ぶ,draft,,,
omissionDetective,od_040,40,multipleChoice,誰[だれ]がホームに向[む]かいますか。,Who goes to home?,駅[えき]。,Station,"A: 「発車[はっしゃ]ベルだ。」
B: 「ホームに走[はし]る。」","A: “It’s a car bell.”  
B: Run at home.",b,走[はし]る主体[しゅたい]はB。,B,omitted_subject | dialogue_context,N4-N3,2,省略[しょうりゃく]された成分[せいぶん]の推定[すいてい] | 会話[かいわ]文脈[ぶんみゃく]からの照応[しょうおう],発車[はっしゃ]ベルだ | ホームに走[はし]る,draft,,,
omissionDetective,od_041,41,multipleChoice,夕方[ゆうがた]、誰[だれ]がうちへ帰[かえ]りますか。,Who will return home in the evening?,夫婦[ふうふ]。,Couple,"A: 「今日[きょう]は早[はや]く帰[かえ]れる？」
B: 「うちに帰[かえ]る。」","A: “Can I come back earlier today?”
B: Home",b,帰[かえ]るのは答[こた]えるB。,Return B,omitted_subject | dialogue_context,N4-N3,2,省略[しょうりゃく]された成分[せいぶん]の推定[すいてい] | 会話[かいわ]文脈[ぶんみゃく]からの照応[しょうおう],今日[きょう]は早[はや]く帰[かえ]れる | うちに帰[かえ]る,draft,,,
omissionDetective,od_042,42,multipleChoice,「それ」は何[なに]を指[さ]しますか。,What does it mean?,ショップ。,。,"A: 「このかばん、軽[かる]いね。」
B: 「それ、新作[しんさく]なんだ。」","A: “This bag is light.  
B: “It’s a new piece.”",a,直前[ちょくぜん]の話題[わだい]のかばん。,The last topic of the bag.,implication | dialogue_context,N4-N3,2,省略[しょうりゃく]された成分[せいぶん]の推定[すいてい] | 会話[かいわ]文脈[ぶんみゃく]からの照応[しょうおう],このかばん | 軽[かる]いね | それ | 新作[しんさく]なんだ,draft,,,
omissionDetective,od_043,43,multipleChoice,「これ」は何[なに]を指[さ]しますか。,What does this mean?,机[つくえ]の上[うえ]のノート。,notebook on the desk.,"A: 「これ、貸[か]して。」
B: 「いいよ。」","A: ""This is for rent.""  
B: “Good!”",a,「これ」は共有[きょうゆう]视野[视野]のノート。,"""This"" is a note of the shared a野nomical field.",dialogue_context | implication,N4-N3,2,省略[しょうりゃく]された成分[せいぶん]の推定[すいてい] | 会話[かいわ]文脈[ぶんみゃく]からの照応[しょうおう],これ | 貸[か]して | いいよ,draft,,,
omissionDetective,od_044,44,multipleChoice,「あれ」は何[なに]を指[さ]しますか。,What does it mean?,展望台[てんぼうだい]。,Observation Deck,"A: 「あれ、見[み]える？」
B: 「あの塔[とう]だね。」","A: “Do you see it?”
B: “It’s the tower.”",a,遠称[えんしょう]で共有[きょうゆう]された塔[とう]。,The pagoda shared in a distance.,dialogue_context | implication,N4-N3,2,省略[しょうりゃく]された成分[せいぶん]の推定[すいてい] | 会話[かいわ]文脈[ぶんみゃく]からの照応[しょうおう],あれ | 見[み]える | あの塔[とう]だね,draft,,,
omissionDetective,od_045,45,multipleChoice,店員[てんいん]の「それ」は何[なん]ですか。,"What is ""It"" of the clerk?",レジ。,Register,"A: 「これ、いくら？」
B: 「それ、二千[にせん]円[えん]です。」","A: “How much is this?”
B: ""It is, it is 2 thousand yen.",a,客[きゃく]が示[しめ]した商品[しょうひん]。,Products shown by customers.,dialogue_context | implication,N4-N3,2,省略[しょうりゃく]された成分[せいぶん]の推定[すいてい] | 会話[かいわ]文脈[ぶんみゃく]からの照応[しょうおう],これ | いくら | それ | 二千[にせん]円[えん]です,draft,,,
omissionDetective,od_046,46,multipleChoice,電話[でんわ]で「それ」の内容[ないよう]は何[なん]ですか。,"What is the content of ""it"" on the phone?",同僚[どうりょう]。,Coworkers.,"A: 「明日[あす]の件[けん]だけど。」
B: 「それ、午後[ごご]でいいよ。」","A: “It’s tomorrow.”  
B: “It’s good in the afternoon.",a,「明日[あす]の件[けん]」が照応[しょうおう]する。,“The subject of tomorrow” will be reflected.,implication | dialogue_context,N3,3,省略[しょうりゃく]された成分[せいぶん]の推定[すいてい] | 会話[かいわ]文脈[ぶんみゃく]からの照応[しょうおう],明日[あす]の件[けん]だけど | それ | 午後[ごご]でいいよ,draft,,,
omissionDetective,od_047,47,multipleChoice,「そっち」はどちらを指[さ]しますか。,"Which is ""Sochi""?",電話[でんわ]。,Contact Us,"A: 「そっち、寒[さむ]くない？」
B: 「こっちは平気[へいき]。」","A: “Is it cold?”
B: “Here’s flat.",a,電話[でんわ]で「そっち」は相手側[あいてがわ]。,"""Sっち"" is the other party by phone.",dialogue_context | implication,N3,3,省略[しょうりゃく]された成分[せいぶん]の推定[すいてい] | 会話[かいわ]文脈[ぶんみゃく]からの照応[しょうおう],そっち | 寒[さむ]くない | こっちは平気[へいき],draft,,,
omissionDetective,od_048,48,multipleChoice,「あれ」は誰[だれ]を指[さ]しますか。,Who does it mean?,街中[まちなか]。,City,"A: 「あれ、山田[やまだ]君[くん]じゃない？」
B: 「本当[ほんとう]だ。」","A: “Isn’t you?”
B: “It’s true.”",a,目[め]で示[しめ]した人物[じんぶつ]。,The person shown in the eyes.,dialogue_context | implication,N3,3,省略[しょうりゃく]された成分[せいぶん]の推定[すいてい] | 会話[かいわ]文脈[ぶんみゃく]からの照応[しょうおう],あれ | 山田[やまだ]君[くん]じゃない | 本当[ほんとう]だ,draft,,,
omissionDetective,od_049,49,multipleChoice,漫画[まんが]の「それ」は何[なん]の話[はなし]ですか。,What is the story of “it” of manga?,友人[ゆうじん]。,Friends.,"A: 「それ、続[つづ]きどうなった？」
B: 「次[つぎ]の巻[まき]で分[わ]かる。」","A: “How did you continue?”
B: “You can see in the next volume.”",a,直前[ちょくぜん]の漫画[まんが]の話[はなし]。,The story of the previous manga.,implication | dialogue_context,N3,3,省略[しょうりゃく]された成分[せいぶん]の推定[すいてい] | 会話[かいわ]文脈[ぶんみゃく]からの照応[しょうおう],それ | 続[つづ]きどうなった | 次[つぎ]の巻[まき]で分[わ]かる,draft,,,
omissionDetective,od_050,50,multipleChoice,汚[よご]れが目立[めだ]つ「これ」は、主[おも]に何[なに]を指[さ]すか。,What does this mean to the main thing?,白衣[はくい]。,。,"A: 「汚[よご]れてるよ、これ。」
B: 「拭[ふ]く。」","A: ""It's so dirty.  
B: ""Wiping"".",a,汚[よご]れている共有[きょうゆう]されたもの。,Sharing that is dirty.,dialogue_context | implication,N3,3,省略[しょうりゃく]された成分[せいぶん]の推定[すいてい] | 会話[かいわ]文脈[ぶんみゃく]からの照応[しょうおう],汚[よご]れてるよ | これ | 拭[ふ]く,draft,,,
omissionDetective,od_051,51,multipleChoice,「それ」の可否[かひ]は何[なに]についてですか。,What is the possibility of “it”?,美術館[びじゅつかん]。,Museum,"A: 「写真[しゃしん]、撮[と]ってもいい？」
B: 「それはダメ。」","A: “Do you take photos?”
B: “It’s important.”",a,撮影[さつえい]の許可[きょか]の話[はなし]。,Story of permission for shooting.,implication | dialogue_context,N3,3,省略[しょうりゃく]された成分[せいぶん]の推定[すいてい] | 会話[かいわ]文脈[ぶんみゃく]からの照応[しょうおう],写真[しゃしん] | 撮[と]ってもいい | それはダメ,draft,,,
omissionDetective,od_052,52,multipleChoice,Bの「これ」は何[なに]を指[さ]しますか。,What is this in B?,カフェ。,Cafe,"A: 「おすすめは？」
B: 「これが一番[いちばん]人気[にんき]です。」","A: “What do you recommend?”
B: ""This is the most popular.""",a,店員[てんいん]が示[しめ]した商品[しょうひん]。,Products indicated by the staff.,dialogue_context | implication,N3,3,省略[しょうりゃく]された成分[せいぶん]の推定[すいてい] | 会話[かいわ]文脈[ぶんみゃく]からの照応[しょうおう],おすすめは | これが一番[いちばん]人気[にんき]です,draft,,,
omissionDetective,od_053,53,multipleChoice,レポートはもう提出[ていしゅつ]されましたか。,Have you submitted a report?,ゼミ。,HOME,"A: 「レポート、出[だ]した？」
B: 「もう出[だ]した。」","A: “Are you reporting?”
B: “No more.”",a,「もう」は完了[かんりょう]。,"""Another"" is completed.",implication | dialogue_context,N3,3,省略[しょうりゃく]された成分[せいぶん]の推定[すいてい] | 会話[かいわ]文脈[ぶんみゃく]からの照応[しょうおう],レポート | 出[だ]した | もう出[だ]した,draft,,,
omissionDetective,od_054,54,multipleChoice,宿題[しゅくだい]はまだですか。,What is your homework?,小学生[しょうがくせい]。,Elementary school,"A: 「漢字[かんじ]、終[お]わった？」
B: 「まだ。」","A: “Kanji, finished?”
B: ""I'm still.",a,「まだ」は未[み]完了[かんりょう]。,Not yet completed.,implication | dialogue_context,N3,3,省略[しょうりゃく]された成分[せいぶん]の推定[すいてい] | 会話[かいわ]文脈[ぶんみゃく]からの照応[しょうおう],漢字[かんじ] | 終[お]わった | まだ,draft,,,
omissionDetective,od_055,55,multipleChoice,昼食[ちゅうしょく]はもう済[す]みましたか。,Do you have lunch?,午後[ごご]の会議[かいぎ]前[まえ]。,Before the afternoon meeting.,"A: 「昼[ひる]、食[た]べた？」
B: 「もう食[た]べた。」","A: “Do you have lunch?”
B: “No more.”",a,もう済[す]んだ。,。,implication | dialogue_context,N3,3,省略[しょうりゃく]された成分[せいぶん]の推定[すいてい] | 会話[かいわ]文脈[ぶんみゃく]からの照応[しょうおう],昼[ひる] | 食[た]べた | もう食[た]べた,draft,,,
omissionDetective,od_056,56,multipleChoice,資料[しりょう]はまだ印刷[いんさつ]されていませんか。,Is the material still printed?,職場[しょくば]。,Workplace.,"A: 「資料[しりょう]、印刷[いんさつ]した？」
B: 「まだだよ。」","A: ""Document, printed?""
B: “Now.”",a,まだ完了[かんりょう]していない。,Not completed yet.,implication | dialogue_context,N3,3,省略[しょうりゃく]された成分[せいぶん]の推定[すいてい] | 会話[かいわ]文脈[ぶんみゃく]からの照応[しょうおう],資料[しりょう] | 印刷[いんさつ]した | まだだよ,draft,,,
omissionDetective,od_057,57,multipleChoice,映画[えいが]はもう見[み]ましたか。,Have you seen the movie anymore?,学校[がっこう]の廊下[ろうか]。,School hallway.,"A: 「新作[しんさく]、見[み]た？」
B: 「もう見[み]た。」","A: “I saw a new piece?”
B: ""I saw it.",a,既[き]視聴[しちょう]。,Watch,implication | dialogue_context,N3,3,省略[しょうりゃく]された成分[せいぶん]の推定[すいてい] | 会話[かいわ]文脈[ぶんみゃく]からの照応[しょうおう],新作[しんさく] | 見[み]た | もう見[み]た,draft,,,
omissionDetective,od_058,58,multipleChoice,契約[けいやく]はまだですか。,Is there a contract yet?,商談[しょうだん]。,Business,"A: 「契約[けいやく]、終[お]わった？」
B: 「まだ検討中[けんとうちゅう]。」","A: ""Contract, finished?""
B: ""I'm still considering it.""",a,まだの状態[じょうたい]。,still.,implication | dialogue_context,N3,3,省略[しょうりゃく]された成分[せいぶん]の推定[すいてい] | 会話[かいわ]文脈[ぶんみゃく]からの照応[しょうおう],契約[けいやく] | 終[お]わった | まだ検討中[けんとうちゅう],draft,,,
omissionDetective,od_059,59,multipleChoice,雨[あめ]はもう止[や]みましたか。,Do you have any rain?,帰路[きろ]。,Home,"A: 「雨[あめ]、止[や]んだ？」
B: 「もう止[や]んだ。」","A: “Is it raining?”
B: ""No longer.",a,もう止[や]んだ。,。,implication | dialogue_context,N3,3,省略[しょうりゃく]された成分[せいぶん]の推定[すいてい] | 会話[かいわ]文脈[ぶんみゃく]からの照応[しょうおう],雨[あめ] | 止[や]んだ | もう止[や]んだ,draft,,,
omissionDetective,od_060,60,multipleChoice,返信[へんしん]はまだですか。,Is the reply still?,スマホ。,Smartphone,"A: 「メール、返[かえ]した？」
B: 「まだ書[か]いてる。」","A: ""I'm back?""
B: “I’m still writing.”",a,作成[さくせい]中[ちゅう]で未完[みかん]。,Unfinished,implication | dialogue_context,N3,3,省略[しょうりゃく]された成分[せいぶん]の推定[すいてい] | 会話[かいわ]文脈[ぶんみゃく]からの照応[しょうおう],メール | 返[かえ]した | まだ書[か]いてる,draft,,,
omissionDetective,od_061,61,multipleChoice,ゴミはもう捨[す]てましたか。,Did you throw away garbage?,アパート。,Apartment.,"A: 「ゴミ、捨[す]てた？」
B: 「もう捨[す]てた。」","A: “Do you waste it?”
B: “No longer throw away.”",a,処理[しょり]済[ず]み。,Processed.,implication | dialogue_context,N3,3,省略[しょうりゃく]された成分[せいぶん]の推定[すいてい] | 会話[かいわ]文脈[ぶんみゃく]からの照応[しょうおう],ゴミ | 捨[す]てた | もう捨[す]てた,draft,,,
omissionDetective,od_062,62,multipleChoice,準備[じゅんび]はまだ途中[とちゅう]ですか。,Is the preparation still in the middle?,イベント前[まえ]。,Before the event,"A: 「準備[じゅんび]、できた？」
B: 「まだ半分[はんぶん]。」","A: Ready?
B: “Ha。 yet.”",a,まだ完了[かんりょう]していない。,Not completed yet.,implication | dialogue_context,N3,3,省略[しょうりゃく]された成分[せいぶん]の推定[すいてい] | 会話[かいわ]文脈[ぶんみゃく]からの照応[しょうおう],準備[じゅんび] | できた | まだ半分[はんぶん],draft,,,
omissionDetective,od_063,63,multipleChoice,薬[くすり]はもう飲[の]みましたか。,Did you drink anymore?,看病[かんびょう]。,disease.,"A: 「薬[くすり]、飲[の]んだ？」
B: 「もう飲[の]んだ。」","A: “Do you drink?”
B: ""I'm drinking anymore.""",a,服用[ふくよう]済[ず]み。,taken.,implication | dialogue_context,N3,3,省略[しょうりゃく]された成分[せいぶん]の推定[すいてい] | 会話[かいわ]文脈[ぶんみゃく]からの照応[しょうおう],薬[くすり] | 飲[の]んだ | もう飲[の]んだ,draft,,,
omissionDetective,od_064,64,multipleChoice,誰[だれ]がクライアントに連絡[れんらく]しますか。,Who will contact you?,プロジェクト。,Project,"A: 「クライアント、誰[だれ]が連絡[れんらく]する？」
B: 「私[わたくし]が連絡[れんらく]する。」","A: “Who is the client contacted?”
B: “I contact you.”",b,連絡[れんらく]するのはB。,B.,omitted_subject | dialogue_context,N3,3,省略[しょうりゃく]された成分[せいぶん]の推定[すいてい] | 会話[かいわ]文脈[ぶんみゃく]からの照応[しょうおう],クライアント | 誰[だれ]が連絡[れんらく]する | 私[わたくし]が連絡[れんらく]する,draft,,,
omissionDetective,od_065,65,multipleChoice,承認[しょうにん]は誰[だれ]が出[だ]しますか。,Who is the approval?,職場[しょくば]。,Workplace.,"A: 「この件[けん]、誰[だれ]が承認[しょうにん]する？」
B: 「課長[かちょう]が承認[しょうにん]する。」","A: “Who approves this issue?”
B: ""The chief approves.""",a,承認者[しょうにんしゃ]は課長[かちょう]と明示[めいじ]。,Applicants are expressed as chief.,dialogue_context | implication,N3,3,省略[しょうりゃく]された成分[せいぶん]の推定[すいてい] | 会話[かいわ]文脈[ぶんみゃく]からの照応[しょうおう],この件[けん] | 誰[だれ]が承認[しょうにん]する | 課長[かちょう]が承認[しょうにん]する,draft,,,
omissionDetective,od_066,66,multipleChoice,誰[だれ]が来客[らいきゃく]を迎[むか]えに行[い]きますか。,Who will visit?,受付[うけつけ]。,Contact Us,"A: 「来客[らいきゃく]、迎[むか]えに誰[だれ]行[い]く？」
B: 「私[わたくし]が行[い]く。」","A: “Who will you visit us?
B: “I go.”",b,行[い]くのはB。,B.,omitted_subject | dialogue_context,N3,3,省略[しょうりゃく]された成分[せいぶん]の推定[すいてい] | 会話[かいわ]文脈[ぶんみゃく]からの照応[しょうおう],来客[らいきゃく] | 迎[むか]えに誰[だれ]行[い]く | 私[わたくし]が行[い]く,draft,,,
omissionDetective,od_067,67,multipleChoice,誰[だれ]が議事録[ぎじろく]を取[と]りますか。,Who takes the minutes?,会議[かいぎ]。,Meeting.,"A: 「議事録[ぎじろく]、頼[たの]める？」
B: 「私[わたくし]が取[と]る。」","A: “Can I ask for the minutes?”
B: “I take.”",b,記録[きろく]役[やく]はB。,Recorder B.,omitted_subject | dialogue_context,N3,3,省略[しょうりゃく]された成分[せいぶん]の推定[すいてい] | 会話[かいわ]文脈[ぶんみゃく]からの照応[しょうおう],議事録[ぎじろく] | 頼[たの]める | 私[わたくし]が取[と]る,draft,,,
omissionDetective,od_068,68,multipleChoice,誰[だれ]が見積[みつもり]を送[おく]りますか。,Who is the quotation?,営業[えいぎょう]。,Business,"A: 「見積[みつもり]、今日[こんにち]中[ちゅう]に。」
B: 「私[わたくし]が送[おく]る。」","A: ""Quote, during today.  
B: “I send.”",b,送信[そうしん]するのはB。,B to send.,omitted_subject | dialogue_context,N3,3,省略[しょうりゃく]された成分[せいぶん]の推定[すいてい] | 会話[かいわ]文脈[ぶんみゃく]からの照応[しょうおう],見積[みつもり] | 今日[こんにち]中[ちゅう]に | 私[わたくし]が送[おく]る,draft,,,
omissionDetective,od_069,69,multipleChoice,誰[だれ]が欠勤[けっきん]を連絡[れんらく]しましたか。,Who did you contact us?,朝礼[ちょうれい]。,Morning,"A: 「田中[たなか]さん、今日[きょう]？」
B: 「本人[ほんにん]が連絡[れんらく]してきた。」","A: “Mr. Tanaka, today?”
B: “I have contacted you.”",a,連絡[れんらく]したのは田中[たなか]本人[ほんにん]。,I contacted Tanaka.,dialogue_context | implication,N3,3,省略[しょうりゃく]された成分[せいぶん]の推定[すいてい] | 会話[かいわ]文脈[ぶんみゃく]からの照応[しょうおう],田中[たなか]さん | 今日[きょう] | 本人[ほんにん]が連絡[れんらく]してきた,draft,,,
omissionDetective,od_070,70,multipleChoice,誰[だれ]がシフトを変[か]えますか。,Who changes the shift?,小売[こうり]。,Retail,"A: 「金曜[きんよう]、代[か]わってくれる？」
B: 「私[わたくし]が変[か]える。」","A: “Is it possible to replace it on Friday?”
B: “I change.”",b,代[か]わるのはB。,B,omitted_subject | dialogue_context,N3,3,省略[しょうりゃく]された成分[せいぶん]の推定[すいてい] | 会話[かいわ]文脈[ぶんみゃく]からの照応[しょうおう],金曜[きんよう] | 代[か]わってくれる | 私[わたくし]が変[か]える,draft,,,
omissionDetective,od_071,71,multipleChoice,誰[だれ]がパスワードを再発行[さいはっこう]しますか。,Who reissues password?,社内[しゃない]窓口[まどぐち]。,Contact Us,"A: 「ログインできない。」
B: 「情[じょう]シスが再発行[さいはっこう]する。」","A: I can't log in.  
B: “Susシス is reissued.”",a,再発行[さいはっこう]する部署[ぶしょ]が情[じょう]シス。,The department to be reissued isシス.,dialogue_context | implication,N3-N2,4,省略[しょうりゃく]された成分[せいぶん]の推定[すいてい] | 会話[かいわ]文脈[ぶんみゃく]からの照応[しょうおう],ログインできない | 情[じょう]シスが再発行[さいはっこう]する,draft,,,
omissionDetective,od_072,72,multipleChoice,誰[だれ]が先方[せんぽう]へ謝[あやま]りに行[い]きますか。,Who will pay for the future?,対応[たいおう]会議[かいぎ]。,Meetings,"A: 「トラブル、どうする？」
B: 「部長[ぶちょう]が謝[あやま]りに行[い]く。」","A: “What do you do?”
B: ""The manager will pay for it.",a,謝罪[しゃざい]に向[む]かうのは部長[ぶちょう]。,Head of apology.,dialogue_context | implication,N3-N2,4,省略[しょうりゃく]された成分[せいぶん]の推定[すいてい] | 会話[かいわ]文脈[ぶんみゃく]からの照応[しょうおう],トラブル | どうする | 部長[ぶちょう]が謝[あやま]りに行[い]く,draft,,,
omissionDetective,od_073,73,multipleChoice,誰[だれ]が検収[けんしゅう]しますか。,Who inspects?,購買[こうばい]。,Purchase.,"A: 「納品[のうひん]、誰[だれ]が見[み]る？」
B: 「私[わたくし]が検収[けんしゅう]する。」","A: “Who is the delivery?”
B: “I’m inspected.”",b,検収[けんしゅう]するのはB。,B.,omitted_subject | dialogue_context,N3-N2,4,省略[しょうりゃく]された成分[せいぶん]の推定[すいてい] | 会話[かいわ]文脈[ぶんみゃく]からの照応[しょうおう],納品[のうひん] | 誰[だれ]が見[み]る | 私[わたくし]が検収[けんしゅう]する,draft,,,
omissionDetective,od_074,74,multipleChoice,誰[だれ]がサーバーを止[と]めますか。,Who stops the server?,情[じょう]シス。,Contact Us,"A: 「メンテ、誰[だれ]が？」
B: 「担当[たんとう]が止[と]める。」","A: “Who is it?”
B: ""Stop""",a,停止[ていし]作業[さぎょう]は担当[たんとう]が行[おこな]う。,The person in charge of stopping work.,dialogue_context | implication,N3-N2,4,省略[しょうりゃく]された成分[せいぶん]の推定[すいてい] | 会話[かいわ]文脈[ぶんみゃく]からの照応[しょうおう],メンテ | 誰[だれ]が | 担当[たんとう]が止[と]める,draft,,,
omissionDetective,od_075,75,multipleChoice,誰[だれ]が夕食[ゆうしょく]を作[つく]りますか。,Who makes dinner?,家[いえ]。,Home,"A: 「今日[きょう]のご飯[はん]、誰[だれ]が？」
B: 「私[わたくし]が作[つく]る。」","A: “Who is today?”
B: “I make.”",b,作[つく]るのはB。,B.,omitted_subject | dialogue_context,N3-N2,4,省略[しょうりゃく]された成分[せいぶん]の推定[すいてい] | 会話[かいわ]文脈[ぶんみゃく]からの照応[しょうおう],今日[きょう]のご飯[はん] | 誰[だれ]が | 私[わたくし]が作[つく]る,draft,,,
omissionDetective,od_076,76,multipleChoice,誰[だれ]が犬[いぬ]の散歩[さんぽ]に行[い]きますか。,Who goes to a dog walk?,休日[きゅうじつ]。,Holidays.,"A: 「散歩[さんぽ]、行[い]ける？」
B: 「私[わたくし]が行[い]く。」","A: “Where is it?”
B: “I go.”",b,行[い]くのはB。,B.,omitted_subject | dialogue_context,N3-N2,4,省略[しょうりゃく]された成分[せいぶん]の推定[すいてい] | 会話[かいわ]文脈[ぶんみゃく]からの照応[しょうおう],散歩[さんぽ] | 行[い]ける | 私[わたくし]が行[い]く,draft,,,
omissionDetective,od_077,77,multipleChoice,誰[だれ]が祖母[そぼ]に電話[でんわ]しますか。,Who calls the grandmother?,兄弟[きょうだい]。,brother.,"A: 「おばあちゃん、元気[げんき]？」
B: 「私[わたくし]からかける。」","A: “Grandma, Genki?”
B: “Go from me.”",b,かけるのはB。,B.,omitted_subject | dialogue_context,N3-N2,4,省略[しょうりゃく]された成分[せいぶん]の推定[すいてい] | 会話[かいわ]文脈[ぶんみゃく]からの照応[しょうおう],おばあちゃん | 元気[げんき] | 私[わたくし]からかける,draft,,,
omissionDetective,od_078,78,multipleChoice,誰[だれ]が洗濯物[せんたくもの]を取[と]り込[こ]みますか。,Who takes the laundry?,庭[にわ]。,Garden,"A: 「雨[あめ]来[き]そう。」
B: 「私[わたくし]が取[と]り込[こ]む。」","A: “It’s raining.”  
B: “I get in.”",b,取[と]り込[こ]むのはB。,B.,omitted_subject | dialogue_context,N3-N2,4,省略[しょうりゃく]された成分[せいぶん]の推定[すいてい] | 会話[かいわ]文脈[ぶんみゃく]からの照応[しょうおう],雨[あめ]来[き]そう | 私[わたくし]が取[と]り込[こ]む,draft,,,
omissionDetective,od_079,79,multipleChoice,誰[だれ]が子[こ]どもを迎[むか]えに行[い]きますか。,Who will be a child?,夫婦[ふうふ]。,Couple,"A: 「今日[きょう]、保育園[ほいくえん]。」
B: 「私[わたくし]が迎[むか]えに行[い]く。」","A: “Today, nursery school.”
B: ""I go to pick you up.""",b,迎[むか]えに行[い]くのはB。,B.,omitted_subject | dialogue_context,N3-N2,4,省略[しょうりゃく]された成分[せいぶん]の推定[すいてい] | 会話[かいわ]文脈[ぶんみゃく]からの照応[しょうおう],今日[きょう] | 保育園[ほいくえん] | 私[わたくし]が迎[むか]えに行[い]く,draft,,,
omissionDetective,od_080,80,multipleChoice,誰[だれ]が旅行[りょこう]の宿[やど]を取[と]りますか。,Who takes a travel inn?,友達[ともだち]同士[どうし]。,Friends,"A: 「宿[やど]、どうする？」
B: 「私[わたくし]が取[と]る。」","A: “What do you do?”
B: “I take.”",b,予約[よやく]するのはB。,B,omitted_subject | dialogue_context,N3-N2,4,省略[しょうりゃく]された成分[せいぶん]の推定[すいてい] | 会話[かいわ]文脈[ぶんみゃく]からの照応[しょうおう],宿[やど] | どうする | 私[わたくし]が取[と]る,draft,,,
omissionDetective,od_081,81,multipleChoice,誰[だれ]がケーキを切[き]りますか。,Who cuts the cake?,パーティ。,Party,"A: 「誕生日[たんじょうび]、切[き]る？」
B: 「本人[ほんにん]が切[き]る。」","A: “Birthday?”
B: ""Your identity""",a,切[き]るのは誕生日[たんじょうび]の本人[ほんにん]とよく決[き]まっている。,It is determined well with the person of the birthday.,dialogue_context | implication,N3-N2,4,省略[しょうりゃく]された成分[せいぶん]の推定[すいてい] | 会話[かいわ]文脈[ぶんみゃく]からの照応[しょうおう],誕生日[たんじょうび] | 切[き]る | 本人[ほんにん]が切[き]る,draft,,,
omissionDetective,od_082,82,multipleChoice,誰[だれ]がリモコンを持[も]っていますか。,Who has a remote control?,リビング。,Living room,"A: 「チャンネル変[か]えて。」
B: 「私[わたくし]が持[も]ってる。」","A: Change channel.  
B: ""I have.",b,持[も]っているのはB。,B.,omitted_subject | dialogue_context,N3-N2,4,省略[しょうりゃく]された成分[せいぶん]の推定[すいてい] | 会話[かいわ]文脈[ぶんみゃく]からの照応[しょうおう],チャンネル変[か]えて | 私[わたくし]が持[も]ってる,draft,,,
omissionDetective,od_083,83,multipleChoice,誰[だれ]がゴミ出[だ]しをしますか。,Who does garbage?,アパート。,Apartment.,"A: 「明日[あす]、可燃[かねん]。」
B: 「私[わたくし]が出[だ]す。」","A: ""Flammable tomorrow.""  
B: “I get out.”",b,出[だ]すのはB。,B.,omitted_subject | dialogue_context,N3-N2,4,省略[しょうりゃく]された成分[せいぶん]の推定[すいてい] | 会話[かいわ]文脈[ぶんみゃく]からの照応[しょうおう],明日[あす] | 可燃[かねん] | 私[わたくし]が出[だ]す,draft,,,
omissionDetective,od_084,84,multipleChoice,誰[だれ]が宿題[しゅくだい]を見[み]ますか。,Who sees homework?,家族[かぞく]。,Family,"A: 「算数[さんすう]、見[み]て。」
B: 「母[はは]が見[み]る。」","A: ""Number of calculations, see.  
B: “Mothers see.”",a,見[み]るのは母[はは]。,Mother,dialogue_context | implication,N3-N2,4,省略[しょうりゃく]された成分[せいぶん]の推定[すいてい] | 会話[かいわ]文脈[ぶんみゃく]からの照応[しょうおう],算数[さんすう] | 見[み]て | 母[はは]が見[み]る,draft,,,
omissionDetective,od_085,85,multipleChoice,誰[だれ]が写真[しゃしん]を送[おく]りますか。,Who is the photo?,同窓会[どうそうかい]。,Alumni Association,"A: 「集合[しゅうごう]写真[しゃしん]、後[あと]で送[おく]って。」
B: 「私[わたくし]が送[おく]る。」","A: ""Collection photo, send later.  
B: “I send.”",b,送[おく]るのはB。,B,omitted_subject | dialogue_context,N3-N2,4,省略[しょうりゃく]された成分[せいぶん]の推定[すいてい] | 会話[かいわ]文脈[ぶんみゃく]からの照応[しょうおう],集合[しゅうごう]写真[しゃしん] | 後[あと]で送[おく]って | 私[わたくし]が送[おく]る,draft,,,
omissionDetective,od_086,86,multipleChoice,誰[だれ]がお歳暮[せいぼ]を選[えら]びますか。,Who chooses the aging?,年末[ねんまつ]。,Year-end,"A: 「実家[じっか]、何[なに]にする？」
B: 「私[わたくし]が選[えら]ぶ。」","A: ""What do you do?""
B: “I choose.”",b,選[えら]ぶのはB。,B,omitted_subject | dialogue_context,N3-N2,5,省略[しょうりゃく]された成分[せいぶん]の推定[すいてい] | 会話[かいわ]文脈[ぶんみゃく]からの照応[しょうおう],実家[じっか] | 何[なに]にする | 私[わたくし]が選[えら]ぶ,draft,,,
omissionDetective,od_087,87,multipleChoice,誰[だれ]が赤[あか]ちゃんを抱[いだ]きますか。,Who hugs the baby?,里帰[さとがえ]り。,Home,"A: 「泣[な]いてる。」
B: 「私[わたくし]が抱[いだ]く。」","A: Crying.  
B: “I hug.”",b,抱[いだ]くのはB。,B.,omitted_subject | dialogue_context,N3-N2,5,省略[しょうりゃく]された成分[せいぶん]の推定[すいてい] | 会話[かいわ]文脈[ぶんみゃく]からの照応[しょうおう],泣[な]いてる | 私[わたくし]が抱[いだ]く,draft,,,
omissionDetective,od_088,88,multipleChoice,誰[だれ]がピザを注文[ちゅうもん]しますか。,Who order pizza?,夜[よる]。,Night,"A: 「小腹[こばら]すいた。」
B: 「私[わたくし]が注文[ちゅうもん]する。」","A:。ry.  
B: “I order.”",b,注文[ちゅうもん]するのはB。,B to order.,omitted_subject | dialogue_context,N3-N2,5,省略[しょうりゃく]された成分[せいぶん]の推定[すいてい] | 会話[かいわ]文脈[ぶんみゃく]からの照応[しょうおう],小腹[こばら]すいた | 私[わたくし]が注文[ちゅうもん]する,draft,,,
omissionDetective,od_089,89,multipleChoice,誰[だれ]が薬局[やっきょく]に行[い]きますか。,Who goes to the pharmacy?,恋人[こいびと]同士[どうし]。,Lovers,"A: 「風邪薬[かぜぐすり]、ない。」
B: 「私[わたくし]が行[い]く。」","A: No cold medicine.  
B: “I go.”",b,買[か]いに行[い]くのはB。,B.,omitted_subject | dialogue_context,N3-N2,5,省略[しょうりゃく]された成分[せいぶん]の推定[すいてい] | 会話[かいわ]文脈[ぶんみゃく]からの照応[しょうおう],風邪薬[かぜぐすり] | ない | 私[わたくし]が行[い]く,draft,,,
omissionDetective,od_090,90,multipleChoice,誰[だれ]がスピーチをしますか。,Who speaks?,結婚式[けっこんしき]。,Wedding,"A: 「披露宴[ひろうえん]、誰[だれ]が話[はな]す？」
B: 「新郎[しんろう]が話[はな]す。」","A: ""Who speaks?""
B: “The groom speaks.”",a,話[はな]すのは新郎[しんろう]。,Groom to speak.,dialogue_context | implication,N3-N2,5,省略[しょうりゃく]された成分[せいぶん]の推定[すいてい] | 会話[かいわ]文脈[ぶんみゃく]からの照応[しょうおう],披露宴[ひろうえん] | 誰[だれ]が話[はな]す | 新郎[しんろう]が話[はな]す,draft,,,
omissionDetective,od_091,91,multipleChoice,「早[はや]く」の対象[たいしょう]の行為[こうい]は何[なん]ですか。,"What are the acts of ""early""?",子[こ]どもが遊[あそ]び着[ぎ]のまま。,Children stay in play.,"A: 「早[はや]く。」
B: 「着替[きが]える。」","A: ""Early.""  
B: ""Change clothes"".",a,文脈[ぶんみゃく]から着替[きが]えが指令[しれい]の対象[たいしょう]。,Change of clothes from the context is subject to command.,implication | dialogue_context,N3-N2,5,省略[しょうりゃく]された成分[せいぶん]の推定[すいてい] | 会話[かいわ]文脈[ぶんみゃく]からの照応[しょうおう],早[はや]く | 着替[きが]える,draft,,,
omissionDetective,od_092,92,multipleChoice,「静[しず]かに」とはどこで静[しず]かにすべきですか。,Where should I find “。”?,玄関[げんかん]。,Entrance,"A: 「図書館[としょかん]だから静[しず]かに。」
B: 「はい。」","A: I'm a library.  
B: Yes.",a,場所[ばしょ]のルールに合[あ]わせる。,Follow the rules of the location.,dialogue_context | implication,N3-N2,5,省略[しょうりゃく]された成分[せいぶん]の推定[すいてい] | 会話[かいわ]文脈[ぶんみゃく]からの照応[しょうおう],図書館[としょかん]だから静[しず]かに | はい,draft,,,
omissionDetective,od_093,93,multipleChoice,誰[だれ]に「明日[あす]まで」と期限[きげん]がありますか。,Who is the deadline for “to tomorrow”?,ゼミ。,HOME,"A: 「レポート、明日[あす]までね。」
B: 「了解[りょうかい]。」","A: ""Report, until tomorrow.""  
B: ""。.",b,提出義務[ていしゅつぎむ]があるのは答[こた]えるB。,B to answer the obligation to submit.,omitted_recipient | dialogue_context,N3-N2,5,省略[しょうりゃく]された成分[せいぶん]の推定[すいてい] | 会話[かいわ]文脈[ぶんみゃく]からの照応[しょうおう],レポート | 明日[あす]までね | 了解[りょうかい],draft,,,
omissionDetective,od_094,94,multipleChoice,「一口[ひとくち]」の対象[たいしょう]は何[なん]ですか。,"What is the subject of ""one mouth""?",ケーキを食[た]べているBの前[まえ]。,Before B eating cake.,"A: 「一口[ひとくち]ちょうだい。」
B: 「はい、どうぞ。」","A: “One-sided”.  
B: Yes, please.",a,分[わ]け勧[すす]めの対象[たいしょう]はケーキ。,Cake,omitted_object | dialogue_context,N3-N2,5,省略[しょうりゃく]された成分[せいぶん]の推定[すいてい] | 会話[かいわ]文脈[ぶんみゃく]からの照応[しょうおう],一口[ひとくち]ちょうだい | はい | どうぞ,draft,,,
omissionDetective,od_095,95,multipleChoice,「そっち」の仕事[しごと]はどちらの担当[たんとう]ですか。,"Which job is ""Sっち""?",分担[ぶんたん]作業[さぎょう]。,Sharing work.,"A: 「そっち、終[お]わった？」
B: 「うちは終[お]わった。」","A: “I’m finished?”
B: ""I'm finished.""",b,Aの立場[たちば]で「そっち」は相手[あいて]＝B側[がわ]の担当[たんとう]を指[さ]す。,"For A, ""Sochi"" refers to the person in charge of the opponent = B.",dialogue_context | implication,N3-N2,5,省略[しょうりゃく]された成分[せいぶん]の推定[すいてい] | 会話[かいわ]文脈[ぶんみゃく]からの照応[しょうおう],そっち | 終[お]わった | うちは終[お]わった,draft,,,
omissionDetective,od_096,96,multipleChoice,「また」の繰[く]り返[かえ]しは何[なに]を指[さ]しますか。,What is the repetition of “Also”?,出勤[しゅっきん]。,Work,"A: 「また遅刻[ちこく]？」
B: 「すみません。」","A: “Is it late?”
B: Don’t know.",a,繰[く]り返[かえ]されたのは遅刻[ちこく]。,Repeatedly delayed.,implication | dialogue_context,N3-N2,5,省略[しょうりゃく]された成分[せいぶん]の推定[すいてい] | 会話[かいわ]文脈[ぶんみゃく]からの照応[しょうおう],また遅刻[ちこく] | すみません,draft,,,
omissionDetective,od_097,97,multipleChoice,誰[だれ]が謝[あやま]る必要[ひつよう]がありますか。,Who should pay?,友達[ともだち]。,Friends,"A: 「約束[やくそく]、忘[わす]れたでしょ。」
B: 「ごめん、私[わたくし]が悪[わる]い。」","A: ""Promise, don't forget.""  
B: ""I'm bad.""",b,謝[あやま]るのは約束[やくそく]を忘[わす]れたB。,I forgot my promise.,omitted_subject | dialogue_context,N3-N2,5,省略[しょうりゃく]された成分[せいぶん]の推定[すいてい] | 会話[かいわ]文脈[ぶんみゃく]からの照応[しょうおう],約束[やくそく] | 忘[わす]れたでしょ | ごめん | 私[わたくし]が悪[わる]い,draft,,,
omissionDetective,od_098,98,multipleChoice,「どうぞ」の内容[ないよう]は何[なに]を許可[きょか]していますか。,What is your permission?,面接[めんせつ]の待合室[まちあいしつ]。,The waiting room for the interview.,"A: 「座[すわ]っていい？」
B: 「どうぞ。」","A: “Do you sit?”
B: ""Please.",a,着席[ちゃくせき]の許可[きょか]。,Seating allowed.,implication | dialogue_context,N3-N2,5,省略[しょうりゃく]された成分[せいぶん]の推定[すいてい] | 会話[かいわ]文脈[ぶんみゃく]からの照応[しょうおう],座[すわ]っていい | どうぞ,draft,,,
omissionDetective,od_099,99,multipleChoice,「いいよ」は何[なに]を認[みと]めていますか。,What do you know?,カフェ。,Cafe,"A: 「この席[せき]、空[あ]いてる？」
B: 「いいよ。」","A: “Is this seat empty?”
B: “Good!”",a,席[せき]を使[つか]う許可[きょか]。,Seats allowed.,implication | dialogue_context,N3-N2,5,省略[しょうりゃく]された成分[せいぶん]の推定[すいてい] | 会話[かいわ]文脈[ぶんみゃく]からの照応[しょうおう],この席[せき] | 空[あ]いてる | いいよ,draft,,,
omissionDetective,od_100,100,multipleChoice,「後[あと]で」の対象[たいしょう]の行為[こうい]は何[なん]ですか。,"What are the acts of ""later""?",社内[しゃない]。,Company,"A: 「このメール、後[あと]で送[おく]って。」
B: 「分[わ]かった。」","A: ""This email is sent later.  
B: ""。.",a,後回[あとまわ]しにするのは送付[そうふ]作業[さぎょう]。,Sending work to be done later.,omitted_object | dialogue_context,N3-N2,5,省略[しょうりゃく]された成分[せいぶん]の推定[すいてい] | 会話[かいわ]文脈[ぶんみゃく]からの照応[しょうおう],このメール | 後[あと]で送[おく]って | 分[わ]かった,draft,,,
particleForensics,pf_001,1,multipleChoice,第[だい]1問[もん]：次[つぎ]の文[ぶん]の空所[くうしょ]（___）に入[はい]る最[もっと]も自然[しぜん]な助詞[じょし]を選[えら]びなさい。,Choose the particle that best fits the blank.,Meaning: I will read a book.,Choose the particle that makes the sentence sound natural.,本[ほん]___読[よ]みます。,I'll read a book.,a,目的語[もくてきご]を示[しめ]す「を」。「本[ほん]を読[よ]む」が基本[きほん]の組[く]み合[あ]わせ。,Use を to mark the direct object of the verb.,particle_choice | wo_ga,N4,1,助詞[じょし]「を」の選択[せんたく] | 意味[いみ]と述語[じゅつご]に合[あ]う格[かく]のマーク,は | が | を | に | で,draft,,normalized_2026_05,codex
particleForensics,pf_002,2,multipleChoice,第[だい]2問[もん]：文脈[ぶんみゃく]に合[あ]う助詞[じょし]を一[ひと]つ選[えら]びなさい。,Pick the most natural particle for this sentence.,Meaning: We arrived at the station.,Choose the particle that makes the sentence sound natural.,駅[えき]___着[つ]きました。,We arrived at the station.,c,到達点[とうたつてん]の「に」。「着[つ]く」「入[はい]る」など「到着[とうちゃく]」系[けい]とセットになりやすい。,"Use に for destination, target, or the endpoint of an action.",particle_choice | ni_de,N4,1,助詞[じょし]「に」の選択[せんたく] | 意味[いみ]と述語[じゅつご]に合[あ]う格[かく]のマーク,は | が | を | に | で,draft,,normalized_2026_05,codex
particleForensics,pf_003,3,multipleChoice,第[だい]3問[もん]：空欄[くうらん]（___）に入[はい]る助詞[じょし]として最[もっと]も適切[てきせつ]なものを選[えら]びなさい。,Select the most appropriate particle for the blank.,Meaning: I study in the classroom.,Choose the particle that makes the sentence sound natural.,教室[きょうしつ]___勉強[べんきょう]します。,I study in the classroom.,d,動作[どうさ]の舞台[ぶたい]は「で」。「教室[きょうしつ]で勉強[べんきょう]する」は場所[ばしょ]の典型[てんけい]。,Use で to mark the location or means of an action.,particle_choice | ni_de,N4,1,助詞[じょし]「で」の選択[せんたく] | 意味[いみ]と述語[じゅつご]に合[あ]う格[かく]のマーク,は | が | を | に | で,draft,,normalized_2026_05,codex
particleForensics,pf_004,4,multipleChoice,第[だい]4問[もん]：次[つぎ]の文[ぶん]で自然[しぜん]な助詞[じょし]を選[えら]んでください。,Choose the natural particle for the sentence.,Meaning: It is raining.,Choose the particle that makes the sentence sound natural.,雨[あめ]___降[ふ]っています。,It's raining.,b,出来事[できごと]・現象[げんしょう]の主語[しゅご]は「が」。天気[てんき]の無題[むだい]描写[びょうしゃ]で自然[しぜん]。,Use が to mark the subject being identified or asserted.,particle_choice | wa_ga,N4,1,助詞[じょし]「が」の選択[せんたく] | 意味[いみ]と述語[じゅつご]に合[あ]う格[かく]のマーク,は | が | を | に | で,draft,,normalized_2026_05,codex
particleForensics,pf_005,5,multipleChoice,第[だい]5問[もん]：意味[いみ]が通[とお]るように、空所[くうしょ]に入[はい]る助詞[じょし]を選[えら]びなさい。,Pick the particle that makes the sentence sound natural.,Meaning: I will meet a friend.,Choose the particle that makes the sentence sound natural.,友[とも]だち___会[あ]います。,I'll meet a friend.,c,面会[めんかい]の相手[あいて]は「に」。「友[とも]だちに会[あ]う」が基本[きほん]。,"Use に for destination, target, or the endpoint of an action.",particle_choice | ni_de,N4,1,助詞[じょし]「に」の選択[せんたく] | 意味[いみ]と述語[じゅつご]に合[あ]う格[かく]のマーク,は | が | を | に | で,draft,,normalized_2026_05,codex
particleForensics,pf_006,6,multipleChoice,第[だい]6問[もん]：次[つぎ]の文[ぶん]の空所[くうしょ]（___）に入[はい]る最[もっと]も自然[しぜん]な助詞[じょし]を選[えら]びなさい。,Choose the particle that best fits the blank.,Workplace: there is a meeting today (today as the frame).,Workplace: there is a meeting today (today as the frame).,今日[きょう]___会議[かいぎ]があります。,There's a meeting today.,d,日程[にってい]・話題[わだい]を取[と]り上[あ]げる「は」。「今日[きょう]は会議[かいぎ]がある」で自然[しぜん]。,Use で to mark the location or means of an action.,particle_choice | wa_ga | topic_contrast,N4,1,助詞[じょし]「は」の選択[せんたく] | 意味[いみ]と述語[じゅつご]に合[あ]う格[かく]のマーク,は | が | を | に | で,draft,,normalized_2026_05,codex
particleForensics,pf_007,7,multipleChoice,第[だい]7問[もん]：文脈[ぶんみゃく]に合[あ]う助詞[じょし]を一[ひと]つ選[えら]びなさい。,Pick the most natural particle for this sentence.,Office: explaining the manager’s status.,Office: explaining the manager’s status.,部長[ぶちょう]___今[いま]、外出中[がいしゅつちゅう]です。,As for the manager—they're out right now.,c,人物[じんぶつ]を話題[わだい]にして状態[じょうたい]を述[の]べる「は」。受付[うけつけ]の説明[せつめい]で取[と]り上[あ]げやすい。,"Use に for destination, target, or the endpoint of an action.",particle_choice | wa_ga | topic_contrast,N4,1,助詞[じょし]「は」の選択[せんたく] | 意味[いみ]と述語[じゅつご]に合[あ]う格[かく]のマーク,は | が | を | に | で,draft,,normalized_2026_05,codex
particleForensics,pf_008,8,multipleChoice,第[だい]8問[もん]：空欄[くうらん]（___）に入[はい]る助詞[じょし]として最[もっと]も適切[てきせつ]なものを選[えら]びなさい。,Select the most appropriate particle for the blank.,Meaning: I go to work by bus.,Choose the particle that makes the sentence sound natural.,バス___会社[かいしゃ]へ行[い]きます。,I go to the office by bus.,d,手段[しゅだん]・方法[ほうほう]は「で」。交通手段[こうつうしゅだん]を述[の]べる典型[てんけい]。,Use で to mark the location or means of an action.,particle_choice | ni_de,N4,1,助詞[じょし]「で」の選択[せんたく] | 意味[いみ]と述語[じゅつご]に合[あ]う格[かく]のマーク,は | が | を | に | で,draft,,normalized_2026_05,codex
particleForensics,pf_009,9,multipleChoice,第[だい]9問[もん]：次[つぎ]の文[ぶん]で自然[しぜん]な助詞[じょし]を選[えら]んでください。,Choose the natural particle for the sentence.,Workplace: I replied to the email.,Workplace: I replied to the email.,メール___返信[へんしん]しました。,I replied to the email.,c,返答[へんとう]の向[む]け先[さき]は「に」。連絡[れんらく]手段[しゅだん]に対[たい]する返信[へんしん]の型[かた]。,"Use に for destination, target, or the endpoint of an action.",particle_choice | ni_de,N4,1,助詞[じょし]「に」の選択[せんたく] | 意味[いみ]と述語[じゅつご]に合[あ]う格[かく]のマーク,は | が | を | に | で,draft,,normalized_2026_05,codex
particleForensics,pf_010,10,multipleChoice,第[だい]10問[もん]：意味[いみ]が通[とお]るように、空所[くうしょ]に入[はい]る助詞[じょし]を選[えら]びなさい。,Pick the particle that makes the sentence sound natural.,Meaning: I put sugar in the coffee.,Choose the particle that makes the sentence sound natural.,コーヒー___砂糖[さとう]を入[い]れます。,I put sugar in my coffee.,c,入[い]れる先[さき]を示[しめ]す「に」。入[い]れるものは「砂糖[さとう]を」と別枠[べつわく]。,"Use に for destination, target, or the endpoint of an action.",particle_choice | ni_de,N4,1,助詞[じょし]「に」の選択[せんたく] | 意味[いみ]と述語[じゅつご]に合[あ]う格[かく]のマーク,は | が | を | に | で,draft,,normalized_2026_05,codex
particleForensics,pf_011,11,multipleChoice,第[だい]11問[もん]：次[つぎ]の文[ぶん]の空所[くうしょ]（___）に入[はい]る最[もっと]も自然[しぜん]な助詞[じょし]を選[えら]びなさい。,Choose the particle that best fits the blank.,Shop or office: asking where the restroom is.,Shop or office: asking where the restroom is.,すみません、お手洗[てあら]い___どこですか。,Excuse me—where is the restroom?,c,疑問[ぎもん]で項目[こうもく]を話題[わだい]にする「は」。場所[ばしょ]を聞[き]く定型[ていけい]。,"Use に for destination, target, or the endpoint of an action.",particle_choice | wa_ga | topic_contrast,N4,1,助詞[じょし]「は」の選択[せんたく] | 意味[いみ]と述語[じゅつご]に合[あ]う格[かく]のマーク,は | が | を | に | で,draft,,normalized_2026_05,codex
particleForensics,pf_012,12,multipleChoice,第[だい]12問[もん]：文脈[ぶんみゃく]に合[あ]う助詞[じょし]を一[ひと]つ選[えら]びなさい。,Pick the most natural particle for this sentence.,Asking someone to open the window.,Asking someone to open the window.,窓[まど]___開[あ]けてください。,Please open the window.,a,他動詞[たどうし]の目的語[もくてきご]は「を」。開閉[かいへい]の対象[たいしょう]に典型[てんけい]。,Use を to mark the direct object of the verb.,particle_choice | wo_ga,N4,1,助詞[じょし]「を」の選択[せんたく] | 意味[いみ]と述語[じゅつご]に合[あ]う格[かく]のマーク,は | が | を | に | で,draft,,normalized_2026_05,codex
particleForensics,pf_013,13,multipleChoice,第[だい]13問[もん]：空欄[くうらん]（___）に入[はい]る助詞[じょし]として最[もっと]も適切[てきせつ]なものを選[えら]びなさい。,Select the most appropriate particle for the blank.,Comment on the season.,Comment on the season.,冬[ふゆ]___とても寒[さむ]いです。,In winter it's very cold.,c,季節[きせつ]を話題[わだい]にする「は」。対比[たいひ]や一般[いっぱん]論[ろん]で使[つか]いやすい。,"Use に for destination, target, or the endpoint of an action.",particle_choice | wa_ga | topic_contrast,N4,1,助詞[じょし]「は」の選択[せんたく] | 意味[いみ]と述語[じゅつご]に合[あ]う格[かく]のマーク,は | が | を | に | で,draft,,normalized_2026_05,codex
particleForensics,pf_014,14,multipleChoice,第[だい]14問[もん]：次[つぎ]の文[ぶん]で自然[しぜん]な助詞[じょし]を選[えら]んでください。,Choose the natural particle for the sentence.,Meaning: I gave my younger sister a book.,Choose the particle that makes the sentence sound natural.,妹[いもうと]___本[ほん]をあげました。,I gave my younger sister a book.,c,与[あた]える相手[あいて]は「に」。授与[じゅよ]動詞[どうし]の相手[あいて]の典型[てんけい]。,"Use に for destination, target, or the endpoint of an action.",particle_choice | ni_de,N4,1,助詞[じょし]「に」の選択[せんたく] | 意味[いみ]と述語[じゅつご]に合[あ]う格[かく]のマーク,は | が | を | に | で,draft,,normalized_2026_05,codex
particleForensics,pf_015,15,multipleChoice,第[だい]15問[もん]：意味[いみ]が通[とお]るように、空所[くうしょ]に入[はい]る助詞[じょし]を選[えら]びなさい。,Pick the particle that makes the sentence sound natural.,Commenting on how spicy the dish is.,Commenting on how spicy the dish is.,この料理[りょうり]___辛[つら]いです。,This dish is spicy.,c,評価[ひょうか]・対比[たいひ]で品[しな]を取[と]り上[あ]げる「は」。味[あじ]のコメントに使[つか]いやすい。,"Use に for destination, target, or the endpoint of an action.",particle_choice | wa_ga | topic_contrast,N4,1,助詞[じょし]「は」の選択[せんたく] | 意味[いみ]と述語[じゅつご]に合[あ]う格[かく]のマーク,は | が | を | に | で,draft,,normalized_2026_05,codex
particleForensics,pf_016,16,multipleChoice,第[だい]16問[もん]：次[つぎ]の文[ぶん]の空所[くうしょ]（___）に入[はい]る最[もっと]も自然[しぜん]な助詞[じょし]を選[えら]びなさい。,Choose the particle that best fits the blank.,Self-introduction at school.,Self-introduction at school.,私[わたくし]___学生[がくせい]です。,I'm a student.,c,自己[じこ]紹介[しょうかい]で属性[ぞくせい]を述[の]べる話題[わだい]は「は」。,"Use に for destination, target, or the endpoint of an action.",particle_choice | wa_ga | topic_contrast,N4,1,助詞[じょし]「は」の選択[せんたく] | 意味[いみ]と述語[じゅつご]に合[あ]う格[かく]のマーク,は | が | を | に | で,draft,,normalized_2026_05,codex
particleForensics,pf_017,17,multipleChoice,第[だい]17問[もん]：文脈[ぶんみゃく]に合[あ]う助詞[じょし]を一[ひと]つ選[えら]びなさい。,Pick the most natural particle for this sentence.,Looking outside.,Looking outside.,窓[まど]の外[そと]___鳥[とり]がいます。,There's a bird outside the window.,b,存在[そんざい]の主体[しゅたい]は「が」。「いる／ある」の典型的[てんけいてき]な主語[しゅご]。,Use が to mark the subject being identified or asserted.,particle_choice | wa_ga | ni_de,N4,1,助詞[じょし]「が」の選択[せんたく] | 意味[いみ]と述語[じゅつご]に合[あ]う格[かく]のマーク,は | が | を | に | で,draft,,normalized_2026_05,codex
particleForensics,pf_018,18,multipleChoice,第[だい]18問[もん]：空欄[くうらん]（___）に入[はい]る助詞[じょし]として最[もっと]も適切[てきせつ]なものを選[えら]びなさい。,Select the most appropriate particle for the blank.,Describing the room.,Describing the room.,教室[きょうしつ]___机[つくえ]が十[じゅう]あります。,There are ten desks in the classroom.,b,存在[そんざい]文[ぶん]で物[もの]を数[かぞ]える主語[しゅご]は「が」。,Use が to mark the subject being identified or asserted.,particle_choice | wa_ga | ni_de,N4,1,助詞[じょし]「が」の選択[せんたく] | 意味[いみ]と述語[じゅつご]に合[あ]う格[かく]のマーク,は | が | を | に | で,draft,,normalized_2026_05,codex
particleForensics,pf_019,19,multipleChoice,第[だい]19問[もん]：次[つぎ]の文[ぶん]で自然[しぜん]な助詞[じょし]を選[えら]んでください。,Choose the natural particle for the sentence.,Giving directions.,Giving directions.,駅[えき]の前[まえ]___バス停[てい]があります。,There's a bus stop in front of the station.,c,存在[そんざい]の場所[ばしょ]は「に」。「～に～がある」。,"Use に for destination, target, or the endpoint of an action.",particle_choice | ni_de,N4,1,助詞[じょし]「は」の選択[せんたく] | 意味[いみ]と述語[じゅつご]に合[あ]う格[かく]のマーク,は | が | を | に | で,draft,,normalized_2026_05,codex
particleForensics,pf_020,20,multipleChoice,第[だい]20問[もん]：意味[いみ]が通[とお]るように、空所[くうしょ]に入[はい]る助詞[じょし]を選[えら]びなさい。,Pick the particle that makes the sentence sound natural.,Shopping on the weekend.,Shopping on the weekend.,デパート___買[か]い物[もの]をしました。,I went shopping at the department store.,d,買[か]い物[もの]という動作[どうさ]の舞台[ぶたい]は「で」。,Use で to mark the location or means of an action.,particle_choice | ni_de,N4,1,助詞[じょし]「で」の選択[せんたく] | 意味[いみ]と述語[じゅつご]に合[あ]う格[かく]のマーク,は | が | を | に | で,draft,,normalized_2026_05,codex
particleForensics,pf_021,21,multipleChoice,第[だい]21問[もん]：次[つぎ]の文[ぶん]の空所[くうしょ]（___）に入[はい]る最[もっと]も自然[しぜん]な助詞[じょし]を選[えら]びなさい。,Choose the particle that best fits the blank.,Explaining absence.,Explaining absence.,病気[びょうき]___休[やす]みました。,I took time off because I was sick.,d,理由[りゆう]・原因[げんいん]を示[しめ]す「で」。,Use で to mark the location or means of an action.,particle_choice | ni_de,N4-N3,2,助詞[じょし]「で」の選択[せんたく] | 意味[いみ]と述語[じゅつご]に合[あ]う格[かく]のマーク,は | が | を | に | で,draft,,normalized_2026_05,codex
particleForensics,pf_022,22,multipleChoice,第[だい]22問[もん]：文脈[ぶんみゃく]に合[あ]う助詞[じょし]を一[ひと]つ選[えら]びなさい。,Pick the most natural particle for this sentence.,Daily routine.,Daily routine.,九[きゅう]時[じ]___起[お]きます。,I get up at nine.,c,時刻[じこく]の点[てん]は「に」。,"Use に for destination, target, or the endpoint of an action.",particle_choice | ni_de,N4-N3,2,助詞[じょし]「に」の選択[せんたく] | 意味[いみ]と述語[じゅつご]に合[あ]う格[かく]のマーク,は | が | を | に | で,draft,,normalized_2026_05,codex
particleForensics,pf_023,23,multipleChoice,第[だい]23問[もん]：空欄[くうらん]（___）に入[はい]る助詞[じょし]として最[もっと]も適切[てきせつ]なものを選[えら]びなさい。,Select the most appropriate particle for the blank.,Season and scenery.,Season and scenery.,春[はる]___花[はな]がきれいです。,In spring the flowers are beautiful.,c,季節[きせつ]を話題[わだい]にして景色[けしき]を述[の]べる「は」。,"Use に for destination, target, or the endpoint of an action.",particle_choice | wa_ga | topic_contrast,N4-N3,2,助詞[じょし]「は」の選択[せんたく] | 意味[いみ]と述語[じゅつご]に合[あ]う格[かく]のマーク,は | が | を | に | で,draft,,normalized_2026_05,codex
particleForensics,pf_024,24,multipleChoice,第[だい]24問[もん]：次[つぎ]の文[ぶん]で自然[しぜん]な助詞[じょし]を選[えら]んでください。,Choose the natural particle for the sentence.,School: homework is done.,School: homework is done.,宿題[しゅくだい]___終[お]わりました。,I finished my homework.,b,変化[へんか]・完了[かんりょう]の主語[しゅご]に「が」。,Use が to mark the subject being identified or asserted.,particle_choice | wa_ga,N4-N3,2,助詞[じょし]「が」の選択[せんたく] | 意味[いみ]と述語[じゅつご]に合[あ]う格[かく]のマーク,は | が | を | に | で,draft,,normalized_2026_05,codex
particleForensics,pf_025,25,multipleChoice,第[だい]25問[もん]：意味[いみ]が通[とお]るように、空所[くうしょ]に入[はい]る助詞[じょし]を選[えら]びなさい。,Pick the particle that makes the sentence sound natural.,Talking about family.,Talking about family.,母[はは]___料理[りょうり]が上手[じょうず]です。,My mother is good at cooking.,c,人物[じんぶつ]を話題[わだい]にして評価[ひょうか]する「は」。,"Use に for destination, target, or the endpoint of an action.",particle_choice | wa_ga | topic_contrast,N4-N3,2,助詞[じょし]「は」の選択[せんたく] | 意味[いみ]と述語[じゅつご]に合[あ]う格[かく]のマーク,は | が | を | に | で,draft,,normalized_2026_05,codex
particleForensics,pf_026,26,multipleChoice,第[だい]26問[もん]：次[つぎ]の文[ぶん]の空所[くうしょ]（___）に入[はい]る最[もっと]も自然[しぜん]な助詞[じょし]を選[えら]びなさい。,Choose the particle that best fits the blank.,Talking about a sibling.,Talking about a sibling.,弟[おとうと]___サッカーが上手[じょうず]です。,My younger brother is good at soccer.,c,比較[ひかく]・話題[わだい]で人物[じんぶつ]を立[た]てる「は」。,"Use に for destination, target, or the endpoint of an action.",particle_choice | wa_ga | topic_contrast,N4-N3,2,助詞[じょし]「は」の選択[せんたく] | 意味[いみ]と述語[じゅつご]に合[あ]う格[かく]のマーク,は | が | を | に | で,draft,,normalized_2026_05,codex
particleForensics,pf_027,27,multipleChoice,第[だい]27問[もん]：文脈[ぶんみゃく]に合[あ]う助詞[じょし]を一[ひと]つ選[えら]びなさい。,Pick the most natural particle for this sentence.,Restaurant recommendation.,Restaurant recommendation.,この店[みせ]___ラーメンがおいしいです。,This shop's ramen is delicious.,c,店[みせ]を話題[わだい]にして評価[ひょうか]する「は」。,"Use に for destination, target, or the endpoint of an action.",particle_choice | wa_ga | topic_contrast,N4-N3,2,助詞[じょし]「は」の選択[せんたく] | 意味[いみ]と述語[じゅつご]に合[あ]う格[かく]のマーク,は | が | を | に | で,draft,,normalized_2026_05,codex
particleForensics,pf_028,28,multipleChoice,第[だい]28問[もん]：空欄[くうらん]（___）に入[はい]る助詞[じょし]として最[もっと]も適切[てきせつ]なものを選[えら]びなさい。,Select the most appropriate particle for the blank.,Classroom question.,Classroom question.,誰[だれ]___日本語[にほんご]が話[はな]せますか。,Who can speak Japanese?,b,疑問[ぎもん]で主語[しゅご]を問[と]うときは「が」。,Use が to mark the subject being identified or asserted.,particle_choice | wa_ga | potential_form,N4-N3,2,助詞[じょし]「が」の選択[せんたく] | 意味[いみ]と述語[じゅつご]に合[あ]う格[かく]のマーク,は | が | を | に | で,draft,,normalized_2026_05,codex
particleForensics,pf_029,29,multipleChoice,第[だい]29問[もん]：次[つぎ]の文[ぶん]で自然[しぜん]な助詞[じょし]を選[えら]んでください。,Choose the natural particle for the sentence.,Asking plans.,Asking plans.,何[なん]___したいですか。,What do you want to do?,b,希望[きぼう]の対象[たいしょう]は「が」。,Use が to mark the subject being identified or asserted.,particle_choice | wa_ga | potential_form,N4-N3,2,助詞[じょし]「が」の選択[せんたく] | 意味[いみ]と述語[じゅつご]に合[あ]う格[かく]のマーク,は | が | を | に | で,draft,,normalized_2026_05,codex
particleForensics,pf_030,30,multipleChoice,第[だい]30問[もん]：意味[いみ]が通[とお]るように、空所[くうしょ]に入[はい]る助詞[じょし]を選[えら]びなさい。,Pick the particle that makes the sentence sound natural.,At home or office.,At home or office.,水[みず]___飲[の]みたいです。,I want to drink water.,b,「～たい」の対象[たいしょう]に「が」が付[つ]く型[かた]が自然[しぜん]。,Use が to mark the subject being identified or asserted.,particle_choice | wa_ga | potential_form,N4-N3,2,助詞[じょし]「が」の選択[せんたく] | 意味[いみ]と述語[じゅつご]に合[あ]う格[かく]のマーク,は | が | を | に | で,draft,,normalized_2026_05,codex
particleForensics,pf_031,31,multipleChoice,第[だい]31問[もん]：次[つぎ]の文[ぶん]の空所[くうしょ]（___）に入[はい]る最[もっと]も自然[しぜん]な助詞[じょし]を選[えら]びなさい。,Choose the particle that best fits the blank.,Hotel or study room.,Hotel or study room.,部屋[へや]___静[しず]かです。,The room is quiet.,b,状態[じょうたい]・属性[ぞくせい]の主語[しゅご]に「が」。,Use が to mark the subject being identified or asserted.,particle_choice | wa_ga,N4-N3,2,助詞[じょし]「が」の選択[せんたく] | 意味[いみ]と述語[じゅつご]に合[あ]う格[かく]のマーク,は | が | を | に | で,draft,,normalized_2026_05,codex
particleForensics,pf_032,32,multipleChoice,第[だい]32問[もん]：文脈[ぶんみゃく]に合[あ]う助詞[じょし]を一[ひと]つ選[えら]びなさい。,Pick the most natural particle for this sentence.,Someone arrived.,Someone arrived.,先生[せんせい]___来[き]ました。,The teacher came.,b,新[しん]情報[じょうほう]の主語[しゅご]に「が」。,Use が to mark the subject being identified or asserted.,particle_choice | wa_ga,N4-N3,2,助詞[じょし]「が」の選択[せんたく] | 意味[いみ]と述語[じゅつご]に合[あ]う格[かく]のマーク,は | が | を | に | で,draft,,normalized_2026_05,codex
particleForensics,pf_033,33,multipleChoice,第[だい]33問[もん]：空欄[くうらん]（___）に入[はい]る助詞[じょし]として最[もっと]も適切[てきせつ]なものを選[えら]びなさい。,Select the most appropriate particle for the blank.,Family news.,Family news.,息子[むすこ]___医者[いしゃ]になりました。,My son became a doctor.,b,変化[へんか]・結果[けっか]の主体[しゅたい]は「が」。,Use が to mark the subject being identified or asserted.,particle_choice | wa_ga | ni_de,N4-N3,2,助詞[じょし]「が」の選択[せんたく] | 意味[いみ]と述語[じゅつご]に合[あ]う格[かく]のマーク,は | が | を | に | で,draft,,normalized_2026_05,codex
particleForensics,pf_034,34,multipleChoice,第[だい]34問[もん]：次[つぎ]の文[ぶん]で自然[しぜん]な助詞[じょし]を選[えら]んでください。,Choose the natural particle for the sentence.,Outdoor activity.,Outdoor activity.,木[き]___上[あ]がります。,I'll climb the tree.,a,移動[いどう]が対象[たいしょう]の表面[ひょうめん]をまたぐ「を」。登攀[とうはん]の典型[てんけい]。,Use を to mark the direct object of the verb.,particle_choice | wo_ga,N4-N3,2,助詞[じょし]「を」の選択[せんたく] | 意味[いみ]と述語[じゅつご]に合[あ]う格[かく]のマーク,は | が | を | に | で,draft,,normalized_2026_05,codex
particleForensics,pf_035,35,multipleChoice,第[だい]35問[もん]：意味[いみ]が通[とお]るように、空所[くうしょ]に入[はい]る助詞[じょし]を選[えら]びなさい。,Pick the particle that makes the sentence sound natural.,Travel / walking route.,Travel / walking route.,橋[はし]___渡[わた]ります。,I'll cross the bridge.,a,通過[つうか]・横断[おうだん]の経路[けいろ]は「を」。,Use を to mark the direct object of the verb.,particle_choice | wo_ga,N4-N3,2,助詞[じょし]「を」の選択[せんたく] | 意味[いみ]と述語[じゅつご]に合[あ]う格[かく]のマーク,は | が | を | に | で,draft,,normalized_2026_05,codex
particleForensics,pf_036,36,multipleChoice,第[だい]36問[もん]：次[つぎ]の文[ぶん]の空所[くうしょ]（___）に入[はい]る最[もっと]も自然[しぜん]な助詞[じょし]を選[えら]びなさい。,Choose the particle that best fits the blank.,Giving directions.,Giving directions.,角[かく]___曲[ま]がります。,I'll turn the corner.,a,曲[ま]がる交差点[こうさてん]をまたぐ「を」。,Use を to mark the direct object of the verb.,particle_choice | wo_ga,N4-N3,2,助詞[じょし]「を」の選択[せんたく] | 意味[いみ]と述語[じゅつご]に合[あ]う格[かく]のマーク,は | が | を | に | で,draft,,normalized_2026_05,codex
particleForensics,pf_037,37,multipleChoice,第[だい]37問[もん]：文脈[ぶんみゃく]に合[あ]う助詞[じょし]を一[ひと]つ選[えら]びなさい。,Pick the most natural particle for this sentence.,Driving.,Driving.,赤信号[あかしんごう]___止[と]まります。,I'll stop at the red light.,a,動作[どうさ]のきっかけ・目印[めじるし]をまたぐ「を」。,Use を to mark the direct object of the verb.,particle_choice | wo_ga,N4-N3,2,助詞[じょし]「を」の選択[せんたく] | 意味[いみ]と述語[じゅつご]に合[あ]う格[かく]のマーク,は | が | を | に | で,draft,,normalized_2026_05,codex
particleForensics,pf_038,38,multipleChoice,第[だい]38問[もん]：空欄[くうらん]（___）に入[はい]る助詞[じょし]として最[もっと]も適切[てきせつ]なものを選[えら]びなさい。,Select the most appropriate particle for the blank.,Describing a route.,Describing a route.,空港[くうこう]の前[まえ]___通[とお]ります。,I'll pass in front of the airport.,a,手前[てまえ]を通過[つうか]する経路[けいろ]は「を」。,Use を to mark the direct object of the verb.,particle_choice | wo_ga,N4-N3,2,助詞[じょし]「を」の選択[せんたく] | 意味[いみ]と述語[じゅつご]に合[あ]う格[かく]のマーク,は | が | を | に | で,draft,,normalized_2026_05,codex
particleForensics,pf_039,39,multipleChoice,第[だい]39問[もん]：次[つぎ]の文[ぶん]で自然[しぜん]な助詞[じょし]を選[えら]んでください。,Choose the natural particle for the sentence.,Leisure.,Leisure.,公園[こうえん]___散歩[さんぽ]します。,I'll take a walk in the park.,d,散歩[さんぽ]の舞台[ぶたい]となる区域[くいき]は「で」。,Use で to mark the location or means of an action.,particle_choice | ni_de,N4-N3,2,助詞[じょし]「で」の選択[せんたく] | 意味[いみ]と述語[じゅつご]に合[あ]う格[かく]のマーク,は | が | を | に | で,draft,,normalized_2026_05,codex
particleForensics,pf_040,40,multipleChoice,第[だい]40問[もん]：意味[いみ]が通[とお]るように、空所[くうしょ]に入[はい]る助詞[じょし]を選[えら]びなさい。,Pick the particle that makes the sentence sound natural.,Holiday plan.,Holiday plan.,家族[かぞく]___旅行[りょこう]に行[い]きます。,I'll go on a trip with my family.,c,同伴[どうはん]は「と」。,"Use に for destination, target, or the endpoint of an action.",particle_choice | dialogue_context,N4-N3,2,助詞[じょし]「と」の選択[せんたく] | 意味[いみ]と述語[じゅつご]に合[あ]う格[かく]のマーク,は | が | を | に | で,draft,,normalized_2026_05,codex
particleForensics,pf_041,41,multipleChoice,第[だい]41問[もん]：次[つぎ]の文[ぶん]の空所[くうしょ]（___）に入[はい]る最[もっと]も自然[しぜん]な助詞[じょし]を選[えら]びなさい。,Choose the particle that best fits the blank.,Weekend plan.,Weekend plan.,友[とも]だち___映画[えいが]を見[み]に行[い]きます。,I'll go see a movie with a friend.,c,一緒[いっしょ]に行[い]く相手[あいて]は「と」。,"Use に for destination, target, or the endpoint of an action.",particle_choice | dialogue_context,N4-N3,2,助詞[じょし]「と」の選択[せんたく] | 意味[いみ]と述語[じゅつご]に合[あ]う格[かく]のマーク,は | が | を | に | で,draft,,normalized_2026_05,codex
particleForensics,pf_042,42,multipleChoice,第[だい]42問[もん]：文脈[ぶんみゃく]に合[あ]う助詞[じょし]を一[ひと]つ選[えら]びなさい。,Pick the most natural particle for this sentence.,Classroom memory.,Classroom memory.,先生[せんせい]___「静[しず]かに」と言[い]いました。,"The teacher said, ""Quiet.""",c,言葉[ことば]の引用[いんよう]に「と」。,"Use に for destination, target, or the endpoint of an action.",particle_choice | dialogue_context,N4-N3,2,助詞[じょし]「と」の選択[せんたく] | 意味[いみ]と述語[じゅつご]に合[あ]う格[かく]のマーク,は | が | を | に | で,draft,,normalized_2026_05,codex
particleForensics,pf_043,43,multipleChoice,第[だい]43問[もん]：空欄[くうらん]（___）に入[はい]る助詞[じょし]として最[もっと]も適切[てきせつ]なものを選[えら]びなさい。,Select the most appropriate particle for the blank.,Conversation report.,Conversation report.,彼[かれ]___「忙[いそが]しい」と答[こた]えました。,"He answered, ""I'm busy.""",c,答[こた]えの内容[ないよう]を引用[いんよう]する「と」。,"Use に for destination, target, or the endpoint of an action.",particle_choice | dialogue_context,N4-N3,2,助詞[じょし]「と」の選択[せんたく] | 意味[いみ]と述語[じゅつご]に合[あ]う格[かく]のマーク,は | が | を | に | で,draft,,normalized_2026_05,codex
particleForensics,pf_044,44,multipleChoice,第[だい]44問[もん]：次[つぎ]の文[ぶん]で自然[しぜん]な助詞[じょし]を選[えら]んでください。,Choose the natural particle for the sentence.,Travel wish.,Travel wish.,私[わたくし]___日本[にっぽん]へ行[い]きたいです。,I want to go to Japan.,b,移動[いどう]の方向[ほうこう]を示[しめ]す「へ」。願望[がんぼう]の行[い]き先[さき]にも自然[しぜん]。,Use が to mark the subject being identified or asserted.,particle_choice | ni_de,N4-N3,2,助詞[じょし]「へ」の選択[せんたく] | 意味[いみ]と述語[じゅつご]に合[あ]う格[かく]のマーク,は | が | を | に | で,draft,,normalized_2026_05,codex
particleForensics,pf_045,45,multipleChoice,第[だい]45問[もん]：意味[いみ]が通[とお]るように、空所[くうしょ]に入[はい]る助詞[じょし]を選[えら]びなさい。,Pick the particle that makes the sentence sound natural.,Commute.,Commute.,会社[かいしゃ]___自転車[じてんしゃ]で行[い]きます。,I commute to work by bicycle.,c,行[い]き先[さき]の到達点[とうたつてん]は「に」。文末[ぶんまつ]で手段[しゅだん]を「で」。,"Use に for destination, target, or the endpoint of an action.",particle_choice | ni_de,N4-N3,2,助詞[じょし]「に」の選択[せんたく] | 意味[いみ]と述語[じゅつご]に合[あ]う格[かく]のマーク,は | が | を | に | で,draft,,normalized_2026_05,codex
particleForensics,pf_046,46,multipleChoice,第[だい]46問[もん]：次[つぎ]の文[ぶん]の空所[くうしょ]（___）に入[はい]る最[もっと]も自然[しぜん]な助詞[じょし]を選[えら]びなさい。,Choose the particle that best fits the blank.,Navigation.,Navigation.,北[きた]___向[む]かいます。,I'll head north.,b,方角[ほうがく]への移動[いどう]の方向[ほうこう]は「へ」。,Use が to mark the subject being identified or asserted.,particle_choice | ni_de,N3,3,助詞[じょし]「へ」の選択[せんたく] | 意味[いみ]と述語[じゅつご]に合[あ]う格[かく]のマーク,は | が | を | に | で,draft,,normalized_2026_05,codex
particleForensics,pf_047,47,multipleChoice,第[だい]47問[もん]：文脈[ぶんみゃく]に合[あ]う助詞[じょし]を一[ひと]つ選[えら]びなさい。,Pick the most natural particle for this sentence.,Business trip.,Business trip.,大阪[おおさか]___出張[しゅっちょう]します。,I'm going on a business trip to Osaka.,c,滞在先[たいざいさき]を点[てん]で示[しめ]すなら「に」。,"Use に for destination, target, or the endpoint of an action.",particle_choice | ni_de,N3,3,助詞[じょし]「に」の選択[せんたく] | 意味[いみ]と述語[じゅつご]に合[あ]う格[かく]のマーク,は | が | を | に | で,draft,,normalized_2026_05,codex
particleForensics,pf_048,48,multipleChoice,第[だい]48問[もん]：空欄[くうらん]（___）に入[はい]る助詞[じょし]として最[もっと]も適切[てきせつ]なものを選[えら]びなさい。,Select the most appropriate particle for the blank.,End of day.,End of day.,家[いえ]___帰[かえ]ります。,I'll go home.,c,帰着[きちゃく]の到達点[とうたつてん]は「に」。,"Use に for destination, target, or the endpoint of an action.",particle_choice | ni_de,N3,3,助詞[じょし]「に」の選択[せんたく] | 意味[いみ]と述語[じゅつご]に合[あ]う格[かく]のマーク,は | が | を | に | で,draft,,normalized_2026_05,codex
particleForensics,pf_049,49,multipleChoice,第[だい]49問[もん]：次[つぎ]の文[ぶん]で自然[しぜん]な助詞[じょし]を選[えら]んでください。,Choose the natural particle for the sentence.,Schedule.,Schedule.,学校[がっこう]___八[はち]時[じ]からです。,School starts at eight o'clock.,c,起点[きてん]・開始[かいし]は「から」。,"Use に for destination, target, or the endpoint of an action.",particle_choice | topic_contrast,N3,3,助詞[じょし]「から」の選択[せんたく] | 意味[いみ]と述語[じゅつご]に合[あ]う格[かく]のマーク,は | が | を | に | で,draft,,normalized_2026_05,codex
particleForensics,pf_050,50,multipleChoice,第[だい]50問[もん]：意味[いみ]が通[とお]るように、空所[くうしょ]に入[はい]る助詞[じょし]を選[えら]びなさい。,Pick the particle that makes the sentence sound natural.,Office schedule.,Office schedule.,会議[かいぎ]は午後[ごご]五[ご]時[じ]___続[つづ]きます。,The meeting continues until five in the afternoon.,c,継続[けいぞく]の終[お]わりを示[しめ]す「まで」。,"Use に for destination, target, or the endpoint of an action.",particle_choice | topic_contrast | ni_de,N3,3,助詞[じょし]「まで」の選択[せんたく] | 意味[いみ]と述語[じゅつご]に合[あ]う格[かく]のマーク,は | が | を | に | で,draft,,normalized_2026_05,codex
particleForensics,pf_051,51,multipleChoice,第[だい]51問[もん]：次[つぎ]の文[ぶん]の空所[くうしょ]（___）に入[はい]る最[もっと]も自然[しぜん]な助詞[じょし]を選[えら]びなさい。,Choose the particle that best fits the blank.,Giving directions.,Giving directions.,駅[えき]___ここから近[ちか]いです。,The station is close from here.,b,基準[きじゅん]点[てん]からの距離[きょり]に「から」。,Use が to mark the subject being identified or asserted.,particle_choice | topic_contrast,N3,3,助詞[じょし]「が」の選択[せんたく] | 意味[いみ]と述語[じゅつご]に合[あ]う格[かく]のマーク,は | が | を | に | で,draft,,normalized_2026_05,codex
particleForensics,pf_052,52,multipleChoice,第[だい]52問[もん]：文脈[ぶんみゃく]に合[あ]う助詞[じょし]を一[ひと]つ選[えら]びなさい。,Pick the most natural particle for this sentence.,Travel info.,Travel info.,空港[くうこう]___町[まち]までバスがあります。,There's a bus from the airport into town.,b,区間[くかん]の起点[きてん]は「から」。,Use が to mark the subject being identified or asserted.,particle_choice | topic_contrast,N3,3,助詞[じょし]「から」の選択[せんたく] | 意味[いみ]と述語[じゅつご]に合[あ]う格[かく]のマーク,は | が | を | に | で,draft,,normalized_2026_05,codex
particleForensics,pf_053,53,multipleChoice,第[だい]53問[もん]：空欄[くうらん]（___）に入[はい]る助詞[じょし]として最[もっと]も適切[てきせつ]なものを選[えら]びなさい。,Select the most appropriate particle for the blank.,Work hours.,Work hours.,朝[あさ]八[はち]時[じ]___夜[よる]十[じゅう]時[じ]まで働[はたら]きます。,I work from eight in the morning until ten at night.,c,時間[じかん]範囲[はんい]の開始[かいし]は「から」。,"Use に for destination, target, or the endpoint of an action.",particle_choice | topic_contrast | ni_de,N3,3,助詞[じょし]「から」の選択[せんたく] | 意味[いみ]と述語[じゅつご]に合[あ]う格[かく]のマーク,は | が | を | に | で,draft,,normalized_2026_05,codex
particleForensics,pf_054,54,multipleChoice,第[だい]54問[もん]：次[つぎ]の文[ぶん]で自然[しぜん]な助詞[じょし]を選[えら]んでください。,Choose the natural particle for the sentence.,Shopping.,Shopping.,この本[ほん]___高[たか]いです。,This book is expensive.,c,品[しな]を話題[わだい]にして価格[かかく]判断[はんだん]「は」。,"Use に for destination, target, or the endpoint of an action.",particle_choice | wa_ga | topic_contrast,N3,3,助詞[じょし]「は」の選択[せんたく] | 意味[いみ]と述語[じゅつご]に合[あ]う格[かく]のマーク,は | が | を | に | で,draft,,normalized_2026_05,codex
particleForensics,pf_055,55,multipleChoice,第[だい]55問[もん]：意味[いみ]が通[とお]るように、空所[くうしょ]に入[はい]る助詞[じょし]を選[えら]びなさい。,Pick the particle that makes the sentence sound natural.,Weather chat.,Weather chat.,去年[きょねん]___今年[ことし]より寒[さむ]かったです。,Last year was colder than this year.,c,比較[ひかく]の一方[いっぽう]を話題[わだい]にする「は」。,"Use に for destination, target, or the endpoint of an action.",particle_choice | wa_ga | topic_contrast,N3,3,助詞[じょし]「は」の選択[せんたく] | 意味[いみ]と述語[じゅつご]に合[あ]う格[かく]のマーク,は | が | を | に | で,draft,,normalized_2026_05,codex
particleForensics,pf_056,56,multipleChoice,第[だい]56問[もん]：次[つぎ]の文[ぶん]の空所[くうしょ]（___）に入[はい]る最[もっと]も自然[しぜん]な助詞[じょし]を選[えら]びなさい。,Choose the particle that best fits the blank.,Family comparison.,Family comparison.,弟[おとうと]___私[わたくし]より背[せ]が高[たか]いです。,My younger brother is taller than me.,c,比較[ひかく]の一方[いっぽう]を話題[わだい]にする「は」。,"Use に for destination, target, or the endpoint of an action.",particle_choice | wa_ga | topic_contrast,N3,3,助詞[じょし]「は」の選択[せんたく] | 意味[いみ]と述語[じゅつご]に合[あ]う格[かく]のマーク,は | が | を | に | で,draft,,normalized_2026_05,codex
particleForensics,pf_057,57,multipleChoice,第[だい]57問[もん]：文脈[ぶんみゃく]に合[あ]う助詞[じょし]を一[ひと]つ選[えら]びなさい。,Pick the most natural particle for this sentence.,Geography.,Geography.,東京[とうきょう]___大阪[おおさか]より大[おお]きいです。,Tokyo is bigger than Osaka.,c,比較[ひかく]の主題[しゅだい]を「は」で立[た]てる。,"Use に for destination, target, or the endpoint of an action.",particle_choice | wa_ga | topic_contrast,N3,3,助詞[じょし]「は」の選択[せんたく] | 意味[いみ]と述語[じゅつご]に合[あ]う格[かく]のマーク,は | が | を | に | で,draft,,normalized_2026_05,codex
particleForensics,pf_058,58,multipleChoice,第[だい]58問[もん]：空欄[くうらん]（___）に入[はい]る助詞[じょし]として最[もっと]も適切[てきせつ]なものを選[えら]びなさい。,Select the most appropriate particle for the blank.,Weather comparison.,Weather comparison.,昨日[きのう]___今日[こんにち]ほど暑[あつ]くありませんでした。,Yesterday wasn't as hot as today.,c,比較[ひかく]で基準日[きじゅんび]を話題[わだい]にする「は」＋「ほど」の定型[ていけい]。,"Use に for destination, target, or the endpoint of an action.",particle_choice | topic_contrast | wa_ga,N3,3,助詞[じょし]「は」の選択[せんたく] | 意味[いみ]と述語[じゅつご]に合[あ]う格[かく]のマーク,は | が | を | に | で,draft,,normalized_2026_05,codex
particleForensics,pf_059,59,multipleChoice,第[だい]59問[もん]：次[つぎ]の文[ぶん]で自然[しぜん]な助詞[じょし]を選[えら]んでください。,Choose the natural particle for the sentence.,Shift work.,Shift work.,朝[あさ]___晩[ばん]も働[はたら]きます。,In the morning—and at night too—I work.,c,前半[ぜんはん]を話題[わだい]にする「は」と、追加[ついか]の「も」のセットアップ。,"Use に for destination, target, or the endpoint of an action.",particle_choice | topic_contrast | wa_ga,N3,3,助詞[じょし]「は」の選択[せんたく] | 意味[いみ]と述語[じゅつご]に合[あ]う格[かく]のマーク,は | が | を | に | で,draft,,normalized_2026_05,codex
particleForensics,pf_060,60,multipleChoice,第[だい]60問[もん]：意味[いみ]が通[とお]るように、空所[くうしょ]に入[はい]る助詞[じょし]を選[えら]びなさい。,Pick the particle that makes the sentence sound natural.,Allergy or dislike.,Allergy or dislike.,水[みず]___飲[の]みません。,I won't drink water.,c,列挙[れっきょ]的[てき]な全面[ぜんめん]否定[ひてい]に「も」。,"Use に for destination, target, or the endpoint of an action.",particle_choice | topic_contrast,N3,3,助詞[じょし]「は」の選択[せんたく] | 意味[いみ]と述語[じゅつご]に合[あ]う格[かく]のマーク,は | が | を | に | で,draft,,normalized_2026_05,codex
particleForensics,pf_061,61,multipleChoice,第[だい]61問[もん]：次[つぎ]の文[ぶん]の空所[くうしょ]（___）に入[はい]る最[もっと]も自然[しぜん]な助詞[じょし]を選[えら]びなさい。,Choose the particle that best fits the blank.,Schedule clarification.,Schedule clarification.,今日[きょう]___休[やす]みだけです。,Today I'm only off from work.,c,限定[げんてい]の「だけ」。,"Use に for destination, target, or the endpoint of an action.",particle_choice | topic_contrast,N3,3,助詞[じょし]「は」の選択[せんたく] | 意味[いみ]と述語[じゅつご]に合[あ]う格[かく]のマーク,は | が | を | に | で,draft,,normalized_2026_05,codex
particleForensics,pf_062,62,multipleChoice,第[だい]62問[もん]：文脈[ぶんみゃく]に合[あ]う助詞[じょし]を一[ひと]つ選[えら]びなさい。,Pick the most natural particle for this sentence.,Shopping.,Shopping.,百[ひゃく]円[えん]___買[か]えます。,You can buy it for a hundred yen.,d,価格[かかく]・限度[げんど]を示[しめ]す「で」。,Use で to mark the location or means of an action.,particle_choice | ni_de,N3,3,助詞[じょし]「で」の選択[せんたく] | 意味[いみ]と述語[じゅつご]に合[あ]う格[かく]のマーク,は | が | を | に | で,draft,,normalized_2026_05,codex
particleForensics,pf_063,63,multipleChoice,第[だい]63問[もん]：空欄[くうらん]（___）に入[はい]る助詞[じょし]として最[もっと]も適切[てきせつ]なものを選[えら]びなさい。,Select the most appropriate particle for the blank.,Dietary restriction.,Dietary restriction.,肉[にく]___食[た]べられません。,I can't eat meat.,d,「しか」は否定[ひてい]と組[く]み合[あ]わせて部分[ぶぶん]否定[ひてい]。,Use で to mark the location or means of an action.,particle_choice | topic_contrast,N3,3,助詞[じょし]「しか」の選択[せんたく] | 意味[いみ]と述語[じゅつご]に合[あ]う格[かく]のマーク,は | が | を | に | で,draft,,normalized_2026_05,codex
particleForensics,pf_064,64,multipleChoice,第[だい]64問[もん]：次[つぎ]の文[ぶん]で自然[しぜん]な助詞[じょし]を選[えら]んでください。,Choose the natural particle for the sentence.,Directions at the station.,Directions at the station.,大阪[おおさか]___駅[えき]は地下[ちか]です。,Osaka Station is underground.,c,地名[ちめい]が下位[かい]名詞[めいし]を修飾[しゅうしょく]する「の」。,"Use に for destination, target, or the endpoint of an action.",particle_choice | noun_modification,N3,3,助詞[じょし]「は」の選択[せんたく] | 意味[いみ]と述語[じゅつご]に合[あ]う格[かく]のマーク,は | が | を | に | で,draft,,normalized_2026_05,codex
particleForensics,pf_065,65,multipleChoice,第[だい]65問[もん]：意味[いみ]が通[とお]るように、空所[くうしょ]に入[はい]る助詞[じょし]を選[えら]びなさい。,Pick the particle that makes the sentence sound natural.,Student life.,Student life.,東京[とうきょう]___大学[だいがく]に通[かよ]っています。,I commute to university in Tokyo.,c,地名[ちめい]で学校名[がっこうめい]を修飾[しゅうしょく]する「の」。,"Use に for destination, target, or the endpoint of an action.",particle_choice | noun_modification,N3,3,助詞[じょし]「は」の選択[せんたく] | 意味[いみ]と述語[じゅつご]に合[あ]う格[かく]のマーク,は | が | を | に | で,draft,,normalized_2026_05,codex
particleForensics,pf_066,66,multipleChoice,第[だい]66問[もん]：次[つぎ]の文[ぶん]の空所[くうしょ]（___）に入[はい]る最[もっと]も自然[しぜん]な助詞[じょし]を選[えら]びなさい。,Choose the particle that best fits the blank.,Someone visits.,Someone visits.,友[とも]だち___田中[たなか]さんが来[き]ました。,My friend Tanaka came.,c,同格[どうかく]・補足[ほそく]説明[せつめい]に「の」。,"Use に for destination, target, or the endpoint of an action.",particle_choice | noun_modification,N3,3,助詞[じょし]「は」の選択[せんたく] | 意味[いみ]と述語[じゅつご]に合[あ]う格[かく]のマーク,は | が | を | に | で,draft,,normalized_2026_05,codex
particleForensics,pf_067,67,multipleChoice,第[だい]67問[もん]：文脈[ぶんみゃく]に合[あ]う助詞[じょし]を一[ひと]つ選[えら]びなさい。,Pick the most natural particle for this sentence.,Food at home.,Food at home.,母[はは]___ケーキは甘[あま]いです。,My mother's cakes are sweet.,d,人[ひと]と物[もの]の属性[ぞくせい]をつなぐ「の」。,Use で to mark the location or means of an action.,particle_choice | noun_modification,N3,3,助詞[じょし]「の」の選択[せんたく] | 意味[いみ]と述語[じゅつご]に合[あ]う格[かく]のマーク,は | が | を | に | で,draft,,normalized_2026_05,codex
particleForensics,pf_068,68,multipleChoice,第[だい]68問[もん]：空欄[くうらん]（___）に入[はい]る助詞[じょし]として最[もっと]も適切[てきせつ]なものを選[えら]びなさい。,Select the most appropriate particle for the blank.,Commute.,Commute.,電車[でんしゃ]___会社[かいしゃ]に行[い]きます。,I go to work by train.,c,交通手段[こうつうしゅだん]は「で」。,"Use に for destination, target, or the endpoint of an action.",particle_choice | ni_de,N3,3,助詞[じょし]「に」の選択[せんたく] | 意味[いみ]と述語[じゅつご]に合[あ]う格[かく]のマーク,は | が | を | に | で,draft,,normalized_2026_05,codex
particleForensics,pf_069,69,multipleChoice,第[だい]69問[もん]：次[つぎ]の文[ぶん]で自然[しぜん]な助詞[じょし]を選[えら]んでください。,Choose the natural particle for the sentence.,Mealtime.,Mealtime.,箸[はし]___ご飯[はん]を食[た]べます。,I eat rice with chopsticks.,d,道具[どうぐ]を使[つか]う手段[しゅだん]は「で」。,Use で to mark the location or means of an action.,particle_choice | ni_de,N3,3,助詞[じょし]「で」の選択[せんたく] | 意味[いみ]と述語[じゅつご]に合[あ]う格[かく]のマーク,は | が | を | に | で,draft,,normalized_2026_05,codex
particleForensics,pf_070,70,multipleChoice,第[だい]70問[もん]：意味[いみ]が通[とお]るように、空所[くうしょ]に入[はい]る助詞[じょし]を選[えら]びなさい。,Pick the particle that makes the sentence sound natural.,Post office.,Post office.,切手[きって]___手紙[てがみ]を出[だ]します。,I'll mail the letter (with a stamp).,c,付着[ふちゃく]・添付[てんぷ]の目標[もくひょう]は「に」。,"Use に for destination, target, or the endpoint of an action.",particle_choice | ni_de,N3,3,助詞[じょし]「に」の選択[せんたく] | 意味[いみ]と述語[じゅつご]に合[あ]う格[かく]のマーク,は | が | を | に | で,draft,,normalized_2026_05,codex
particleForensics,pf_071,71,multipleChoice,第[だい]71問[もん]：次[つぎ]の文[ぶん]の空所[くうしょ]（___）に入[はい]る最[もっと]も自然[しぜん]な助詞[じょし]を選[えら]びなさい。,Choose the particle that best fits the blank.,School.,School.,黒板[こくばん]___字[じ]を書[か]きます。,I'll write on the blackboard.,c,書[か]き込[こ]む面[めん]・表面[ひょうめん]は「に」。,"Use に for destination, target, or the endpoint of an action.",particle_choice | ni_de,N3-N2,4,助詞[じょし]「に」の選択[せんたく] | 意味[いみ]と述語[じゅつご]に合[あ]う格[かく]のマーク,は | が | を | に | で,draft,,normalized_2026_05,codex
particleForensics,pf_072,72,multipleChoice,第[だい]72問[もん]：文脈[ぶんみゃく]に合[あ]う助詞[じょし]を一[ひと]つ選[えら]びなさい。,Pick the most natural particle for this sentence.,Almost missed the bus.,Almost missed the bus.,急[いそ]い___バスに乗[の]りました。,"In a hurry, I caught the bus.",d,動[うご]きの様子[ようす]をつなぐ「で」。,Use で to mark the location or means of an action.,particle_choice | ni_de,N3-N2,4,助詞[じょし]「で」の選択[せんたく] | 意味[いみ]と述語[じゅつご]に合[あ]う格[かく]のマーク,は | が | を | に | で,draft,,normalized_2026_05,codex
particleForensics,pf_073,73,multipleChoice,第[だい]73問[もん]：空欄[くうらん]（___）に入[はい]る助詞[じょし]として最[もっと]も適切[てきせつ]なものを選[えら]びなさい。,Select the most appropriate particle for the blank.,School calendar.,School calendar.,明日[あす]___試験[しけん]があります。,There's an exam tomorrow.,c,日程[にってい]の点[てん]は「に」。,"Use に for destination, target, or the endpoint of an action.",particle_choice | ni_de,N3-N2,4,助詞[じょし]「に」の選択[せんたく] | 意味[いみ]と述語[じゅつご]に合[あ]う格[かく]のマーク,は | が | を | に | で,draft,,normalized_2026_05,codex
particleForensics,pf_074,74,multipleChoice,第[だい]74問[もん]：次[つぎ]の文[ぶん]で自然[しぜん]な助詞[じょし]を選[えら]んでください。,Choose the natural particle for the sentence.,Studying.,Studying.,この問題[もんだい]___わかりません。,I don't understand this problem.,c,理解[りかい]・可能[かのう]の対象[たいしょう]を示[しめ]す「が」。,"Use に for destination, target, or the endpoint of an action.",particle_choice | wa_ga | potential_form,N3-N2,4,助詞[じょし]「は」の選択[せんたく] | 意味[いみ]と述語[じゅつご]に合[あ]う格[かく]のマーク,は | が | を | に | で,draft,,normalized_2026_05,codex
particleForensics,pf_075,75,multipleChoice,第[だい]75問[もん]：意味[いみ]が通[とお]るように、空所[くうしょ]に入[はい]る助詞[じょし]を選[えら]びなさい。,Pick the particle that makes the sentence sound natural.,Shopping problem.,Shopping problem.,お金[かね]___足[た]りません。,I don't have enough money.,b,不足[ふそく]・必要[ひつよう]の主語[しゅご]は「が」。,Use が to mark the subject being identified or asserted.,particle_choice | wa_ga,N3-N2,4,助詞[じょし]「が」の選択[せんたく] | 意味[いみ]と述語[じゅつご]に合[あ]う格[かく]のマーク,は | が | を | に | で,draft,,normalized_2026_05,codex
particleForensics,pf_076,76,multipleChoice,第[だい]76問[もん]：次[つぎ]の文[ぶん]の空所[くうしょ]（___）に入[はい]る最[もっと]も自然[しぜん]な助詞[じょし]を選[えら]びなさい。,Choose the particle that best fits the blank.,Housing search.,Housing search.,駅[えき]___近[ちか]いです。,It's close to the station.,c,距離[きょり]判断[はんだん]の基準[きじゅん]を話題[わだい]にする「は」。,"Use に for destination, target, or the endpoint of an action.",particle_choice | wa_ga | topic_contrast,N3-N2,4,助詞[じょし]「は」の選択[せんたく] | 意味[いみ]と述語[じゅつご]に合[あ]う格[かく]のマーク,は | が | を | に | で,draft,,normalized_2026_05,codex
particleForensics,pf_077,77,multipleChoice,第[だい]77問[もん]：文脈[ぶんみゃく]に合[あ]う助詞[じょし]を一[ひと]つ選[えら]びなさい。,Pick the most natural particle for this sentence.,Preference.,Preference.,私[わたくし]___コーヒーは飲[の]みません。,I don't drink coffee.,c,対比[たいひ]のため主語[しゅご]と対象[たいしょう]に「は」を分[わ]ける型[かた]。,"Use に for destination, target, or the endpoint of an action.",particle_choice | wa_ga | topic_contrast,N3-N2,4,助詞[じょし]「は」の選択[せんたく] | 意味[いみ]と述語[じゅつご]に合[あ]う格[かく]のマーク,は | が | を | に | で,draft,,normalized_2026_05,codex
particleForensics,pf_078,78,multipleChoice,第[だい]78問[もん]：空欄[くうらん]（___）に入[はい]る助詞[じょし]として最[もっと]も適切[てきせつ]なものを選[えら]びなさい。,Select the most appropriate particle for the blank.,Seasons.,Seasons.,夏[なつ]___冬[ふゆ]より暑[あつ]いです。,Summer is hotter than winter.,c,比較[ひかく]のテーマを「は」で提示[ていじ]。,"Use に for destination, target, or the endpoint of an action.",particle_choice | wa_ga | topic_contrast,N3-N2,4,助詞[じょし]「は」の選択[せんたく] | 意味[いみ]と述語[じゅつご]に合[あ]う格[かく]のマーク,は | が | を | に | で,draft,,normalized_2026_05,codex
particleForensics,pf_079,79,multipleChoice,第[だい]79問[もん]：次[つぎ]の文[ぶん]で自然[しぜん]な助詞[じょし]を選[えら]んでください。,Choose the natural particle for the sentence.,Travel / museum.,Travel / museum.,ここ___写真[しゃしん]を撮[と]ってもいいですか。,May I take pictures here?,d,許可[きょか]を求[もと]める場所[ばしょ]は「で」。,Use で to mark the location or means of an action.,particle_choice | ni_de,N3-N2,4,助詞[じょし]「で」の選択[せんたく] | 意味[いみ]と述語[じゅつご]に合[あ]う格[かく]のマーク,は | が | を | に | で,draft,,normalized_2026_05,codex
particleForensics,pf_080,80,multipleChoice,第[だい]80問[もん]：意味[いみ]が通[とお]るように、空所[くうしょ]に入[はい]る助詞[じょし]を選[えら]びなさい。,Pick the particle that makes the sentence sound natural.,Pointing something out.,Pointing something out.,あの建物[たてもの]___病院[びょういん]です。,That building is a hospital.,c,指示詞[しじし]の対象[たいしょう]を話題[わだい]にする「は」。,"Use に for destination, target, or the endpoint of an action.",particle_choice | wa_ga | topic_contrast,N3-N2,4,助詞[じょし]「は」の選択[せんたく] | 意味[いみ]と述語[じゅつご]に合[あ]う格[かく]のマーク,は | が | を | に | で,draft,,normalized_2026_05,codex
particleForensics,pf_081,81,multipleChoice,第[だい]81問[もん]：次[つぎ]の文[ぶん]の空所[くうしょ]（___）に入[はい]る最[もっと]も自然[しぜん]な助詞[じょし]を選[えら]びなさい。,Choose the particle that best fits the blank.,Habit.,Habit.,休[やす]みの日[ひ]___よく散歩[さんぽ]します。,On days off I often take walks.,c,時間帯[じかんたい]を話題[わだい]にする「は」。,"Use に for destination, target, or the endpoint of an action.",particle_choice | wa_ga | topic_contrast,N3-N2,4,助詞[じょし]「は」の選択[せんたく] | 意味[いみ]と述語[じゅつご]に合[あ]う格[かく]のマーク,は | が | を | に | で,draft,,normalized_2026_05,codex
particleForensics,pf_082,82,multipleChoice,第[だい]82問[もん]：文脈[ぶんみゃく]に合[あ]う助詞[じょし]を一[ひと]つ選[えら]びなさい。,Pick the most natural particle for this sentence.,Talent.,Talent.,彼女[かのじょ]___歌[うた]が上手[じょうず]です。,She's good at singing.,c,人物[じんぶつ]を話題[わだい]にして技能[ぎのう]を述[の]べる「は」。,"Use に for destination, target, or the endpoint of an action.",particle_choice | wa_ga | topic_contrast,N3-N2,4,助詞[じょし]「は」の選択[せんたく] | 意味[いみ]と述語[じゅつご]に合[あ]う格[かく]のマーク,は | が | を | に | で,draft,,normalized_2026_05,codex
particleForensics,pf_083,83,multipleChoice,第[だい]83問[もん]：空欄[くうらん]（___）に入[はい]る助詞[じょし]として最[もっと]も適切[てきせつ]なものを選[えら]びなさい。,Select the most appropriate particle for the blank.,Trouble while traveling.,Trouble while traveling.,電車[でんしゃ]___遅[おく]れました。,The train was late.,b,事態[じたい]・出来事[できごと]の主語[しゅご]に「が」。,Use が to mark the subject being identified or asserted.,particle_choice | wa_ga,N3-N2,4,助詞[じょし]「が」の選択[せんたく] | 意味[いみ]と述語[じゅつご]に合[あ]う格[かく]のマーク,は | が | を | に | で,draft,,normalized_2026_05,codex
particleForensics,pf_084,84,multipleChoice,第[だい]84問[もん]：次[つぎ]の文[ぶん]で自然[しぜん]な助詞[じょし]を選[えら]んでください。,Choose the natural particle for the sentence.,After-school activity.,After-school activity.,海[うみ]___すいえいを習[なら]います。,I'm learning to swim at the beach.,d,水辺[みずべ]の区域[くいき]で行[おこな]う活動[かつどう]の場所[ばしょ]は「で」。,Use で to mark the location or means of an action.,particle_choice | ni_de,N3-N2,4,助詞[じょし]「で」の選択[せんたく] | 意味[いみ]と述語[じゅつご]に合[あ]う格[かく]のマーク,は | が | を | に | で,draft,,normalized_2026_05,codex
particleForensics,pf_085,85,multipleChoice,第[だい]85問[もん]：意味[いみ]が通[とお]るように、空所[くうしょ]に入[はい]る助詞[じょし]を選[えら]びなさい。,Pick the particle that makes the sentence sound natural.,After school.,After school.,喫茶店[きっさてん]___友[とも]だちを待[ま]ちます。,I'll wait for my friend at the café.,d,待[ま]ち合[あ]わせの場所[ばしょ]の中[なか]で行[おこな]う待[ま]ちは「で」。,Use で to mark the location or means of an action.,particle_choice | ni_de,N3-N2,4,助詞[じょし]「で」の選択[せんたく] | 意味[いみ]と述語[じゅつご]に合[あ]う格[かく]のマーク,は | が | を | に | で,draft,,normalized_2026_05,codex
particleForensics,pf_086,86,multipleChoice,第[だい]86問[もん]：次[つぎ]の文[ぶん]の空所[くうしょ]（___）に入[はい]る最[もっと]も自然[しぜん]な助詞[じょし]を選[えら]びなさい。,Choose the particle that best fits the blank.,Plan.,Plan.,週末[しゅうまつ]___出[で]かけます。,I'll go out on the weekend.,c,習慣[しゅうかん]的[てき]な時間帯[じかんたい]を話題[わだい]にする「は」。,"Use に for destination, target, or the endpoint of an action.",particle_choice | wa_ga | topic_contrast,N3-N2,5,助詞[じょし]「は」の選択[せんたく] | 意味[いみ]と述語[じゅつご]に合[あ]う格[かく]のマーク,は | が | を | に | で,draft,,normalized_2026_05,codex
particleForensics,pf_087,87,multipleChoice,第[だい]87問[もん]：文脈[ぶんみゃく]に合[あ]う助詞[じょし]を一[ひと]つ選[えら]びなさい。,Pick the most natural particle for this sentence.,Restaurant news.,Restaurant news.,新[あたら]しい店[みせ]___すしが安[やす]いです。,"At the new shop, sushi is cheap.",c,店[みせ]を話題[わだい]にして中身[なかみ]を述[の]べる「は」。,"Use に for destination, target, or the endpoint of an action.",particle_choice | wa_ga | topic_contrast,N3-N2,5,助詞[じょし]「は」の選択[せんたく] | 意味[いみ]と述語[じゅつご]に合[あ]う格[かく]のマーク,は | が | を | に | で,draft,,normalized_2026_05,codex
particleForensics,pf_088,88,multipleChoice,第[だい]88問[もん]：空欄[くうらん]（___）に入[はい]る助詞[じょし]として最[もっと]も適切[てきせつ]なものを選[えら]びなさい。,Select the most appropriate particle for the blank.,Resting while walking.,Resting while walking.,公園[こうえん]のベンチ___座[すわ]ります。,I'll sit on a bench in the park.,c,着座[ちゃくざ]の目標[もくひょう]点[てん]は「に」。,"Use に for destination, target, or the endpoint of an action.",particle_choice | ni_de,N3-N2,5,助詞[じょし]「に」の選択[せんたく] | 意味[いみ]と述語[じゅつご]に合[あ]う格[かく]のマーク,は | が | を | に | で,draft,,normalized_2026_05,codex
particleForensics,pf_089,89,multipleChoice,第[だい]89問[もん]：次[つぎ]の文[ぶん]で自然[しぜん]な助詞[じょし]を選[えら]んでください。,Choose the natural particle for the sentence.,Post / form.,Post / form.,封筒[ふうとう]___住所[じゅうしょ]を書[か]きます。,I'll write the address on the envelope.,c,文字[もじ]を載[の]せる面[めん]は「に」。,"Use に for destination, target, or the endpoint of an action.",particle_choice | ni_de,N3-N2,5,助詞[じょし]「に」の選択[せんたく] | 意味[いみ]と述語[じゅつご]に合[あ]う格[かく]のマーク,は | が | を | に | で,draft,,normalized_2026_05,codex
particleForensics,pf_090,90,multipleChoice,第[だい]90問[もん]：意味[いみ]が通[とお]るように、空所[くうしょ]に入[はい]る助詞[じょし]を選[えら]びなさい。,Pick the particle that makes the sentence sound natural.,Traffic light.,Traffic light.,信号[しんごう]___青[あお]です。,The light is green.,b,表示[ひょうじ]・状態[じょうたい]の主語[しゅご]は「が」。,Use が to mark the subject being identified or asserted.,particle_choice | wa_ga,N3-N2,5,助詞[じょし]「が」の選択[せんたく] | 意味[いみ]と述語[じゅつご]に合[あ]う格[かく]のマーク,は | が | を | に | で,draft,,normalized_2026_05,codex
particleForensics,pf_091,91,multipleChoice,第[だい]91問[もん]：次[つぎ]の文[ぶん]の空所[くうしょ]（___）に入[はい]る最[もっと]も自然[しぜん]な助詞[じょし]を選[えら]びなさい。,Choose the particle that best fits the blank.,Saying goodbye.,Saying goodbye.,友[とも]だち___「またね」と手[て]を振[ふ]りました。,"My friend waved and said, ""See you.""",c,言[い]った内容[ないよう]を引用[いんよう]する「と」。,"Use に for destination, target, or the endpoint of an action.",particle_choice | dialogue_context,N3-N2,5,助詞[じょし]「と」の選択[せんたく] | 意味[いみ]と述語[じゅつご]に合[あ]う格[かく]のマーク,は | が | を | に | で,draft,,normalized_2026_05,codex
particleForensics,pf_092,92,multipleChoice,第[だい]92問[もん]：文脈[ぶんみゃく]に合[あ]う助詞[じょし]を一[ひと]つ選[えら]びなさい。,Pick the most natural particle for this sentence.,Leaving home.,Leaving home.,家[いえ]___出[で]ます。,I'll leave home.,a,移動[いどう]の出発[しゅっぱつ]をまたぐ「を」。,Use を to mark the direct object of the verb.,particle_choice | wo_ga,N3-N2,5,助詞[じょし]「を」の選択[せんたく] | 意味[いみ]と述語[じゅつご]に合[あ]う格[かく]のマーク,は | が | を | に | で,draft,,normalized_2026_05,codex
particleForensics,pf_093,93,multipleChoice,第[だい]93問[もん]：空欄[くうらん]（___）に入[はい]る助詞[じょし]として最[もっと]も適切[てきせつ]なものを選[えら]びなさい。,Select the most appropriate particle for the blank.,Phone / reception.,Phone / reception.,こちら___田中[たなか]です。,This is Tanaka speaking.,c,電話[でんわ]や受付[うけつけ]で自分[じぶん]側[がわ]を示[しめ]す「こちらは」。,"Use に for destination, target, or the endpoint of an action.",particle_choice | wa_ga | topic_contrast,N3-N2,5,助詞[じょし]「は」の選択[せんたく] | 意味[いみ]と述語[じゅつご]に合[あ]う格[かく]のマーク,は | が | を | に | で,draft,,normalized_2026_05,codex
particleForensics,pf_094,94,multipleChoice,第[だい]94問[もん]：次[つぎ]の文[ぶん]で自然[しぜん]な助詞[じょし]を選[えら]んでください。,Choose the natural particle for the sentence.,International flight.,International flight.,空港[くうこう]___上海[しゃんはい]へ飛[と]びます。,I'll fly from the airport to Shanghai.,c,出発地[しゅっぱつち]を示[しめ]す「から」。,"Use に for destination, target, or the endpoint of an action.",particle_choice | topic_contrast,N3-N2,5,助詞[じょし]「から」の選択[せんたく] | 意味[いみ]と述語[じゅつご]に合[あ]う格[かく]のマーク,は | が | を | に | で,draft,,normalized_2026_05,codex
particleForensics,pf_095,95,multipleChoice,第[だい]95問[もん]：意味[いみ]が通[とお]るように、空所[くうしょ]に入[はい]る助詞[じょし]を選[えら]びなさい。,Pick the particle that makes the sentence sound natural.,Coming home.,Coming home.,夕方[ゆうがた]___かえってきます。,I'll be back in the evening.,c,一[いち]日[にち]の区分[くぶん]を話題[わだい]にする「は」。,"Use に for destination, target, or the endpoint of an action.",particle_choice | wa_ga | topic_contrast,N3-N2,5,助詞[じょし]「は」の選択[せんたく] | 意味[いみ]と述語[じゅつご]に合[あ]う格[かく]のマーク,は | が | を | に | で,draft,,normalized_2026_05,codex
particleForensics,pf_096,96,multipleChoice,第[だい]96問[もん]：次[つぎ]の文[ぶん]の空所[くうしょ]（___）に入[はい]る最[もっと]も自然[しぜん]な助詞[じょし]を選[えら]びなさい。,Choose the particle that best fits the blank.,Exam week.,Exam week.,試験[しけん]___終[お]わってから、遊[あそ]びます。,After the exam I'll hang out.,b,出来事[できごと]の主語[しゅご]に「が」。「～が終[お]わってから」の型[かた]。,Use が to mark the subject being identified or asserted.,particle_choice | topic_contrast | wa_ga,N3-N2,5,助詞[じょし]「が」の選択[せんたく] | 意味[いみ]と述語[じゅつご]に合[あ]う格[かく]のマーク,は | が | を | に | で,draft,,normalized_2026_05,codex
particleForensics,pf_097,97,multipleChoice,第[だい]97問[もん]：文脈[ぶんみゃく]に合[あ]う助詞[じょし]を一[ひと]つ選[えら]びなさい。,Pick the most natural particle for this sentence.,Weekend.,Weekend.,映画館[えいがかん]___映画[えいが]を見[み]ました。,I saw a movie at the cinema.,d,施設内[しせつない]で行[おこな]う見[み]る・観[み]るは「で」。,Use で to mark the location or means of an action.,particle_choice | ni_de,N3-N2,5,助詞[じょし]「で」の選択[せんたく] | 意味[いみ]と述語[じゅつご]に合[あ]う格[かく]のマーク,は | が | を | に | で,draft,,normalized_2026_05,codex
particleForensics,pf_098,98,multipleChoice,第[だい]98問[もん]：空欄[くうらん]（___）に入[はい]る助詞[じょし]として最[もっと]も適切[てきせつ]なものを選[えら]びなさい。,Select the most appropriate particle for the blank.,Family update.,Family update.,お兄[にい]さん___留学[りゅうがく]しています。,My older brother is studying abroad.,c,家族[かぞく]の近況[きんきょう]を話題[わだい]にする「は」。,"Use に for destination, target, or the endpoint of an action.",particle_choice | wa_ga | topic_contrast,N3-N2,5,助詞[じょし]「は」の選択[せんたく] | 意味[いみ]と述語[じゅつご]に合[あ]う格[かく]のマーク,は | が | を | に | で,draft,,normalized_2026_05,codex
particleForensics,pf_099,99,multipleChoice,第[だい]99問[もん]：次[つぎ]の文[ぶん]で自然[しぜん]な助詞[じょし]を選[えら]んでください。,Choose the natural particle for the sentence.,Local history.,Local history.,この町[まち]___昔[むかし]はにぎやかでした。,This town used to be lively.,c,対象[たいしょう]を話題[わだい]にし過去[かこ]と対比[たいひ]する「は」。,"Use に for destination, target, or the endpoint of an action.",particle_choice | wa_ga | topic_contrast,N3-N2,5,助詞[じょし]「は」の選択[せんたく] | 意味[いみ]と述語[じゅつご]に合[あ]う格[かく]のマーク,は | が | を | に | で,draft,,normalized_2026_05,codex
particleForensics,pf_100,100,multipleChoice,第[だい]100問[もん]：意味[いみ]が通[とお]るように、空所[くうしょ]に入[はい]る助詞[じょし]を選[えら]びなさい。,Pick the particle that makes the sentence sound natural.,Directions.,Directions.,バス停[てい]___ここからです。,The bus stop is here.,c,目印[めじるし]を話題[わだい]にして基準[きじゅん]を説明[せつめい]する「は」。,"Use に for destination, target, or the endpoint of an action.",particle_choice | wa_ga | topic_contrast,N3-N2,5,助詞[じょし]「は」の選択[せんたく] | 意味[いみ]と述語[じゅつご]に合[あ]う格[かく]のマーク,は | が | を | に | で,draft,,normalized_2026_05,codex
registerRadar,rr_001,1,multipleChoice,第[だい]1問[もん]：場面[ばめん]に合[あ]う表現[ひょうげん]を選[えら]びなさい。,Choose the expression that best matches the situation.,取引先[とりひきさき]に宛[あ]てたビジネスメールの文末[ぶんまつ]の一[いち]文[ぶん]として送[おく]る。,Choose the best expression for this situation.,取引先[とりひきさき]に宛[あ]てたビジネスメールの文末[ぶんまつ]の一[いち]文[ぶん]として送[おく]る。 次[つぎ]の中[なか]で最[もっと]も適切[てきせつ]な表現[ひょうげん]はどれか。,Which option sounds most appropriate in this context?,b,対外的[たいがいてき]なメールの締[し]めは書[か]き言葉[ことば]の敬語[けいご]が無難[ぶなん]。「よろしく」だけでは軽[かる]すぎます。,This option best matches the required level of politeness and register for the situation.,register | keigo | politeness,N3,1,場面[ばめん]に合[あ]う文体[ぶんたい]・敬[けい]さ | 社会的距離[しゃかいてききょり]と表現[ひょうげん]の選択[せんたく],敬語[けいご] | 丁寧[ていねい]語[ご] | 普通[ふつう]体[たい] | 依頼[いらい],draft,,normalized_2026_05,codex
registerRadar,rr_002,2,multipleChoice,第[だい]2問[もん]：状況[じょうきょう]に最[もっと]も適切[てきせつ]な言[い]い方[かた]を選[えら]びなさい。,Pick the wording that is most appropriate for this context.,親[した]しい友人[ゆうじん]に、週末[しゅうまつ]の過[す]ごし方[かた]をたずねる。,Choose the best expression for this situation.,親[した]しい友人[ゆうじん]に、週末[しゅうまつ]の過[す]ごし方[かた]をたずねる。 次[つぎ]の中[なか]で最[もっと]も適切[てきせつ]な表現[ひょうげん]はどれか。,Which option sounds most appropriate in this context?,b,対等[たいとう]な友人[ゆうじん]には普通[ふつう]体[たい]・くだけた言[い]い方[かた]が自然[しぜん]です。敬語[けいご]だけだと距離[きょり]を感[かん]じます。,This option best matches the required level of politeness and register for the situation.,casual_speech | directness | register,N3,1,場面[ばめん]に合[あ]う文体[ぶんたい]・敬[けい]さ | 社会的距離[しゃかいてききょり]と表現[ひょうげん]の選択[せんたく],敬語[けいご] | 丁寧[ていねい]語[ご] | 普通[ふつう]体[たい] | 依頼[いらい],draft,,normalized_2026_05,codex
registerRadar,rr_003,3,multipleChoice,第[だい]3問[もん]：この場面[ばめん]で自然[しぜん]な表現[ひょうげん]を選[えら]びなさい。,Select the most natural expression for this scene.,店員[てんいん]に商品[しょうひん]の値段[ねだん]を聞[き]く。,Choose the best expression for this situation.,店員[てんいん]に商品[しょうひん]の値段[ねだん]を聞[き]く。 次[つぎ]の中[なか]で最[もっと]も適切[てきせつ]な表現[ひょうげん]はどれか。,Which option sounds most appropriate in this context?,b,接客[せっきゃく]場面[ばめん]では「でしょうか」などで柔[やわ]らかく聞[き]くと無難[ぶなん]です。,This option best matches the required level of politeness and register for the situation.,politeness | register | directness,N3,1,場面[ばめん]に合[あ]う文体[ぶんたい]・敬[けい]さ | 社会的距離[しゃかいてききょり]と表現[ひょうげん]の選択[せんたく],敬語[けいご] | 丁寧[ていねい]語[ご] | 普通[ふつう]体[たい] | 依頼[いらい],draft,,normalized_2026_05,codex
registerRadar,rr_004,4,multipleChoice,第[だい]4問[もん]：社会的距離[しゃかいてききょり]に合[あ]う表現[ひょうげん]を選[えら]びなさい。,Choose the expression that matches the social distance.,授業[じゅぎょう]中[ちゅう]、教授[きょうじゅ]が学生[がくせい]に短[みじか]い文章[ぶんしょう]を声[こえ]に出[だ]して読[よ]んでもらう。,Choose the best expression for this situation.,授業[じゅぎょう]中[ちゅう]、教授[きょうじゅ]が学生[がくせい]に短[みじか]い文章[ぶんしょう]を声[こえ]に出[だ]して読[よ]んでもらう。 次[つぎ]の中[なか]で最[もっと]も適切[てきせつ]な表現[ひょうげん]はどれか。,Which option sounds most appropriate in this context?,a,教師[きょうし]→学生[がくせい]の指示[しじ]は「〜てください」が標準[ひょうじゅん]です。謙譲[けんじょう]まわりはここでは過剰[かじょう]です。,This option best matches the required level of politeness and register for the situation.,register | politeness | directness,N3,1,場面[ばめん]に合[あ]う文体[ぶんたい]・敬[けい]さ | 社会的距離[しゃかいてききょり]と表現[ひょうげん]の選択[せんたく],敬語[けいご] | 丁寧[ていねい]語[ご] | 普通[ふつう]体[たい] | 依頼[いらい],draft,,normalized_2026_05,codex
registerRadar,rr_005,5,multipleChoice,第[だい]5問[もん]：文脈[ぶんみゃく]に合[あ]う文体[ぶんたい]を選[えら]びなさい。,Pick the register that best fits the context.,ニュース記事[きじ]の本文[ほんぶん]で、事件[じけん]が起[お]きたことを述[の]べる。,Choose the best expression for this situation.,ニュース記事[きじ]の本文[ほんぶん]で、事件[じけん]が起[お]きたことを述[の]べる。 次[つぎ]の中[なか]で最[もっと]も適切[てきせつ]な表現[ひょうげん]はどれか。,Which option sounds most appropriate in this context?,b,報道[ほうどう]の書[か]き言葉[ことば]では「発生[はっせい]した」のような平面[へいめん]な動詞[どうし]が中心[ちゅうしん]になります。,This option best matches the required level of politeness and register for the situation.,register | politeness,N3,1,場面[ばめん]に合[あ]う文体[ぶんたい]・敬[けい]さ | 社会的距離[しゃかいてききょり]と表現[ひょうげん]の選択[せんたく],敬語[けいご] | 丁寧[ていねい]語[ご] | 普通[ふつう]体[たい] | 依頼[いらい],draft,,normalized_2026_05,codex
registerRadar,rr_006,6,multipleChoice,第[だい]6問[もん]：場面[ばめん]に合[あ]う表現[ひょうげん]を選[えら]びなさい。,Choose the expression that best matches the situation.,チームの定例会[ていれいかい]に数[すう]分[ふん]遅[おく]れて入[はい]り、すでに集[あつ]まっている同僚[どうりょう]に一言[いちげん]あいさつする。,Choose the best expression for this situation.,チームの定例会[ていれいかい]に数[すう]分[ふん]遅[おく]れて入[はい]り、すでに集[あつ]まっている同僚[どうりょう]に一言[いちげん]あいさつする。 次[つぎ]の中[なか]で最[もっと]も適切[てきせつ]な表現[ひょうげん]はどれか。,Which option sounds most appropriate in this context?,a,同僚[どうりょう]への遅刻[ちこく]の一言[ひとこと]は「遅[おく]れてすみません」が無難[ぶなん]です。「お待[ま]たせ」は向[む]きが違[ちが]うことが多[おお]いです。,This option best matches the required level of politeness and register for the situation.,register | politeness | directness,N3,1,場面[ばめん]に合[あ]う文体[ぶんたい]・敬[けい]さ | 社会的距離[しゃかいてききょり]と表現[ひょうげん]の選択[せんたく],敬語[けいご] | 丁寧[ていねい]語[ご] | 普通[ふつう]体[たい] | 依頼[いらい],draft,,normalized_2026_05,codex
registerRadar,rr_007,7,multipleChoice,第[だい]7問[もん]：状況[じょうきょう]に最[もっと]も適切[てきせつ]な言[い]い方[かた]を選[えら]びなさい。,Pick the wording that is most appropriate for this context.,部下[ぶか]が口頭[こうとう]で、課長[かちょう]に依頼[いらい]された作業[さぎょう]が完了[かんりょう]したことを報告[ほうこく]する。,Choose the best expression for this situation.,部下[ぶか]が口頭[こうとう]で、課長[かちょう]に依頼[いらい]された作業[さぎょう]が完了[かんりょう]したことを報告[ほうこく]する。 次[つぎ]の中[なか]で最[もっと]も適切[てきせつ]な表現[ひょうげん]はどれか。,Which option sounds most appropriate in this context?,c,上司[じょうし]への完了[かんりょう]報告[ほうこく]では謙譲[けんじょう]の「〜させていただく」が無難[ぶなん]です。感情的[かんじょうてき]なくだけ表現[ひょうげん]は不適切[ふてきせつ]です。,This option best matches the required level of politeness and register for the situation.,keigo | register | politeness,N3,1,場面[ばめん]に合[あ]う文体[ぶんたい]・敬[けい]さ | 社会的距離[しゃかいてききょり]と表現[ひょうげん]の選択[せんたく],敬語[けいご] | 丁寧[ていねい]語[ご] | 普通[ふつう]体[たい] | 依頼[いらい],draft,,normalized_2026_05,codex
registerRadar,rr_008,8,multipleChoice,第[だい]8問[もん]：この場面[ばめん]で自然[しぜん]な表現[ひょうげん]を選[えら]びなさい。,Select the most natural expression for this scene.,あまり面識[めんしき]のない近所[きんじょ]の人[ひと]に、夜[よる]のテレビの音量[おんりょう]を下[さ]げてほしいと頼[たの]む。,Choose the best expression for this situation.,あまり面識[めんしき]のない近所[きんじょ]の人[ひと]に、夜[よる]のテレビの音量[おんりょう]を下[さ]げてほしいと頼[たの]む。 次[つぎ]の中[なか]で最[もっと]も適切[てきせつ]な表現[ひょうげん]はどれか。,Which option sounds most appropriate in this context?,b,面識[めんしき]が浅[あさ]い相手[あいて]には「〜していただけませんか」のように依頼[いらい]を柔[やわ]らかくします。,This option best matches the required level of politeness and register for the situation.,politeness | register | directness,N3,1,場面[ばめん]に合[あ]う文体[ぶんたい]・敬[けい]さ | 社会的距離[しゃかいてききょり]と表現[ひょうげん]の選択[せんたく],敬語[けいご] | 丁寧[ていねい]語[ご] | 普通[ふつう]体[たい] | 依頼[いらい],draft,,normalized_2026_05,codex
registerRadar,rr_009,9,multipleChoice,第[だい]9問[もん]：社会的距離[しゃかいてききょり]に合[あ]う表現[ひょうげん]を選[えら]びなさい。,Choose the expression that matches the social distance.,毎日[まいにち]一緒[いっしょ]に仕事[しごと]をしている同僚[どうりょう]へ、社内[しゃない]チャットで資料[しりょう]送付[そうふ]を依頼[いらい]する。,Choose the best expression for this situation.,毎日[まいにち]一緒[いっしょ]に仕事[しごと]をしている同僚[どうりょう]へ、社内[しゃない]チャットで資料[しりょう]送付[そうふ]を依頼[いらい]する。 次[つぎ]の中[なか]で最[もっと]も適切[てきせつ]な表現[ひょうげん]はどれか。,Which option sounds most appropriate in this context?,b,社内[しゃない]の近[ちか]い同僚[どうりょう]とは短[みじか]いタメ口[ぐち]・普通[ふつう]体[たい]が一般的[いっぱんてき]です。過剰[かじょう]な敬語[けいご]は距離[きょり]を感[かん]じさせます。,This option best matches the required level of politeness and register for the situation.,casual_speech | register | directness,N3,1,場面[ばめん]に合[あ]う文体[ぶんたい]・敬[けい]さ | 社会的距離[しゃかいてききょり]と表現[ひょうげん]の選択[せんたく],敬語[けいご] | 丁寧[ていねい]語[ご] | 普通[ふつう]体[たい] | 依頼[いらい],draft,,normalized_2026_05,codex
registerRadar,rr_010,10,multipleChoice,第[だい]10問[もん]：文脈[ぶんみゃく]に合[あ]う文体[ぶんたい]を選[えら]びなさい。,Pick the register that best fits the context.,会社[かいしゃ]の代表[だいひょう]電話[でんわ]に出[で]て、社名[しゃめい]を名乗[なの]る。,Choose the best expression for this situation.,会社[かいしゃ]の代表[だいひょう]電話[でんわ]に出[で]て、社名[しゃめい]を名乗[なの]る。 次[つぎ]の中[なか]で最[もっと]も適切[てきせつ]な表現[ひょうげん]はどれか。,Which option sounds most appropriate in this context?,b,会社[かいしゃ]への入電[にゅうでん]ではお礼[れい]＋社名[しゃめい]＋「でございます」がよく使[つか]われます。,This option best matches the required level of politeness and register for the situation.,keigo | register | politeness,N3,1,場面[ばめん]に合[あ]う文体[ぶんたい]・敬[けい]さ | 社会的距離[しゃかいてききょり]と表現[ひょうげん]の選択[せんたく],敬語[けいご] | 丁寧[ていねい]語[ご] | 普通[ふつう]体[たい] | 依頼[いらい],draft,,normalized_2026_05,codex
registerRadar,rr_011,11,multipleChoice,第[だい]11問[もん]：場面[ばめん]に合[あ]う表現[ひょうげん]を選[えら]びなさい。,Choose the expression that best matches the situation.,駅[えき]のホームに貼[は]る、飛[と]び込[こ]み防止[ぼうし]の注意書[ちゅういが]きの一[いち]文[ぶん]。,Choose the best expression for this situation.,駅[えき]のホームに貼[は]る、飛[と]び込[こ]み防止[ぼうし]の注意書[ちゅういが]きの一[いち]文[ぶん]。 次[つぎ]の中[なか]で最[もっと]も適切[てきせつ]な表現[ひょうげん]はどれか。,Which option sounds most appropriate in this context?,b,公共[こうきょう]の注意書[ちゅういが]きは「〜ないでください」のような丁寧[ていねい]な否定[ひてい]が一般的[いっぱんてき]です。,This option best matches the required level of politeness and register for the situation.,register | politeness | directness,N3,1,場面[ばめん]に合[あ]う文体[ぶんたい]・敬[けい]さ | 社会的距離[しゃかいてききょり]と表現[ひょうげん]の選択[せんたく],敬語[けいご] | 丁寧[ていねい]語[ご] | 普通[ふつう]体[たい] | 依頼[いらい],draft,,normalized_2026_05,codex
registerRadar,rr_012,12,multipleChoice,第[だい]12問[もん]：状況[じょうきょう]に最[もっと]も適切[てきせつ]な言[い]い方[かた]を選[えら]びなさい。,Pick the wording that is most appropriate for this context.,若手[わかて]同僚[どうりょう]同士[どうし]で、会議[かいぎ]のあと雑談[ざつだん]しながら感想[かんそう]を言[ゆ]う。,Choose the best expression for this situation.,若手[わかて]同僚[どうりょう]同士[どうし]で、会議[かいぎ]のあと雑談[ざつだん]しながら感想[かんそう]を言[ゆ]う。 次[つぎ]の中[なか]で最[もっと]も適切[てきせつ]な表現[ひょうげん]はどれか。,Which option sounds most appropriate in this context?,b,対等[たいとう]な同僚[どうりょう]同士[どうし]の感想[かんそう]ではくだけた普通[ふつう]体[たい]が自然[しぜん]です。取引先[とりひきさき]向[む]けの硬[かた]い言[い]い回[まわ]しは浮[う]きます。,This option best matches the required level of politeness and register for the situation.,casual_speech | register | directness,N3,1,場面[ばめん]に合[あ]う文体[ぶんたい]・敬[けい]さ | 社会的距離[しゃかいてききょり]と表現[ひょうげん]の選択[せんたく],敬語[けいご] | 丁寧[ていねい]語[ご] | 普通[ふつう]体[たい] | 依頼[いらい],draft,,normalized_2026_05,codex
registerRadar,rr_013,13,multipleChoice,第[だい]13問[もん]：この場面[ばめん]で自然[しぜん]な表現[ひょうげん]を選[えら]びなさい。,Select the most natural expression for this scene.,クリニックで医師[いし]に、腹痛[はらいた]があることを伝[つた]える。,Choose the best expression for this situation.,クリニックで医師[いし]に、腹痛[はらいた]があることを伝[つた]える。 次[つぎ]の中[なか]で最[もっと]も適切[てきせつ]な表現[ひょうげん]はどれか。,Which option sounds most appropriate in this context?,b,診察[しんさつ]では「です・ます」で丁寧[ていねい]に述[の]べるのが無難[ぶなん]です。友[とも]だち同士[どうし]のくだけ方[かた]は場[ば]が違[ちが]うと軽[かる]く聞[き]こえます。,This option best matches the required level of politeness and register for the situation.,politeness | register | keigo,N3,1,場面[ばめん]に合[あ]う文体[ぶんたい]・敬[けい]さ | 社会的距離[しゃかいてききょり]と表現[ひょうげん]の選択[せんたく],敬語[けいご] | 丁寧[ていねい]語[ご] | 普通[ふつう]体[たい] | 依頼[いらい],draft,,normalized_2026_05,codex
registerRadar,rr_014,14,multipleChoice,第[だい]14問[もん]：社会的距離[しゃかいてききょり]に合[あ]う表現[ひょうげん]を選[えら]びなさい。,Choose the expression that matches the social distance.,店内[てんない]に貼[は]る、撮影[さつえい]を控[ひか]えてもらうための注意書[ちゅういが]き。,Choose the best expression for this situation.,店内[てんない]に貼[は]る、撮影[さつえい]を控[ひか]えてもらうための注意書[ちゅういが]き。 次[つぎ]の中[なか]で最[もっと]も適切[てきせつ]な表現[ひょうげん]はどれか。,Which option sounds most appropriate in this context?,b,公共[こうきょう]のお願[ねが]いは「ご遠慮[えんりょ]ください」のような丁寧[ていねい]な定型[ていけい]が一般的[いっぱんてき]です。,This option best matches the required level of politeness and register for the situation.,register | politeness | directness,N3,1,場面[ばめん]に合[あ]う文体[ぶんたい]・敬[けい]さ | 社会的距離[しゃかいてききょり]と表現[ひょうげん]の選択[せんたく],敬語[けいご] | 丁寧[ていねい]語[ご] | 普通[ふつう]体[たい] | 依頼[いらい],draft,,normalized_2026_05,codex
registerRadar,rr_015,15,multipleChoice,第[だい]15問[もん]：文脈[ぶんみゃく]に合[あ]う文体[ぶんたい]を選[えら]びなさい。,Pick the register that best fits the context.,満員[まんいん]電車[でんしゃ]ですれ違[ちが]いざまに、軽[かる]く肩[かた]をぶつけてしまったあとに一[いち]言添[いいそ]える。,Choose the best expression for this situation.,満員[まんいん]電車[でんしゃ]ですれ違[ちが]いざまに、軽[かる]く肩[かた]をぶつけてしまったあとに一[いち]言添[いいそ]える。 次[つぎ]の中[なか]で最[もっと]も適切[てきせつ]な表現[ひょうげん]はどれか。,Which option sounds most appropriate in this context?,a,軽[かる]い接触[せっしょく]への短[みじか]い謝罪[しゃざい]では「すみません」が無難[ぶなん]です。方言[ほうげん]や意図[いと]のずれた一言[ひとこと]は場[ば]に合[あ]いません。,This option best matches the required level of politeness and register for the situation.,politeness | register | directness,N3,1,場面[ばめん]に合[あ]う文体[ぶんたい]・敬[けい]さ | 社会的距離[しゃかいてききょり]と表現[ひょうげん]の選択[せんたく],敬語[けいご] | 丁寧[ていねい]語[ご] | 普通[ふつう]体[たい] | 依頼[いらい],draft,,normalized_2026_05,codex
registerRadar,rr_016,16,multipleChoice,第[だい]16問[もん]：場面[ばめん]に合[あ]う表現[ひょうげん]を選[えら]びなさい。,Choose the expression that best matches the situation.,面識[めんしき]の薄[うす]い同僚[どうりょう]に、共有[きょうゆう]ドライブのファイルを目[め]を通[とお]してもらう。,Choose the best expression for this situation.,面識[めんしき]の薄[うす]い同僚[どうりょう]に、共有[きょうゆう]ドライブのファイルを目[め]を通[とお]してもらう。 次[つぎ]の中[なか]で最[もっと]も適切[てきせつ]な表現[ひょうげん]はどれか。,Which option sounds most appropriate in this context?,b,あまり親[した]しくない同僚[どうりょう]には依頼[いらい]を柔[やわ]らかく言[い]い、丁寧[ていねい]すぎない程度[ていど]の敬語[けいご]が無難[ぶなん]です。,This option best matches the required level of politeness and register for the situation.,keigo | register | politeness,N3,1,場面[ばめん]に合[あ]う文体[ぶんたい]・敬[けい]さ | 社会的距離[しゃかいてききょり]と表現[ひょうげん]の選択[せんたく],敬語[けいご] | 丁寧[ていねい]語[ご] | 普通[ふつう]体[たい] | 依頼[いらい],draft,,normalized_2026_05,codex
registerRadar,rr_017,17,multipleChoice,第[だい]17問[もん]：状況[じょうきょう]に最[もっと]も適切[てきせつ]な言[い]い方[かた]を選[えら]びなさい。,Pick the wording that is most appropriate for this context.,飲[の]み会[かい]に誘[さそ]われたが行[い]けない。友人[ゆうじん]に断[ことわ]る。,Choose the best expression for this situation.,飲[の]み会[かい]に誘[さそ]われたが行[い]けない。友人[ゆうじん]に断[ことわ]る。 次[つぎ]の中[なか]で最[もっと]も適切[てきせつ]な表現[ひょうげん]はどれか。,Which option sounds most appropriate in this context?,a,友人[ゆうじん]には理由[りゆう]と謝罪[しゃざい]を添[そ]えたくだけた丁寧[ていねい]さが自然[しぜん]です。ビジネスめいた文章[ぶんしょう]や乱暴[らんぼう]な一言[ひとこと]は距離感[きょりかん]が合[あ]いません。,This option best matches the required level of politeness and register for the situation.,casual_speech | register | politeness,N3,1,場面[ばめん]に合[あ]う文体[ぶんたい]・敬[けい]さ | 社会的距離[しゃかいてききょり]と表現[ひょうげん]の選択[せんたく],敬語[けいご] | 丁寧[ていねい]語[ご] | 普通[ふつう]体[たい] | 依頼[いらい],draft,,normalized_2026_05,codex
registerRadar,rr_018,18,multipleChoice,第[だい]18問[もん]：この場面[ばめん]で自然[しぜん]な表現[ひょうげん]を選[えら]びなさい。,Select the most natural expression for this scene.,取引先[とりひきさき]の担当者[たんとうしゃ]へ、昨日[きのう]送[おく]った見積書[みつもりしょ]に誤[あやま]りがあったことをメールで伝[つた]える。,Choose the best expression for this situation.,取引先[とりひきさき]の担当者[たんとうしゃ]へ、昨日[きのう]送[おく]った見積書[みつもりしょ]に誤[あやま]りがあったことをメールで伝[つた]える。 次[つぎ]の中[なか]で最[もっと]も適切[てきせつ]な表現[ひょうげん]はどれか。,Which option sounds most appropriate in this context?,b,対外[たいがい]メールでは事実[じじつ]と謝罪[しゃざい]を明確[めいかく]にし、過不足[かふそく]ない敬語[けいご]が一般的[いっぱんてき]です。,This option best matches the required level of politeness and register for the situation.,keigo | register | politeness,N3,1,場面[ばめん]に合[あ]う文体[ぶんたい]・敬[けい]さ | 社会的距離[しゃかいてききょり]と表現[ひょうげん]の選択[せんたく],敬語[けいご] | 丁寧[ていねい]語[ご] | 普通[ふつう]体[たい] | 依頼[いらい],draft,,normalized_2026_05,codex
registerRadar,rr_019,19,multipleChoice,第[だい]19問[もん]：社会的距離[しゃかいてききょり]に合[あ]う表現[ひょうげん]を選[えら]びなさい。,Choose the expression that matches the social distance.,デパートの売[う]り場[ば]で、別[べつ]サイズを試着室[しちゃくしつ]に持[も]ってきてもらうよう店員[てんいん]に頼[たの]む。,Choose the best expression for this situation.,デパートの売[う]り場[ば]で、別[べつ]サイズを試着室[しちゃくしつ]に持[も]ってきてもらうよう店員[てんいん]に頼[たの]む。 次[つぎ]の中[なか]で最[もっと]も適切[てきせつ]な表現[ひょうげん]はどれか。,Which option sounds most appropriate in this context?,b,接客[せっきゃく]には「お願[ねが]いできますか」など柔[やわ]らかい依頼[いらい]形[けい]が無難[ぶなん]です。,This option best matches the required level of politeness and register for the situation.,politeness | register | directness,N3,1,場面[ばめん]に合[あ]う文体[ぶんたい]・敬[けい]さ | 社会的距離[しゃかいてききょり]と表現[ひょうげん]の選択[せんたく],敬語[けいご] | 丁寧[ていねい]語[ご] | 普通[ふつう]体[たい] | 依頼[いらい],draft,,normalized_2026_05,codex
registerRadar,rr_020,20,multipleChoice,第[だい]20問[もん]：文脈[ぶんみゃく]に合[あ]う文体[ぶんたい]を選[えら]びなさい。,Pick the register that best fits the context.,友人[ゆうじん]とカフェで相席[あいせき]し、席[せき]を少[すこ]し詰[つ]めてもらう。,Choose the best expression for this situation.,友人[ゆうじん]とカフェで相席[あいせき]し、席[せき]を少[すこ]し詰[つ]めてもらう。 次[つぎ]の中[なか]で最[もっと]も適切[てきせつ]な表現[ひょうげん]はどれか。,Which option sounds most appropriate in this context?,a,友人[ゆうじん]同士[どうし]なら「すみません」＋普通[ふつう]の依頼[いらい]で十分[じゅうぶん]です。過剰[かじょう]な敬語[けいご]はぎこちなく感[かん]じられます。,This option best matches the required level of politeness and register for the situation.,casual_speech | register | politeness,N3,1,場面[ばめん]に合[あ]う文体[ぶんたい]・敬[けい]さ | 社会的距離[しゃかいてききょり]と表現[ひょうげん]の選択[せんたく],敬語[けいご] | 丁寧[ていねい]語[ご] | 普通[ふつう]体[たい] | 依頼[いらい],draft,,normalized_2026_05,codex
registerRadar,rr_021,21,multipleChoice,第[だい]21問[もん]：場面[ばめん]に合[あ]う表現[ひょうげん]を選[えら]びなさい。,Choose the expression that best matches the situation.,上司[じょうし]に、締切[しめきり]まであと半日[はんにち]しかないことを伝[つた]え注意[ちゅうい]を促[うなが]す。,Choose the best expression for this situation.,上司[じょうし]に、締切[しめきり]まであと半日[はんにち]しかないことを伝[つた]え注意[ちゅうい]を促[うなが]す。 次[つぎ]の中[なか]で最[もっと]も適切[てきせつ]な表現[ひょうげん]はどれか。,Which option sounds most appropriate in this context?,b,上司[じょうし]へのリマインドは角[かど]が立[た]たず要点[ようてん]が伝[つた]わる丁寧[ていねい]語[ご]が無難[ぶなん]です。威圧[いあつ]や過度[かど]な腰[こし]の低[ひく]さは避[さ]けます。,This option best matches the required level of politeness and register for the situation.,keigo | register | directness,N3,2,場面[ばめん]に合[あ]う文体[ぶんたい]・敬[けい]さ | 社会的距離[しゃかいてききょり]と表現[ひょうげん]の選択[せんたく],敬語[けいご] | 丁寧[ていねい]語[ご] | 普通[ふつう]体[たい] | 依頼[いらい],draft,,normalized_2026_05,codex
registerRadar,rr_022,22,multipleChoice,第[だい]22問[もん]：状況[じょうきょう]に最[もっと]も適切[てきせつ]な言[い]い方[かた]を選[えら]びなさい。,Pick the wording that is most appropriate for this context.,後輩[こうはい]の資料[しりょう]に誤字[ごじ]があるのを、ミーティング直後[ちょくご]に伝[つた]える。,Choose the best expression for this situation.,後輩[こうはい]の資料[しりょう]に誤字[ごじ]があるのを、ミーティング直後[ちょくご]に伝[つた]える。 次[つぎ]の中[なか]で最[もっと]も適切[てきせつ]な表現[ひょうげん]はどれか。,Which option sounds most appropriate in this context?,a,社内[しゃない]の上下[じょうげ]でも具体的[ぐたいてき]な指摘[してき]はタメ口[ぐち]・普通[ふつう]体[たい]で簡潔[かんけつ]に伝[つた]えるのが一般的[いっぱんてき]です。,This option best matches the required level of politeness and register for the situation.,directness | register | casual_speech,N3,2,場面[ばめん]に合[あ]う文体[ぶんたい]・敬[けい]さ | 社会的距離[しゃかいてききょり]と表現[ひょうげん]の選択[せんたく],敬語[けいご] | 丁寧[ていねい]語[ご] | 普通[ふつう]体[たい] | 依頼[いらい],draft,,normalized_2026_05,codex
registerRadar,rr_023,23,multipleChoice,第[だい]23問[もん]：この場面[ばめん]で自然[しぜん]な表現[ひょうげん]を選[えら]びなさい。,Select the most natural expression for this scene.,知[し]らない番号[ばんごう]からかかってきた仕事[しごと]の用件[ようけん]を聞[き]く。,Choose the best expression for this situation.,知[し]らない番号[ばんごう]からかかってきた仕事[しごと]の用件[ようけん]を聞[き]く。 次[つぎ]の中[なか]で最[もっと]も適切[てきせつ]な表現[ひょうげん]はどれか。,Which option sounds most appropriate in this context?,a,業務[ぎょうむ]電話[でんわ]では簡潔[かんけつ]な敬語[けいご]で用件[ようけん]を聞[き]くのが無難[ぶなん]です。,This option best matches the required level of politeness and register for the situation.,keigo | politeness | register,N3,2,場面[ばめん]に合[あ]う文体[ぶんたい]・敬[けい]さ | 社会的距離[しゃかいてききょり]と表現[ひょうげん]の選択[せんたく],敬語[けいご] | 丁寧[ていねい]語[ご] | 普通[ふつう]体[たい] | 依頼[いらい],draft,,normalized_2026_05,codex
registerRadar,rr_024,24,multipleChoice,第[だい]24問[もん]：社会的距離[しゃかいてききょり]に合[あ]う表現[ひょうげん]を選[えら]びなさい。,Choose the expression that matches the social distance.,家族[かぞく]と夕食[ゆうしょく]のあと、親[おや]にテレビの音量[おんりょう]を下[さ]げてほしいと頼[たの]む。,Choose the best expression for this situation.,家族[かぞく]と夕食[ゆうしょく]のあと、親[おや]にテレビの音量[おんりょう]を下[さ]げてほしいと頼[たの]む。 次[つぎ]の中[なか]で最[もっと]も適切[てきせつ]な表現[ひょうげん]はどれか。,Which option sounds most appropriate in this context?,a,家族[かぞく]間[かん]ではくだけた依頼[いらい]が自然[しぜん]です。敬語[けいご]だとぎこちなさが出[で]ます。,This option best matches the required level of politeness and register for the situation.,casual_speech | register | politeness,N3,2,場面[ばめん]に合[あ]う文体[ぶんたい]・敬[けい]さ | 社会的距離[しゃかいてききょり]と表現[ひょうげん]の選択[せんたく],敬語[けいご] | 丁寧[ていねい]語[ご] | 普通[ふつう]体[たい] | 依頼[いらい],draft,,normalized_2026_05,codex
registerRadar,rr_025,25,multipleChoice,第[だい]25問[もん]：文脈[ぶんみゃく]に合[あ]う文体[ぶんたい]を選[えら]びなさい。,Pick the register that best fits the context.,入館[にゅうかん]ゲートで警備員[けいびいん]に、身分証[みぶんしょう]の提示[ていじ]を求[もと]められる。,Choose the best expression for this situation.,入館[にゅうかん]ゲートで警備員[けいびいん]に、身分証[みぶんしょう]の提示[ていじ]を求[もと]められる。 次[つぎ]の中[なか]で最[もっと]も適切[てきせつ]な表現[ひょうげん]はどれか。,Which option sounds most appropriate in this context?,a,その場[ば]の応答[おうとう]は「はい、どうぞ」で十分[じゅうぶん]です。取引先[とりひきさき]向[む]けの硬[かた]い言[い]い回[まわ]しは浮[う]きます。,This option best matches the required level of politeness and register for the situation.,register | politeness | directness,N3,2,場面[ばめん]に合[あ]う文体[ぶんたい]・敬[けい]さ | 社会的距離[しゃかいてききょり]と表現[ひょうげん]の選択[せんたく],敬語[けいご] | 丁寧[ていねい]語[ご] | 普通[ふつう]体[たい] | 依頼[いらい],draft,,normalized_2026_05,codex
registerRadar,rr_026,26,multipleChoice,第[だい]26問[もん]：場面[ばめん]に合[あ]う表現[ひょうげん]を選[えら]びなさい。,Choose the expression that best matches the situation.,客[きゃく]としてレストランで、おかわりを店員[てんいん]に頼[たの]む。,Choose the best expression for this situation.,客[きゃく]としてレストランで、おかわりを店員[てんいん]に頼[たの]む。 次[つぎ]の中[なか]で最[もっと]も適切[てきせつ]な表現[ひょうげん]はどれか。,Which option sounds most appropriate in this context?,a,飲食店[いんしょくてん]では「おかわりください」のような丁寧[ていねい]な短[みじか]い依頼[いらい]が一般的[いっぱんてき]です。,This option best matches the required level of politeness and register for the situation.,politeness | register | keigo,N3,2,場面[ばめん]に合[あ]う文体[ぶんたい]・敬[けい]さ | 社会的距離[しゃかいてききょり]と表現[ひょうげん]の選択[せんたく],敬語[けいご] | 丁寧[ていねい]語[ご] | 普通[ふつう]体[たい] | 依頼[いらい],draft,,normalized_2026_05,codex
registerRadar,rr_027,27,multipleChoice,第[だい]27問[もん]：状況[じょうきょう]に最[もっと]も適切[てきせつ]な言[い]い方[かた]を選[えら]びなさい。,Pick the wording that is most appropriate for this context.,大学[だいがく]のゼミで、自分[じぶん]の番[ばん]が来[き]たので発表[はっぴょう]を始[はじ]める。,Choose the best expression for this situation.,大学[だいがく]のゼミで、自分[じぶん]の番[ばん]が来[き]たので発表[はっぴょう]を始[はじ]める。 次[つぎ]の中[なか]で最[もっと]も適切[てきせつ]な表現[ひょうげん]はどれか。,Which option sounds most appropriate in this context?,a,発表[はっぴょう]の場[ば]では謙譲[けんじょう]の定型[ていけい]が無難[ぶなん]です。友人[ゆうじん]口調[くちょう]や長[なが]すぎる挨拶[あいさつ]は避[さ]けます。,This option best matches the required level of politeness and register for the situation.,keigo | register | politeness,N3,2,場面[ばめん]に合[あ]う文体[ぶんたい]・敬[けい]さ | 社会的距離[しゃかいてききょり]と表現[ひょうげん]の選択[せんたく],敬語[けいご] | 丁寧[ていねい]語[ご] | 普通[ふつう]体[たい] | 依頼[いらい],draft,,normalized_2026_05,codex
registerRadar,rr_028,28,multipleChoice,第[だい]28問[もん]：この場面[ばめん]で自然[しぜん]な表現[ひょうげん]を選[えら]びなさい。,Select the most natural expression for this scene.,同僚[どうりょう]の代[か]わりにミーティングの議事[ぎじ]を共有[きょうゆう]メモに残[のこ]す。結論[けつろん]の一[いち]文[ぶん]。,Choose the best expression for this situation.,同僚[どうりょう]の代[か]わりにミーティングの議事[ぎじ]を共有[きょうゆう]メモに残[のこ]す。結論[けつろん]の一[いち]文[ぶん]。 次[つぎ]の中[なか]で最[もっと]も適切[てきせつ]な表現[ひょうげん]はどれか。,Which option sounds most appropriate in this context?,a,社内[しゃない]メモは簡潔[かんけつ]な書[か]き言葉[ことば]・普通[ふつう]体[たい]が読[よ]みやすく一般的[いっぱんてき]です。,This option best matches the required level of politeness and register for the situation.,register | directness | politeness,N3,2,場面[ばめん]に合[あ]う文体[ぶんたい]・敬[けい]さ | 社会的距離[しゃかいてききょり]と表現[ひょうげん]の選択[せんたく],敬語[けいご] | 丁寧[ていねい]語[ご] | 普通[ふつう]体[たい] | 依頼[いらい],draft,,normalized_2026_05,codex
registerRadar,rr_029,29,multipleChoice,第[だい]29問[もん]：社会的距離[しゃかいてききょり]に合[あ]う表現[ひょうげん]を選[えら]びなさい。,Choose the expression that matches the social distance.,居酒屋[いざかや]で初[はつ]対面[たいめん]の人[ひと]に乾杯[かんぱい]の挨拶[あいさつ]をする。,Choose the best expression for this situation.,居酒屋[いざかや]で初[はつ]対面[たいめん]の人[ひと]に乾杯[かんぱい]の挨拶[あいさつ]をする。 次[つぎ]の中[なか]で最[もっと]も適切[てきせつ]な表現[ひょうげん]はどれか。,Which option sounds most appropriate in this context?,b,カジュアルな飲[の]みの席[せき]では短[みじか]いあいさつと乾杯[かんぱい]が自然[しぜん]です。式典[しきてん]のような挨拶[あいさつ]は浮[う]きます。,This option best matches the required level of politeness and register for the situation.,casual_speech | register | politeness,N3,2,場面[ばめん]に合[あ]う文体[ぶんたい]・敬[けい]さ | 社会的距離[しゃかいてききょり]と表現[ひょうげん]の選択[せんたく],敬語[けいご] | 丁寧[ていねい]語[ご] | 普通[ふつう]体[たい] | 依頼[いらい],draft,,normalized_2026_05,codex
registerRadar,rr_030,30,multipleChoice,第[だい]30問[もん]：文脈[ぶんみゃく]に合[あ]う文体[ぶんたい]を選[えら]びなさい。,Pick the register that best fits the context.,社長[しゃちょう]が来客[らいきゃく]を応接室[おうせつしつ]へ案内[あんない]したあと、秘書[ひしょ]がお茶[ちゃ]を出[だ]すときの一言[ひとこと]。,Choose the best expression for this situation.,社長[しゃちょう]が来客[らいきゃく]を応接室[おうせつしつ]へ案内[あんない]したあと、秘書[ひしょ]がお茶[ちゃ]を出[だ]すときの一言[ひとこと]。 次[つぎ]の中[なか]で最[もっと]も適切[てきせつ]な表現[ひょうげん]はどれか。,Which option sounds most appropriate in this context?,b,来客[らいきゃく]対応[たいおう]では「どうぞお〜ください」が定番[ていばん]です。「はい、どうぞ」は軽[かる]く聞[き]こえることがあります。,This option best matches the required level of politeness and register for the situation.,keigo | register | politeness,N3,2,場面[ばめん]に合[あ]う文体[ぶんたい]・敬[けい]さ | 社会的距離[しゃかいてききょり]と表現[ひょうげん]の選択[せんたく],敬語[けいご] | 丁寧[ていねい]語[ご] | 普通[ふつう]体[たい] | 依頼[いらい],draft,,normalized_2026_05,codex
registerRadar,rr_031,31,multipleChoice,第[だい]31問[もん]：場面[ばめん]に合[あ]う表現[ひょうげん]を選[えら]びなさい。,Choose the expression that best matches the situation.,友人[ゆうじん]から貸[か]してもらった本[ほん]を返[かえ]し、礼[れい]を言[ゆ]う。,Choose the best expression for this situation.,友人[ゆうじん]から貸[か]してもらった本[ほん]を返[かえ]し、礼[れい]を言[ゆ]う。 次[つぎ]の中[なか]で最[もっと]も適切[てきせつ]な表現[ひょうげん]はどれか。,Which option sounds most appropriate in this context?,a,友人[ゆうじん]には感謝[かんしゃ]をストレートに言[い]うのが自然[しぜん]です。硬[かた]すぎる謝辞[しゃじ]は距離[きょり]を感[かん]じさせます。,This option best matches the required level of politeness and register for the situation.,casual_speech | politeness | register,N3,2,場面[ばめん]に合[あ]う文体[ぶんたい]・敬[けい]さ | 社会的距離[しゃかいてききょり]と表現[ひょうげん]の選択[せんたく],敬語[けいご] | 丁寧[ていねい]語[ご] | 普通[ふつう]体[たい] | 依頼[いらい],draft,,normalized_2026_05,codex
registerRadar,rr_032,32,multipleChoice,第[だい]32問[もん]：状況[じょうきょう]に最[もっと]も適切[てきせつ]な言[い]い方[かた]を選[えら]びなさい。,Pick the wording that is most appropriate for this context.,取引先[とりひきさき]の部長[ぶちょう]に、追加[ついか]の説明会[せつめいかい]をお願[ねが]いするメールの締[し]め。,Choose the best expression for this situation.,取引先[とりひきさき]の部長[ぶちょう]に、追加[ついか]の説明会[せつめいかい]をお願[ねが]いするメールの締[し]め。 次[つぎ]の中[なか]で最[もっと]も適切[てきせつ]な表現[ひょうげん]はどれか。,Which option sounds most appropriate in this context?,b,ビジネスメールの締[し]めは「よろしくお願[ねが]いいたします」系[けい]が無難[ぶなん]です。,This option best matches the required level of politeness and register for the situation.,keigo | register | politeness,N3,2,場面[ばめん]に合[あ]う文体[ぶんたい]・敬[けい]さ | 社会的距離[しゃかいてききょり]と表現[ひょうげん]の選択[せんたく],敬語[けいご] | 丁寧[ていねい]語[ご] | 普通[ふつう]体[たい] | 依頼[いらい],draft,,normalized_2026_05,codex
registerRadar,rr_033,33,multipleChoice,第[だい]33問[もん]：この場面[ばめん]で自然[しぜん]な表現[ひょうげん]を選[えら]びなさい。,Select the most natural expression for this scene.,電車[でんしゃ]で席[せき]を譲[ゆず]ってもらったあと、高齢[こうれい]の方[ほう]へ一言[ひとこと]。,Choose the best expression for this situation.,電車[でんしゃ]で席[せき]を譲[ゆず]ってもらったあと、高齢[こうれい]の方[ほう]へ一言[ひとこと]。 次[つぎ]の中[なか]で最[もっと]も適切[てきせつ]な表現[ひょうげん]はどれか。,Which option sounds most appropriate in this context?,a,公共[こうきょう]の場[ば]では短[みじか]い丁寧[ていねい]語[ご]のお礼[れい]が無難[ぶなん]です。,This option best matches the required level of politeness and register for the situation.,politeness | register | directness,N3,2,場面[ばめん]に合[あ]う文体[ぶんたい]・敬[けい]さ | 社会的距離[しゃかいてききょり]と表現[ひょうげん]の選択[せんたく],敬語[けいご] | 丁寧[ていねい]語[ご] | 普通[ふつう]体[たい] | 依頼[いらい],draft,,normalized_2026_05,codex
registerRadar,rr_034,34,multipleChoice,第[だい]34問[もん]：社会的距離[しゃかいてききょり]に合[あ]う表現[ひょうげん]を選[えら]びなさい。,Choose the expression that matches the social distance.,少[すこ]ししか知[し]らない同僚[どうりょう]に、急[きゅう]な残業[ざんぎょう]を手伝[てつだ]ってもらえないか頼[たの]む。,Choose the best expression for this situation.,少[すこ]ししか知[し]らない同僚[どうりょう]に、急[きゅう]な残業[ざんぎょう]を手伝[てつだ]ってもらえないか頼[たの]む。 次[つぎ]の中[なか]で最[もっと]も適切[てきせつ]な表現[ひょうげん]はどれか。,Which option sounds most appropriate in this context?,a,距離[きょり]のある同僚[どうりょう]には謝意[しゃい]と条件[じょうけん]を添[そ]えた柔[やわ]らかい依頼[いらい]が現実的[げんじつてき]です。命令[めいれい]は不適切[ふてきせつ]です。,This option best matches the required level of politeness and register for the situation.,casual_speech | politeness | register,N3,2,場面[ばめん]に合[あ]う文体[ぶんたい]・敬[けい]さ | 社会的距離[しゃかいてききょり]と表現[ひょうげん]の選択[せんたく],敬語[けいご] | 丁寧[ていねい]語[ご] | 普通[ふつう]体[たい] | 依頼[いらい],draft,,normalized_2026_05,codex
registerRadar,rr_035,35,multipleChoice,第[だい]35問[もん]：文脈[ぶんみゃく]に合[あ]う文体[ぶんたい]を選[えら]びなさい。,Pick the register that best fits the context.,ホテルのフロントで、朝食[ちょうしょく]の時間[じかん]を尋[たず]ねる。,Choose the best expression for this situation.,ホテルのフロントで、朝食[ちょうしょく]の時間[じかん]を尋[たず]ねる。 次[つぎ]の中[なか]で最[もっと]も適切[てきせつ]な表現[ひょうげん]はどれか。,Which option sounds most appropriate in this context?,a,フロントでは「です・ます」で簡潔[かんけつ]に聞[き]けば足[た]ります。過度[かど]な敬語[けいご]は不自然[ふしぜん]になりがちです。,This option best matches the required level of politeness and register for the situation.,politeness | register | keigo,N3,2,場面[ばめん]に合[あ]う文体[ぶんたい]・敬[けい]さ | 社会的距離[しゃかいてききょり]と表現[ひょうげん]の選択[せんたく],敬語[けいご] | 丁寧[ていねい]語[ご] | 普通[ふつう]体[たい] | 依頼[いらい],draft,,normalized_2026_05,codex
registerRadar,rr_036,36,multipleChoice,第[だい]36問[もん]：場面[ばめん]に合[あ]う表現[ひょうげん]を選[えら]びなさい。,Choose the expression that best matches the situation.,客[きゃく]として銀行[ぎんこう]の窓口[まどぐち]で、通帳[つうちょう]記入[きにゅう]を依頼[いらい]する。,Choose the best expression for this situation.,客[きゃく]として銀行[ぎんこう]の窓口[まどぐち]で、通帳[つうちょう]記入[きにゅう]を依頼[いらい]する。 次[つぎ]の中[なか]で最[もっと]も適切[てきせつ]な表現[ひょうげん]はどれか。,Which option sounds most appropriate in this context?,b,窓口[まどぐち]では「お願[ねが]いできますか」のような丁寧[ていねい]な依頼[いらい]が無難[ぶなん]です。,This option best matches the required level of politeness and register for the situation.,keigo | register | politeness,N3-N2,2,場面[ばめん]に合[あ]う文体[ぶんたい]・敬[けい]さ | 社会的距離[しゃかいてききょり]と表現[ひょうげん]の選択[せんたく],敬語[けいご] | 丁寧[ていねい]語[ご] | 普通[ふつう]体[たい] | 依頼[いらい],draft,,normalized_2026_05,codex
registerRadar,rr_037,37,multipleChoice,第[だい]37問[もん]：状況[じょうきょう]に最[もっと]も適切[てきせつ]な言[い]い方[かた]を選[えら]びなさい。,Pick the wording that is most appropriate for this context.,グループのチャットで友人[ゆうじん]たちを週末[しゅうまつ]のキャンプに誘[さそ]う。,Choose the best expression for this situation.,グループのチャットで友人[ゆうじん]たちを週末[しゅうまつ]のキャンプに誘[さそ]う。 次[つぎ]の中[なか]で最[もっと]も適切[てきせつ]な表現[ひょうげん]はどれか。,Which option sounds most appropriate in this context?,a,友人[ゆうじん]のグループチャットでは軽[かる]い誘[さそ]いの文体[ぶんたい]が自然[しぜん]です。,This option best matches the required level of politeness and register for the situation.,casual_speech | register | directness,N3-N2,2,場面[ばめん]に合[あ]う文体[ぶんたい]・敬[けい]さ | 社会的距離[しゃかいてききょり]と表現[ひょうげん]の選択[せんたく],敬語[けいご] | 丁寧[ていねい]語[ご] | 普通[ふつう]体[たい] | 依頼[いらい],draft,,normalized_2026_05,codex
registerRadar,rr_038,38,multipleChoice,第[だい]38問[もん]：この場面[ばめん]で自然[しぜん]な表現[ひょうげん]を選[えら]びなさい。,Select the most natural expression for this scene.,取引先[とりひきさき]から無理[むり]な納期[のうき]を求[もと]められ、社内[しゃない]で上司[じょうし]に相談[そうだん]する。,Choose the best expression for this situation.,取引先[とりひきさき]から無理[むり]な納期[のうき]を求[もと]められ、社内[しゃない]で上司[じょうし]に相談[そうだん]する。 次[つぎ]の中[なか]で最[もっと]も適切[てきせつ]な表現[ひょうげん]はどれか。,Which option sounds most appropriate in this context?,a,上司[じょうし]への報告[ほうこく]は事実[じじつ]と相談[そうだん]をはっきり述[の]べる丁寧[ていねい]語[ご]が無難[ぶなん]です。,This option best matches the required level of politeness and register for the situation.,register | politeness | directness,N3-N2,2,場面[ばめん]に合[あ]う文体[ぶんたい]・敬[けい]さ | 社会的距離[しゃかいてききょり]と表現[ひょうげん]の選択[せんたく],敬語[けいご] | 丁寧[ていねい]語[ご] | 普通[ふつう]体[たい] | 依頼[いらい],draft,,normalized_2026_05,codex
registerRadar,rr_039,39,multipleChoice,第[だい]39問[もん]：社会的距離[しゃかいてききょり]に合[あ]う表現[ひょうげん]を選[えら]びなさい。,Choose the expression that matches the social distance.,研究室[けんきゅうしつ]の教授[きょうじゅ]に、論文[ろんぶん]の締切[しめきり]延長[えんちょう]をお願[ねが]いするメールの宛名[あてな]のあとに続[つづ]く一[いち]文[ぶん]。,Choose the best expression for this situation.,研究室[けんきゅうしつ]の教授[きょうじゅ]に、論文[ろんぶん]の締切[しめきり]延長[えんちょう]をお願[ねが]いするメールの宛名[あてな]のあとに続[つづ]く一[いち]文[ぶん]。 次[つぎ]の中[なか]で最[もっと]も適切[てきせつ]な表現[ひょうげん]はどれか。,Which option sounds most appropriate in this context?,a,大学[だいがく]の教員[きょういん]へのメールは書[か]き言葉[ことば]の敬語[けいご]で要点[ようてん]から入[はい]るのが一般的[いっぱんてき]です。,This option best matches the required level of politeness and register for the situation.,keigo | register | politeness,N3-N2,2,場面[ばめん]に合[あ]う文体[ぶんたい]・敬[けい]さ | 社会的距離[しゃかいてききょり]と表現[ひょうげん]の選択[せんたく],敬語[けいご] | 丁寧[ていねい]語[ご] | 普通[ふつう]体[たい] | 依頼[いらい],draft,,normalized_2026_05,codex
registerRadar,rr_040,40,multipleChoice,第[だい]40問[もん]：文脈[ぶんみゃく]に合[あ]う文体[ぶんたい]を選[えら]びなさい。,Pick the register that best fits the context.,コンビニで袋[ふくろ]がいらないことをレジの店員[てんいん]に伝[つた]える。,Choose the best expression for this situation.,コンビニで袋[ふくろ]がいらないことをレジの店員[てんいん]に伝[つた]える。 次[つぎ]の中[なか]で最[もっと]も適切[てきせつ]な表現[ひょうげん]はどれか。,Which option sounds most appropriate in this context?,a,レジでは「結構[けっこう]です」が定番[ていばん]で無難[ぶなん]です。,This option best matches the required level of politeness and register for the situation.,politeness | register | directness,N3-N2,2,場面[ばめん]に合[あ]う文体[ぶんたい]・敬[けい]さ | 社会的距離[しゃかいてききょり]と表現[ひょうげん]の選択[せんたく],敬語[けいご] | 丁寧[ていねい]語[ご] | 普通[ふつう]体[たい] | 依頼[いらい],draft,,normalized_2026_05,codex
registerRadar,rr_041,41,multipleChoice,第[だい]41問[もん]：場面[ばめん]に合[あ]う表現[ひょうげん]を選[えら]びなさい。,Choose the expression that best matches the situation.,同僚[どうりょう]の企画[きかく]案[あん]に、建設的[けんせつてき]な意見[いけん]を口頭[こうとう]で伝[つた]える。,Choose the best expression for this situation.,同僚[どうりょう]の企画[きかく]案[あん]に、建設的[けんせつてき]な意見[いけん]を口頭[こうとう]で伝[つた]える。 次[つぎ]の中[なか]で最[もっと]も適切[てきせつ]な表現[ひょうげん]はどれか。,Which option sounds most appropriate in this context?,a,社内[しゃない]の同僚[どうりょう]には具体[ぐたい]と柔[やわ]らかい表現[ひょうげん]でフィードバックするのが一般的[いっぱんてき]です。,This option best matches the required level of politeness and register for the situation.,directness | register | politeness,N3-N2,2,場面[ばめん]に合[あ]う文体[ぶんたい]・敬[けい]さ | 社会的距離[しゃかいてききょり]と表現[ひょうげん]の選択[せんたく],敬語[けいご] | 丁寧[ていねい]語[ご] | 普通[ふつう]体[たい] | 依頼[いらい],draft,,normalized_2026_05,codex
registerRadar,rr_042,42,multipleChoice,第[だい]42問[もん]：状況[じょうきょう]に最[もっと]も適切[てきせつ]な言[い]い方[かた]を選[えら]びなさい。,Pick the wording that is most appropriate for this context.,取引先[とりひきさき]の打[う]ち合[あ]わせで、こちらの都合[つごう]で10分[ふん]遅刻[ちこく]しそうだと電話[でんわ]で告[つ]げる。,Choose the best expression for this situation.,取引先[とりひきさき]の打[う]ち合[あ]わせで、こちらの都合[つごう]で10分[ふん]遅刻[ちこく]しそうだと電話[でんわ]で告[つ]げる。 次[つぎ]の中[なか]で最[もっと]も適切[てきせつ]な表現[ひょうげん]はどれか。,Which option sounds most appropriate in this context?,b,取引先[とりひきさき]への遅刻[ちこく]連絡[れんらく]は謝罪[しゃざい]と事実[じじつ]をはっきり述[の]べる敬語[けいご]が無難[ぶなん]です。,This option best matches the required level of politeness and register for the situation.,keigo | register | politeness,N3-N2,2,場面[ばめん]に合[あ]う文体[ぶんたい]・敬[けい]さ | 社会的距離[しゃかいてききょり]と表現[ひょうげん]の選択[せんたく],敬語[けいご] | 丁寧[ていねい]語[ご] | 普通[ふつう]体[たい] | 依頼[いらい],draft,,normalized_2026_05,codex
registerRadar,rr_043,43,multipleChoice,第[だい]43問[もん]：この場面[ばめん]で自然[しぜん]な表現[ひょうげん]を選[えら]びなさい。,Select the most natural expression for this scene.,部活[ぶかつ]の顧問[こもん]の先生[せんせい]に、大会[たいかい]の出欠[しゅっけつ]をメッセージで返[かえ]す。,Choose the best expression for this situation.,部活[ぶかつ]の顧問[こもん]の先生[せんせい]に、大会[たいかい]の出欠[しゅっけつ]をメッセージで返[かえ]す。 次[つぎ]の中[なか]で最[もっと]も適切[てきせつ]な表現[ひょうげん]はどれか。,Which option sounds most appropriate in this context?,a,教員[きょういん]には短[みじか]い「です・ます」で述[の]べるのが無難[ぶなん]です。,This option best matches the required level of politeness and register for the situation.,politeness | register | keigo,N3-N2,2,場面[ばめん]に合[あ]う文体[ぶんたい]・敬[けい]さ | 社会的距離[しゃかいてききょり]と表現[ひょうげん]の選択[せんたく],敬語[けいご] | 丁寧[ていねい]語[ご] | 普通[ふつう]体[たい] | 依頼[いらい],draft,,normalized_2026_05,codex
registerRadar,rr_044,44,multipleChoice,第[だい]44問[もん]：社会的距離[しゃかいてききょり]に合[あ]う表現[ひょうげん]を選[えら]びなさい。,Choose the expression that matches the social distance.,居[い]留守電[るすでん]に出[で]られなかった友人[ゆうじん]へ、折[お]り返[かえ]しの電話[でんわ]で留守電[るすでん]にメッセージを残[のこ]す。,Choose the best expression for this situation.,居[い]留守電[るすでん]に出[で]られなかった友人[ゆうじん]へ、折[お]り返[かえ]しの電話[でんわ]で留守電[るすでん]にメッセージを残[のこ]す。 次[つぎ]の中[なか]で最[もっと]も適切[てきせつ]な表現[ひょうげん]はどれか。,Which option sounds most appropriate in this context?,b,留守電[るすでん]では短[みじか]く丁寧[ていねい]に依頼[いらい]を残[のこ]すのが一般的[いっぱんてき]です。,This option best matches the required level of politeness and register for the situation.,register | politeness | keigo,N3-N2,2,場面[ばめん]に合[あ]う文体[ぶんたい]・敬[けい]さ | 社会的距離[しゃかいてききょり]と表現[ひょうげん]の選択[せんたく],敬語[けいご] | 丁寧[ていねい]語[ご] | 普通[ふつう]体[たい] | 依頼[いらい],draft,,normalized_2026_05,codex
registerRadar,rr_045,45,multipleChoice,第[だい]45問[もん]：文脈[ぶんみゃく]に合[あ]う文体[ぶんたい]を選[えら]びなさい。,Pick the register that best fits the context.,隣[となり]の席[せき]の客[きゃく]に、シートを少[すこ]し倒[たお]してもいいか声[こえ]をかける。,Choose the best expression for this situation.,隣[となり]の席[せき]の客[きゃく]に、シートを少[すこ]し倒[たお]してもいいか声[こえ]をかける。 次[つぎ]の中[なか]で最[もっと]も適切[てきせつ]な表現[ひょうげん]はどれか。,Which option sounds most appropriate in this context?,a,知[し]らない相手[あいて]には「すみません」から入[はい]る依頼[いらい]が無難[ぶなん]です。,This option best matches the required level of politeness and register for the situation.,politeness | register | directness,N3-N2,2,場面[ばめん]に合[あ]う文体[ぶんたい]・敬[けい]さ | 社会的距離[しゃかいてききょり]と表現[ひょうげん]の選択[せんたく],敬語[けいご] | 丁寧[ていねい]語[ご] | 普通[ふつう]体[たい] | 依頼[いらい],draft,,normalized_2026_05,codex
registerRadar,rr_046,46,multipleChoice,第[だい]46問[もん]：場面[ばめん]に合[あ]う表現[ひょうげん]を選[えら]びなさい。,Choose the expression that best matches the situation.,上司[じょうし]に、来週[らいしゅう]の出張[しゅっちょう]を同行[どうこう]させてほしいと頼[たの]む。,Choose the best expression for this situation.,上司[じょうし]に、来週[らいしゅう]の出張[しゅっちょう]を同行[どうこう]させてほしいと頼[たの]む。 次[つぎ]の中[なか]で最[もっと]も適切[てきせつ]な表現[ひょうげん]はどれか。,Which option sounds most appropriate in this context?,b,上司[じょうし]への依頼[いらい]は条件[じょうけん]を添[そ]えた丁寧[ていねい]な疑問形[ぎもんけい]が無難[ぶなん]です。,This option best matches the required level of politeness and register for the situation.,keigo | register | politeness,N3-N2,3,場面[ばめん]に合[あ]う文体[ぶんたい]・敬[けい]さ | 社会的距離[しゃかいてききょり]と表現[ひょうげん]の選択[せんたく],敬語[けいご] | 丁寧[ていねい]語[ご] | 普通[ふつう]体[たい] | 依頼[いらい],draft,,normalized_2026_05,codex
registerRadar,rr_047,47,multipleChoice,第[だい]47問[もん]：状況[じょうきょう]に最[もっと]も適切[てきせつ]な言[い]い方[かた]を選[えら]びなさい。,Pick the wording that is most appropriate for this context.,友人[ゆうじん]を家[いえ]に招[まね]き、リビングへ通[とお]す。,Choose the best expression for this situation.,友人[ゆうじん]を家[いえ]に招[まね]き、リビングへ通[とお]す。 次[つぎ]の中[なか]で最[もっと]も適切[てきせつ]な表現[ひょうげん]はどれか。,Which option sounds most appropriate in this context?,a,友人[ゆうじん]を家[いえ]に招[まね]くときはくだけたが丁寧[ていねい]な「どうぞ」が自然[しぜん]です。,This option best matches the required level of politeness and register for the situation.,casual_speech | register | politeness,N3-N2,3,場面[ばめん]に合[あ]う文体[ぶんたい]・敬[けい]さ | 社会的距離[しゃかいてききょり]と表現[ひょうげん]の選択[せんたく],敬語[けいご] | 丁寧[ていねい]語[ご] | 普通[ふつう]体[たい] | 依頼[いらい],draft,,normalized_2026_05,codex
registerRadar,rr_048,48,multipleChoice,第[だい]48問[もん]：この場面[ばめん]で自然[しぜん]な表現[ひょうげん]を選[えら]びなさい。,Select the most natural expression for this scene.,自治会[じちかい]の役員[やくいん]に、集金[しゅうきん]を頼[たの]まれたが断[ことわ]る。,Choose the best expression for this situation.,自治会[じちかい]の役員[やくいん]に、集金[しゅうきん]を頼[たの]まれたが断[ことわ]る。 次[つぎ]の中[なか]で最[もっと]も適切[てきせつ]な表現[ひょうげん]はどれか。,Which option sounds most appropriate in this context?,a,近所[きんじょ]の役員[やくいん]相手[あいて]には理由[りゆう]と謝罪[しゃざい]を添[そ]えた丁寧[ていねい]な拒否[きょひ]が無難[ぶなん]です。,This option best matches the required level of politeness and register for the situation.,politeness | register | directness,N3-N2,3,場面[ばめん]に合[あ]う文体[ぶんたい]・敬[けい]さ | 社会的距離[しゃかいてききょり]と表現[ひょうげん]の選択[せんたく],敬語[けいご] | 丁寧[ていねい]語[ご] | 普通[ふつう]体[たい] | 依頼[いらい],draft,,normalized_2026_05,codex
registerRadar,rr_049,49,multipleChoice,第[だい]49問[もん]：社会的距離[しゃかいてききょり]に合[あ]う表現[ひょうげん]を選[えら]びなさい。,Choose the expression that matches the social distance.,社内[しゃない]ヘルプデスクへ、パソコンが起動[きどう]しないとチャットで報告[ほうこく]する。,Choose the best expression for this situation.,社内[しゃない]ヘルプデスクへ、パソコンが起動[きどう]しないとチャットで報告[ほうこく]する。 次[つぎ]の中[なか]で最[もっと]も適切[てきせつ]な表現[ひょうげん]はどれか。,Which option sounds most appropriate in this context?,a,社内[しゃない]サポートには事象[じしょう]と依頼[いらい]を簡潔[かんけつ]に書[か]く丁寧[ていねい]語[ご]が無難[ぶなん]です。,This option best matches the required level of politeness and register for the situation.,register | politeness | directness,N3-N2,3,場面[ばめん]に合[あ]う文体[ぶんたい]・敬[けい]さ | 社会的距離[しゃかいてききょり]と表現[ひょうげん]の選択[せんたく],敬語[けいご] | 丁寧[ていねい]語[ご] | 普通[ふつう]体[たい] | 依頼[いらい],draft,,normalized_2026_05,codex
registerRadar,rr_050,50,multipleChoice,第[だい]50問[もん]：文脈[ぶんみゃく]に合[あ]う文体[ぶんたい]を選[えら]びなさい。,Pick the register that best fits the context.,部長[ぶちょう]の来客[らいきゃく]前[まえ]に、会議室[かいぎしつ]の用意[ようい]ができたことを口頭[こうとう]で伝[つた]える。,Choose the best expression for this situation.,部長[ぶちょう]の来客[らいきゃく]前[まえ]に、会議室[かいぎしつ]の用意[ようい]ができたことを口頭[こうとう]で伝[つた]える。 次[つぎ]の中[なか]で最[もっと]も適切[てきせつ]な表現[ひょうげん]はどれか。,Which option sounds most appropriate in this context?,b,上司[じょうし]への報告[ほうこく]は簡潔[かんけつ]な敬語[けいご]が無難[ぶなん]です。,This option best matches the required level of politeness and register for the situation.,keigo | register | politeness,N3-N2,3,場面[ばめん]に合[あ]う文体[ぶんたい]・敬[けい]さ | 社会的距離[しゃかいてききょり]と表現[ひょうげん]の選択[せんたく],敬語[けいご] | 丁寧[ていねい]語[ご] | 普通[ふつう]体[たい] | 依頼[いらい],draft,,normalized_2026_05,codex
registerRadar,rr_051,51,multipleChoice,第[だい]51問[もん]：場面[ばめん]に合[あ]う表現[ひょうげん]を選[えら]びなさい。,Choose the expression that best matches the situation.,取引先[とりひきさき]の担当者[たんとうしゃ]に、明日[あす]の打[う]ち合[あ]わせの資料[しりょう]を今夜[こんや]までに送[おく]ってほしいとメールで依頼[いらい]する。,Choose the best expression for this situation.,取引先[とりひきさき]の担当者[たんとうしゃ]に、明日[あす]の打[う]ち合[あ]わせの資料[しりょう]を今夜[こんや]までに送[おく]ってほしいとメールで依頼[いらい]する。 次[つぎ]の中[なか]で最[もっと]も適切[てきせつ]な表現[ひょうげん]はどれか。,Which option sounds most appropriate in this context?,a,期限[きげん]と依頼[いらい]をはっきり述[の]べる丁寧[ていねい]語[ご]が無難[ぶなん]です。,This option best matches the required level of politeness and register for the situation.,keigo | register | politeness,N3-N2,3,場面[ばめん]に合[あ]う文体[ぶんたい]・敬[けい]さ | 社会的距離[しゃかいてききょり]と表現[ひょうげん]の選択[せんたく],敬語[けいご] | 丁寧[ていねい]語[ご] | 普通[ふつう]体[たい] | 依頼[いらい],draft,,normalized_2026_05,codex
registerRadar,rr_052,52,multipleChoice,第[だい]52問[もん]：状況[じょうきょう]に最[もっと]も適切[てきせつ]な言[い]い方[かた]を選[えら]びなさい。,Pick the wording that is most appropriate for this context.,近所[きんじょ]のスーパーで袋詰[ふくろづ]めを手伝[てつだ]ってくれた店員[てんいん]にお礼[れい]を言[ゆ]う。,Choose the best expression for this situation.,近所[きんじょ]のスーパーで袋詰[ふくろづ]めを手伝[てつだ]ってくれた店員[てんいん]にお礼[れい]を言[ゆ]う。 次[つぎ]の中[なか]で最[もっと]も適切[てきせつ]な表現[ひょうげん]はどれか。,Which option sounds most appropriate in this context?,a,店員[てんいん]への短[みじか]いお礼[れい]は定番[ていばん]の一句[いっく]で足[た]ります。,This option best matches the required level of politeness and register for the situation.,politeness | register | directness,N3-N2,3,場面[ばめん]に合[あ]う文体[ぶんたい]・敬[けい]さ | 社会的距離[しゃかいてききょり]と表現[ひょうげん]の選択[せんたく],敬語[けいご] | 丁寧[ていねい]語[ご] | 普通[ふつう]体[たい] | 依頼[いらい],draft,,normalized_2026_05,codex
registerRadar,rr_053,53,multipleChoice,第[だい]53問[もん]：この場面[ばめん]で自然[しぜん]な表現[ひょうげん]を選[えら]びなさい。,Select the most natural expression for this scene.,同世代[どうせだい]の同僚[どうりょう]に、ランチに誘[さそ]う。,Choose the best expression for this situation.,同世代[どうせだい]の同僚[どうりょう]に、ランチに誘[さそ]う。 次[つぎ]の中[なか]で最[もっと]も適切[てきせつ]な表現[ひょうげん]はどれか。,Which option sounds most appropriate in this context?,a,近[ちか]い同僚[どうりょう]への誘[さそ]いはカジュアルな疑問文[ぎもんぶん]が自然[しぜん]です。,This option best matches the required level of politeness and register for the situation.,casual_speech | register | politeness,N3-N2,3,場面[ばめん]に合[あ]う文体[ぶんたい]・敬[けい]さ | 社会的距離[しゃかいてききょり]と表現[ひょうげん]の選択[せんたく],敬語[けいご] | 丁寧[ていねい]語[ご] | 普通[ふつう]体[たい] | 依頼[いらい],draft,,normalized_2026_05,codex
registerRadar,rr_054,54,multipleChoice,第[だい]54問[もん]：社会的距離[しゃかいてききょり]に合[あ]う表現[ひょうげん]を選[えら]びなさい。,Choose the expression that matches the social distance.,マンションの管理[かんり]室[しつ]に、共用[きょうよう]部[ぶ]の電球[でんきゅう]が切[き]れたと伝[つた]える。,Choose the best expression for this situation.,マンションの管理[かんり]室[しつ]に、共用[きょうよう]部[ぶ]の電球[でんきゅう]が切[き]れたと伝[つた]える。 次[つぎ]の中[なか]で最[もっと]も適切[てきせつ]な表現[ひょうげん]はどれか。,Which option sounds most appropriate in this context?,a,管理[かんり]会社[かいしゃ]へは事実[じじつ]を淡々[たんたん]と述[の]べる丁寧[ていねい]語[ご]が無難[ぶなん]です。,This option best matches the required level of politeness and register for the situation.,register | politeness | directness,N3-N2,3,場面[ばめん]に合[あ]う文体[ぶんたい]・敬[けい]さ | 社会的距離[しゃかいてききょり]と表現[ひょうげん]の選択[せんたく],敬語[けいご] | 丁寧[ていねい]語[ご] | 普通[ふつう]体[たい] | 依頼[いらい],draft,,normalized_2026_05,codex
registerRadar,rr_055,55,multipleChoice,第[だい]55問[もん]：文脈[ぶんみゃく]に合[あ]う文体[ぶんたい]を選[えら]びなさい。,Pick the register that best fits the context.,課長[かちょう]に、企画書[きかくしょ]の指摘[してき]をメールで返[かえ]す。,Choose the best expression for this situation.,課長[かちょう]に、企画書[きかくしょ]の指摘[してき]をメールで返[かえ]す。 次[つぎ]の中[なか]で最[もっと]も適切[てきせつ]な表現[ひょうげん]はどれか。,Which option sounds most appropriate in this context?,a,上司[じょうし]からの指摘[してき]にはお礼[れい]と今後[こんご]の対応[たいおう]を述[の]べる敬語[けいご]が無難[ぶなん]です。,This option best matches the required level of politeness and register for the situation.,keigo | register | politeness,N3-N2,3,場面[ばめん]に合[あ]う文体[ぶんたい]・敬[けい]さ | 社会的距離[しゃかいてききょり]と表現[ひょうげん]の選択[せんたく],敬語[けいご] | 丁寧[ていねい]語[ご] | 普通[ふつう]体[たい] | 依頼[いらい],draft,,normalized_2026_05,codex
registerRadar,rr_056,56,multipleChoice,第[だい]56問[もん]：場面[ばめん]に合[あ]う表現[ひょうげん]を選[えら]びなさい。,Choose the expression that best matches the situation.,飲[の]み会[かい]の幹事[かんじ]から連絡[れんらく]があり、参加人数[さんかにんずう]を今夜[こんや]までに返信[へんしん]するよう言[い]われている。人数[にんずう]を伝[つた]える返信[へんしん]。,Choose the best expression for this situation.,飲[の]み会[かい]の幹事[かんじ]から連絡[れんらく]があり、参加人数[さんかにんずう]を今夜[こんや]までに返信[へんしん]するよう言[い]われている。人数[にんずう]を伝[つた]える返信[へんしん]。 次[つぎ]の中[なか]で最[もっと]も適切[てきせつ]な表現[ひょうげん]はどれか。,Which option sounds most appropriate in this context?,a,友人[ゆうじん]の飲[の]みでもメールなら簡潔[かんけつ]な「です・ます」が無難[ぶなん]です。,This option best matches the required level of politeness and register for the situation.,register | politeness | directness,N3-N2,3,場面[ばめん]に合[あ]う文体[ぶんたい]・敬[けい]さ | 社会的距離[しゃかいてききょり]と表現[ひょうげん]の選択[せんたく],敬語[けいご] | 丁寧[ていねい]語[ご] | 普通[ふつう]体[たい] | 依頼[いらい],draft,,normalized_2026_05,codex
registerRadar,rr_057,57,multipleChoice,第[だい]57問[もん]：状況[じょうきょう]に最[もっと]も適切[てきせつ]な言[い]い方[かた]を選[えら]びなさい。,Pick the wording that is most appropriate for this context.,ゼミの発表[はっぴょう]で聞[き]き取[と]れなかったので、隣[となり]の学生[がくせい]に小[ちい]さな声[こえ]で頼[たの]む。,Choose the best expression for this situation.,ゼミの発表[はっぴょう]で聞[き]き取[と]れなかったので、隣[となり]の学生[がくせい]に小[ちい]さな声[こえ]で頼[たの]む。 次[つぎ]の中[なか]で最[もっと]も適切[てきせつ]な表現[ひょうげん]はどれか。,Which option sounds most appropriate in this context?,a,同年代[どうねんだい]の学生[がくせい]には普通[ふつう]体[たい]の依頼[いらい]が自然[しぜん]です。,This option best matches the required level of politeness and register for the situation.,casual_speech | register | politeness,N3-N2,3,場面[ばめん]に合[あ]う文体[ぶんたい]・敬[けい]さ | 社会的距離[しゃかいてききょり]と表現[ひょうげん]の選択[せんたく],敬語[けいご] | 丁寧[ていねい]語[ご] | 普通[ふつう]体[たい] | 依頼[いらい],draft,,normalized_2026_05,codex
registerRadar,rr_058,58,multipleChoice,第[だい]58問[もん]：この場面[ばめん]で自然[しぜん]な表現[ひょうげん]を選[えら]びなさい。,Select the most natural expression for this scene.,顧客[こきゃく]からクレームの電話[でんわ]がかかってきたので、まず第[だい]一[いち]声[せい]で述[の]べる。,Choose the best expression for this situation.,顧客[こきゃく]からクレームの電話[でんわ]がかかってきたので、まず第[だい]一[いち]声[せい]で述[の]べる。 次[つぎ]の中[なか]で最[もっと]も適切[てきせつ]な表現[ひょうげん]はどれか。,Which option sounds most appropriate in this context?,a,クレーム対応[たいおう]では落[お]ち着[つ]いたあいさつと用件[ようけん]の傾聴[けいちょう]が無難[ぶなん]です。,This option best matches the required level of politeness and register for the situation.,keigo | register | politeness,N3-N2,3,場面[ばめん]に合[あ]う文体[ぶんたい]・敬[けい]さ | 社会的距離[しゃかいてききょり]と表現[ひょうげん]の選択[せんたく],敬語[けいご] | 丁寧[ていねい]語[ご] | 普通[ふつう]体[たい] | 依頼[いらい],draft,,normalized_2026_05,codex
registerRadar,rr_059,59,multipleChoice,第[だい]59問[もん]：社会的距離[しゃかいてききょり]に合[あ]う表現[ひょうげん]を選[えら]びなさい。,Choose the expression that matches the social distance.,兄[あに]にスマホの機種変更[きしゅへんこう]を手伝[てつだ]ってもらい、礼[れい]を言[ゆ]う。,Choose the best expression for this situation.,兄[あに]にスマホの機種変更[きしゅへんこう]を手伝[てつだ]ってもらい、礼[れい]を言[ゆ]う。 次[つぎ]の中[なか]で最[もっと]も適切[てきせつ]な表現[ひょうげん]はどれか。,Which option sounds most appropriate in this context?,a,家族[かぞく]兄弟[きょうだい]にはくだけた感謝[かんしゃ]が自然[しぜん]です。,This option best matches the required level of politeness and register for the situation.,casual_speech | politeness | register,N3-N2,3,場面[ばめん]に合[あ]う文体[ぶんたい]・敬[けい]さ | 社会的距離[しゃかいてききょり]と表現[ひょうげん]の選択[せんたく],敬語[けいご] | 丁寧[ていねい]語[ご] | 普通[ふつう]体[たい] | 依頼[いらい],draft,,normalized_2026_05,codex
registerRadar,rr_060,60,multipleChoice,第[だい]60問[もん]：文脈[ぶんみゃく]に合[あ]う文体[ぶんたい]を選[えら]びなさい。,Pick the register that best fits the context.,知[し]らない学年[がくねん]会[かい]の保護者[ほごしゃ]に、自分[じぶん]の名前[なまえ]と子[こ]どものクラスを名乗[なの]る。,Choose the best expression for this situation.,知[し]らない学年[がくねん]会[かい]の保護者[ほごしゃ]に、自分[じぶん]の名前[なまえ]と子[こ]どものクラスを名乗[なの]る。 次[つぎ]の中[なか]で最[もっと]も適切[てきせつ]な表現[ひょうげん]はどれか。,Which option sounds most appropriate in this context?,a,初対面[しょたいめん]の保護者[ほごしゃ]にはクラスと丁寧[ていねい]な自己[じこ]紹介[しょうかい]が無難[ぶなん]です。,This option best matches the required level of politeness and register for the situation.,politeness | register | keigo,N3-N2,3,場面[ばめん]に合[あ]う文体[ぶんたい]・敬[けい]さ | 社会的距離[しゃかいてききょり]と表現[ひょうげん]の選択[せんたく],敬語[けいご] | 丁寧[ていねい]語[ご] | 普通[ふつう]体[たい] | 依頼[いらい],draft,,normalized_2026_05,codex
registerRadar,rr_061,61,multipleChoice,第[だい]61問[もん]：場面[ばめん]に合[あ]う表現[ひょうげん]を選[えら]びなさい。,Choose the expression that best matches the situation.,上司[じょうし]が不在[ふざい]のとき、来客[らいきゃく]が「部長[ぶちょう]はいらっしゃいますか」と聞[き]いてくる。,Choose the best expression for this situation.,上司[じょうし]が不在[ふざい]のとき、来客[らいきゃく]が「部長[ぶちょう]はいらっしゃいますか」と聞[き]いてくる。 次[つぎ]の中[なか]で最[もっと]も適切[てきせつ]な表現[ひょうげん]はどれか。,Which option sounds most appropriate in this context?,a,来客[らいきゃく]には丁寧[ていねい]に不在[ふざい]を伝[つた]えるのが無難[ぶなん]です。,This option best matches the required level of politeness and register for the situation.,keigo | register | politeness,N3-N2,3,場面[ばめん]に合[あ]う文体[ぶんたい]・敬[けい]さ | 社会的距離[しゃかいてききょり]と表現[ひょうげん]の選択[せんたく],敬語[けいご] | 丁寧[ていねい]語[ご] | 普通[ふつう]体[たい] | 依頼[いらい],draft,,normalized_2026_05,codex
registerRadar,rr_062,62,multipleChoice,第[だい]62問[もん]：状況[じょうきょう]に最[もっと]も適切[てきせつ]な言[い]い方[かた]を選[えら]びなさい。,Pick the wording that is most appropriate for this context.,友人[ゆうじん]が料理[りょうり]を振[ふ]る舞[ま]ってくれたあと、食後[しょくご]に一言[ひとこと]。,Choose the best expression for this situation.,友人[ゆうじん]が料理[りょうり]を振[ふ]る舞[ま]ってくれたあと、食後[しょくご]に一言[ひとこと]。 次[つぎ]の中[なか]で最[もっと]も適切[てきせつ]な表現[ひょうげん]はどれか。,Which option sounds most appropriate in this context?,a,友人宅[ゆうじんたく]では「ごちそうさま」と感想[かんそう]を添[そ]えるのが自然[しぜん]です。,This option best matches the required level of politeness and register for the situation.,casual_speech | register | politeness,N3-N2,3,場面[ばめん]に合[あ]う文体[ぶんたい]・敬[けい]さ | 社会的距離[しゃかいてききょり]と表現[ひょうげん]の選択[せんたく],敬語[けいご] | 丁寧[ていねい]語[ご] | 普通[ふつう]体[たい] | 依頼[いらい],draft,,normalized_2026_05,codex
registerRadar,rr_063,63,multipleChoice,第[だい]63問[もん]：この場面[ばめん]で自然[しぜん]な表現[ひょうげん]を選[えら]びなさい。,Select the most natural expression for this scene.,社内[しゃない]で廊下[ろうか]ですれ違[ちが]っただけの別[べつ]部署[ぶしょ]の人[ひと]に、エレベーターの場所[ばしょ]を聞[き]く。,Choose the best expression for this situation.,社内[しゃない]で廊下[ろうか]ですれ違[ちが]っただけの別[べつ]部署[ぶしょ]の人[ひと]に、エレベーターの場所[ばしょ]を聞[き]く。 次[つぎ]の中[なか]で最[もっと]も適切[てきせつ]な表現[ひょうげん]はどれか。,Which option sounds most appropriate in this context?,a,面識[めんしき]の薄[うす]い相手[あいて]には「すみません」から入[はい]る丁寧[ていねい]な質問[しつもん]が無難[ぶなん]です。,This option best matches the required level of politeness and register for the situation.,politeness | register | directness,N3-N2,3,場面[ばめん]に合[あ]う文体[ぶんたい]・敬[けい]さ | 社会的距離[しゃかいてききょり]と表現[ひょうげん]の選択[せんたく],敬語[けいご] | 丁寧[ていねい]語[ご] | 普通[ふつう]体[たい] | 依頼[いらい],draft,,normalized_2026_05,codex
registerRadar,rr_064,64,multipleChoice,第[だい]64問[もん]：社会的距離[しゃかいてききょり]に合[あ]う表現[ひょうげん]を選[えら]びなさい。,Choose the expression that matches the social distance.,取引先[とりひきさき]の若手[わかて]担当[たんとう]に、先方[せんぽう]の部長[ぶちょう]を同席[どうせき]したいと伝[つた]えるメールの一[いち]文[ぶん]。,Choose the best expression for this situation.,取引先[とりひきさき]の若手[わかて]担当[たんとう]に、先方[せんぽう]の部長[ぶちょう]を同席[どうせき]したいと伝[つた]えるメールの一[いち]文[ぶん]。 次[つぎ]の中[なか]で最[もっと]も適切[てきせつ]な表現[ひょうげん]はどれか。,Which option sounds most appropriate in this context?,a,取引先[とりひきさき]への依頼[いらい]は柔[やわ]らかい条件[じょうけん]付[つ]きの敬語[けいご]が無難[ぶなん]です。,This option best matches the required level of politeness and register for the situation.,keigo | register | politeness,N3-N2,3,場面[ばめん]に合[あ]う文体[ぶんたい]・敬[けい]さ | 社会的距離[しゃかいてききょり]と表現[ひょうげん]の選択[せんたく],敬語[けいご] | 丁寧[ていねい]語[ご] | 普通[ふつう]体[たい] | 依頼[いらい],draft,,normalized_2026_05,codex
registerRadar,rr_065,65,multipleChoice,第[だい]65問[もん]：文脈[ぶんみゃく]に合[あ]う文体[ぶんたい]を選[えら]びなさい。,Pick the register that best fits the context.,友達[ともだち]とゲームのボイスチャットで、味方[みかた]に援護[えんご]を頼[たの]む。,Choose the best expression for this situation.,友達[ともだち]とゲームのボイスチャットで、味方[みかた]に援護[えんご]を頼[たの]む。 次[つぎ]の中[なか]で最[もっと]も適切[てきせつ]な表現[ひょうげん]はどれか。,Which option sounds most appropriate in this context?,a,ゲーム中[ちゅう]の短[みじか]い指示[しじ]はタメ口[ぐち]・命令[めいれい]調[ちょう]が一般的[いっぱんてき]です。,This option best matches the required level of politeness and register for the situation.,casual_speech | directness | register,N3-N2,3,場面[ばめん]に合[あ]う文体[ぶんたい]・敬[けい]さ | 社会的距離[しゃかいてききょり]と表現[ひょうげん]の選択[せんたく],敬語[けいご] | 丁寧[ていねい]語[ご] | 普通[ふつう]体[たい] | 依頼[いらい],draft,,normalized_2026_05,codex
registerRadar,rr_066,66,multipleChoice,第[だい]66問[もん]：場面[ばめん]に合[あ]う表現[ひょうげん]を選[えら]びなさい。,Choose the expression that best matches the situation.,面接[めんせつ]で、前職[ぜんしょく]を辞[や]めた理由[りゆう]を短[みじか]く答[こた]える。,Choose the best expression for this situation.,面接[めんせつ]で、前職[ぜんしょく]を辞[や]めた理由[りゆう]を短[みじか]く答[こた]える。 次[つぎ]の中[なか]で最[もっと]も適切[てきせつ]な表現[ひょうげん]はどれか。,Which option sounds most appropriate in this context?,a,面接[めんせつ]では中立[ちゅうりつ]で書[か]き言葉[ことば]に近[ちか]い丁寧[ていねい]語[ご]が無難[ぶなん]です。,This option best matches the required level of politeness and register for the situation.,register | politeness | keigo,N3-N2,3,場面[ばめん]に合[あ]う文体[ぶんたい]・敬[けい]さ | 社会的距離[しゃかいてききょり]と表現[ひょうげん]の選択[せんたく],敬語[けいご] | 丁寧[ていねい]語[ご] | 普通[ふつう]体[たい] | 依頼[いらい],draft,,normalized_2026_05,codex
registerRadar,rr_067,67,multipleChoice,第[だい]67問[もん]：状況[じょうきょう]に最[もっと]も適切[てきせつ]な言[い]い方[かた]を選[えら]びなさい。,Pick the wording that is most appropriate for this context.,取引先[とりひきさき]から預[あず]かった試作品[しさくひん]を破損[はそん]してしまったため、上司[じょうし]へ報告[ほうこく]する。,Choose the best expression for this situation.,取引先[とりひきさき]から預[あず]かった試作品[しさくひん]を破損[はそん]してしまったため、上司[じょうし]へ報告[ほうこく]する。 次[つぎ]の中[なか]で最[もっと]も適切[てきせつ]な表現[ひょうげん]はどれか。,Which option sounds most appropriate in this context?,a,トラブル報告[ほうこく]は事実[じじつ]と次[つぎ]の行動[こうどう]を簡潔[かんけつ]に述[の]べるのが無難[ぶなん]です。,This option best matches the required level of politeness and register for the situation.,directness | register | politeness,N3-N2,3,場面[ばめん]に合[あ]う文体[ぶんたい]・敬[けい]さ | 社会的距離[しゃかいてききょり]と表現[ひょうげん]の選択[せんたく],敬語[けいご] | 丁寧[ていねい]語[ご] | 普通[ふつう]体[たい] | 依頼[いらい],draft,,normalized_2026_05,codex
registerRadar,rr_068,68,multipleChoice,第[だい]68問[もん]：この場面[ばめん]で自然[しぜん]な表現[ひょうげん]を選[えら]びなさい。,Select the most natural expression for this scene.,同僚[どうりょう]の企画[きかく]会議[かいぎ]で、司会[しかい]が次[つぎ]の議題[ぎだい]に進[すす]むときの一言[ひとこと]。,Choose the best expression for this situation.,同僚[どうりょう]の企画[きかく]会議[かいぎ]で、司会[しかい]が次[つぎ]の議題[ぎだい]に進[すす]むときの一言[ひとこと]。 次[つぎ]の中[なか]で最[もっと]も適切[てきせつ]な表現[ひょうげん]はどれか。,Which option sounds most appropriate in this context?,a,社内[しゃない]の司会[しかい]では標準的[ひょうじゅんてき]な丁寧[ていねい]語[ご]で進行[しんこう]するのが無難[ぶなん]です。,This option best matches the required level of politeness and register for the situation.,register | keigo | politeness,N3-N2,3,場面[ばめん]に合[あ]う文体[ぶんたい]・敬[けい]さ | 社会的距離[しゃかいてききょり]と表現[ひょうげん]の選択[せんたく],敬語[けいご] | 丁寧[ていねい]語[ご] | 普通[ふつう]体[たい] | 依頼[いらい],draft,,normalized_2026_05,codex
registerRadar,rr_069,69,multipleChoice,第[だい]69問[もん]：社会的距離[しゃかいてききょり]に合[あ]う表現[ひょうげん]を選[えら]びなさい。,Choose the expression that matches the social distance.,飲食店[いんしょくてん]の店長[てんちょう]に、週末[しゅうまつ]のシフトを減[へ]らしてほしいと相談[そうだん]するパート従業員[じゅうぎょういん]。,Choose the best expression for this situation.,飲食店[いんしょくてん]の店長[てんちょう]に、週末[しゅうまつ]のシフトを減[へ]らしてほしいと相談[そうだん]するパート従業員[じゅうぎょういん]。 次[つぎ]の中[なか]で最[もっと]も適切[てきせつ]な表現[ひょうげん]はどれか。,Which option sounds most appropriate in this context?,a,上長[じょうちょう]への相談[そうだん]は理由[りゆう]を添[そ]えた依頼[いらい]の敬語[けいご]が無難[ぶなん]です。,This option best matches the required level of politeness and register for the situation.,keigo | register | politeness,N3-N2,3,場面[ばめん]に合[あ]う文体[ぶんたい]・敬[けい]さ | 社会的距離[しゃかいてききょり]と表現[ひょうげん]の選択[せんたく],敬語[けいご] | 丁寧[ていねい]語[ご] | 普通[ふつう]体[たい] | 依頼[いらい],draft,,normalized_2026_05,codex
registerRadar,rr_070,70,multipleChoice,第[だい]70問[もん]：文脈[ぶんみゃく]に合[あ]う文体[ぶんたい]を選[えら]びなさい。,Pick the register that best fits the context.,子[こ]どもの友[とも]だちの母親[ははおや]に、遊[あそ]びに来[く]る時間[じかん]を遅[おく]らせてほしいと頼[たの]む。,Choose the best expression for this situation.,子[こ]どもの友[とも]だちの母親[ははおや]に、遊[あそ]びに来[く]る時間[じかん]を遅[おく]らせてほしいと頼[たの]む。 次[つぎ]の中[なか]で最[もっと]も適切[てきせつ]な表現[ひょうげん]はどれか。,Which option sounds most appropriate in this context?,a,他[た]児童[じどう]の保護者[ほごしゃ]には謝意[しゃい]と依頼[いらい]を柔[やわ]らかく述[の]べるのが無難[ぶなん]です。,This option best matches the required level of politeness and register for the situation.,politeness | register | directness,N3-N2,3,場面[ばめん]に合[あ]う文体[ぶんたい]・敬[けい]さ | 社会的距離[しゃかいてききょり]と表現[ひょうげん]の選択[せんたく],敬語[けいご] | 丁寧[ていねい]語[ご] | 普通[ふつう]体[たい] | 依頼[いらい],draft,,normalized_2026_05,codex
registerRadar,rr_071,71,multipleChoice,第[だい]71問[もん]：場面[ばめん]に合[あ]う表現[ひょうげん]を選[えら]びなさい。,Choose the expression that best matches the situation.,同僚[どうりょう]に、予定[よてい]していた会議[かいぎ]の出席者[しゅっせきしゃ]名簿[めいぼ]を午前中[ごぜんちゅう]までに送[おく]ってほしいとリマインドする。,Choose the best expression for this situation.,同僚[どうりょう]に、予定[よてい]していた会議[かいぎ]の出席者[しゅっせきしゃ]名簿[めいぼ]を午前中[ごぜんちゅう]までに送[おく]ってほしいとリマインドする。 次[つぎ]の中[なか]で最[もっと]も適切[てきせつ]な表現[ひょうげん]はどれか。,Which option sounds most appropriate in this context?,a,近[ちか]い同僚[どうりょう]には柔[やわ]らかい依頼[いらい]と助[たす]け舟[ぶね]が自然[しぜん]です。,This option best matches the required level of politeness and register for the situation.,casual_speech | register | politeness,N3-N2,4,場面[ばめん]に合[あ]う文体[ぶんたい]・敬[けい]さ | 社会的距離[しゃかいてききょり]と表現[ひょうげん]の選択[せんたく],敬語[けいご] | 丁寧[ていねい]語[ご] | 普通[ふつう]体[たい] | 依頼[いらい],draft,,normalized_2026_05,codex
registerRadar,rr_072,72,multipleChoice,第[だい]72問[もん]：状況[じょうきょう]に最[もっと]も適切[てきせつ]な言[い]い方[かた]を選[えら]びなさい。,Pick the wording that is most appropriate for this context.,市役所[しやくしょ]の窓口[まどぐち]で、申請書[しんせいしょ]の記入方法[きにゅうほうほう]が分[わ]からず職員[しょくいん]に尋[たず]ねる。,Choose the best expression for this situation.,市役所[しやくしょ]の窓口[まどぐち]で、申請書[しんせいしょ]の記入方法[きにゅうほうほう]が分[わ]からず職員[しょくいん]に尋[たず]ねる。 次[つぎ]の中[なか]で最[もっと]も適切[てきせつ]な表現[ひょうげん]はどれか。,Which option sounds most appropriate in this context?,a,公[こう]の窓口[まどぐち]では「すみません」から入[はい]る丁寧[ていねい]な質問[しつもん]が無難[ぶなん]です。,This option best matches the required level of politeness and register for the situation.,politeness | register | keigo,N3-N2,4,場面[ばめん]に合[あ]う文体[ぶんたい]・敬[けい]さ | 社会的距離[しゃかいてききょり]と表現[ひょうげん]の選択[せんたく],敬語[けいご] | 丁寧[ていねい]語[ご] | 普通[ふつう]体[たい] | 依頼[いらい],draft,,normalized_2026_05,codex
registerRadar,rr_073,73,multipleChoice,第[だい]73問[もん]：この場面[ばめん]で自然[しぜん]な表現[ひょうげん]を選[えら]びなさい。,Select the most natural expression for this scene.,社外[しゃがい]の勉強会[べんきょうかい]で名刺[めいし]交換[こうかん]のあと、相手[あいて]の肩書[かたがき]を確認[かくにん]する。,Choose the best expression for this situation.,社外[しゃがい]の勉強会[べんきょうかい]で名刺[めいし]交換[こうかん]のあと、相手[あいて]の肩書[かたがき]を確認[かくにん]する。 次[つぎ]の中[なか]で最[もっと]も適切[てきせつ]な表現[ひょうげん]はどれか。,Which option sounds most appropriate in this context?,a,初対面[しょたいめん]のビジネス相手[あいて]には敬語[けいご]で確認[かくにん]するのが無難[ぶなん]です。,This option best matches the required level of politeness and register for the situation.,keigo | register | politeness,N3-N2,4,場面[ばめん]に合[あ]う文体[ぶんたい]・敬[けい]さ | 社会的距離[しゃかいてききょり]と表現[ひょうげん]の選択[せんたく],敬語[けいご] | 丁寧[ていねい]語[ご] | 普通[ふつう]体[たい] | 依頼[いらい],draft,,normalized_2026_05,codex
registerRadar,rr_074,74,multipleChoice,第[だい]74問[もん]：社会的距離[しゃかいてききょり]に合[あ]う表現[ひょうげん]を選[えら]びなさい。,Choose the expression that matches the social distance.,居酒屋[いざかや]で料理[りょうり]がまだ来[こ]ないので、店員[てんいん]に声[こえ]をかける。,Choose the best expression for this situation.,居酒屋[いざかや]で料理[りょうり]がまだ来[こ]ないので、店員[てんいん]に声[こえ]をかける。 次[つぎ]の中[なか]で最[もっと]も適切[てきせつ]な表現[ひょうげん]はどれか。,Which option sounds most appropriate in this context?,a,店員[てんいん]への催促[さいそく]は「すみません」から入[はい]る柔[やわ]らかい確認[かくにん]が無難[ぶなん]です。,This option best matches the required level of politeness and register for the situation.,politeness | register | directness,N3-N2,4,場面[ばめん]に合[あ]う文体[ぶんたい]・敬[けい]さ | 社会的距離[しゃかいてききょり]と表現[ひょうげん]の選択[せんたく],敬語[けいご] | 丁寧[ていねい]語[ご] | 普通[ふつう]体[たい] | 依頼[いらい],draft,,normalized_2026_05,codex
registerRadar,rr_075,75,multipleChoice,第[だい]75問[もん]：文脈[ぶんみゃく]に合[あ]う文体[ぶんたい]を選[えら]びなさい。,Pick the register that best fits the context.,友人[ゆうじん]に誕生日[たんじょうび]プレゼントをもらい、翌日[よくじつ]メッセージで礼[れい]を言[ゆ]う。,Choose the best expression for this situation.,友人[ゆうじん]に誕生日[たんじょうび]プレゼントをもらい、翌日[よくじつ]メッセージで礼[れい]を言[ゆ]う。 次[つぎ]の中[なか]で最[もっと]も適切[てきせつ]な表現[ひょうげん]はどれか。,Which option sounds most appropriate in this context?,a,友人[ゆうじん]へのお礼[れい]はカジュアルな感謝[かんしゃ]が自然[しぜん]です。,This option best matches the required level of politeness and register for the situation.,casual_speech | politeness | register,N3-N2,4,場面[ばめん]に合[あ]う文体[ぶんたい]・敬[けい]さ | 社会的距離[しゃかいてききょり]と表現[ひょうげん]の選択[せんたく],敬語[けいご] | 丁寧[ていねい]語[ご] | 普通[ふつう]体[たい] | 依頼[いらい],draft,,normalized_2026_05,codex
registerRadar,rr_076,76,multipleChoice,第[だい]76問[もん]：場面[ばめん]に合[あ]う表現[ひょうげん]を選[えら]びなさい。,Choose the expression that best matches the situation.,取引先[とりひきさき]の受付[うけつけ]に、担当者[たんとうしゃ]とアポイントがある旨[むね]を伝[つた]える。,Choose the best expression for this situation.,取引先[とりひきさき]の受付[うけつけ]に、担当者[たんとうしゃ]とアポイントがある旨[むね]を伝[つた]える。 次[つぎ]の中[なか]で最[もっと]も適切[てきせつ]な表現[ひょうげん]はどれか。,Which option sounds most appropriate in this context?,a,受付[うけつけ]には社名[しゃめい]・自分[じぶん]の名前[なまえ]・用件[ようけん]を丁寧[ていねい]に述[の]べるのが無難[ぶなん]です。,This option best matches the required level of politeness and register for the situation.,keigo | register | politeness,N3-N2,4,場面[ばめん]に合[あ]う文体[ぶんたい]・敬[けい]さ | 社会的距離[しゃかいてききょり]と表現[ひょうげん]の選択[せんたく],敬語[けいご] | 丁寧[ていねい]語[ご] | 普通[ふつう]体[たい] | 依頼[いらい],draft,,normalized_2026_05,codex
registerRadar,rr_077,77,multipleChoice,第[だい]77問[もん]：状況[じょうきょう]に最[もっと]も適切[てきせつ]な言[い]い方[かた]を選[えら]びなさい。,Pick the wording that is most appropriate for this context.,サークルの後輩[こうはい]の発表[はっぴょう]を聞[き]いたあと、感想[かんそう]を一言[ひとこと]。,Choose the best expression for this situation.,サークルの後輩[こうはい]の発表[はっぴょう]を聞[き]いたあと、感想[かんそう]を一言[ひとこと]。 次[つぎ]の中[なか]で最[もっと]も適切[てきせつ]な表現[ひょうげん]はどれか。,Which option sounds most appropriate in this context?,a,サークル内[ない]では率直[そっちょく]で軽[かる]い褒[ほ]め言葉[ことば]が自然[しぜん]です。,This option best matches the required level of politeness and register for the situation.,casual_speech | register | politeness,N3-N2,4,場面[ばめん]に合[あ]う文体[ぶんたい]・敬[けい]さ | 社会的距離[しゃかいてききょり]と表現[ひょうげん]の選択[せんたく],敬語[けいご] | 丁寧[ていねい]語[ご] | 普通[ふつう]体[たい] | 依頼[いらい],draft,,normalized_2026_05,codex
registerRadar,rr_078,78,multipleChoice,第[だい]78問[もん]：この場面[ばめん]で自然[しぜん]な表現[ひょうげん]を選[えら]びなさい。,Select the most natural expression for this scene.,社長[しゃちょう]の前[まえ]で自分[じぶん]のミスを簡潔[かんけつ]に謝[あやま]る。,Choose the best expression for this situation.,社長[しゃちょう]の前[まえ]で自分[じぶん]のミスを簡潔[かんけつ]に謝[あやま]る。 次[つぎ]の中[なか]で最[もっと]も適切[てきせつ]な表現[ひょうげん]はどれか。,Which option sounds most appropriate in this context?,a,経営層[けいえいそう]の前[まえ]では簡潔[かんけつ]な謝罪[しゃざい]と原因[げんいん]の言及[げんきゅう]が無難[ぶなん]です。,This option best matches the required level of politeness and register for the situation.,keigo | register | politeness,N3-N2,4,場面[ばめん]に合[あ]う文体[ぶんたい]・敬[けい]さ | 社会的距離[しゃかいてききょり]と表現[ひょうげん]の選択[せんたく],敬語[けいご] | 丁寧[ていねい]語[ご] | 普通[ふつう]体[たい] | 依頼[いらい],draft,,normalized_2026_05,codex
registerRadar,rr_079,79,multipleChoice,第[だい]79問[もん]：社会的距離[しゃかいてききょり]に合[あ]う表現[ひょうげん]を選[えら]びなさい。,Choose the expression that matches the social distance.,隣[となり]の部屋[へや]の人[ひと]に、夜[よる]遅[おそ]くの洗濯機[せんたくき]の音[おと]が響[ひび]く旨[むね]を初[はじ]めて伝[つた]える。,Choose the best expression for this situation.,隣[となり]の部屋[へや]の人[ひと]に、夜[よる]遅[おそ]くの洗濯機[せんたくき]の音[おと]が響[ひび]く旨[むね]を初[はじ]めて伝[つた]える。 次[つぎ]の中[なか]で最[もっと]も適切[てきせつ]な表現[ひょうげん]はどれか。,Which option sounds most appropriate in this context?,a,近隣[きんりん]トラブルは事実[じじつ]を柔[やわ]らかく述[の]べる依頼[いらい]が無難[ぶなん]です。,This option best matches the required level of politeness and register for the situation.,politeness | register | directness,N3-N2,4,場面[ばめん]に合[あ]う文体[ぶんたい]・敬[けい]さ | 社会的距離[しゃかいてききょり]と表現[ひょうげん]の選択[せんたく],敬語[けいご] | 丁寧[ていねい]語[ご] | 普通[ふつう]体[たい] | 依頼[いらい],draft,,normalized_2026_05,codex
registerRadar,rr_080,80,multipleChoice,第[だい]80問[もん]：文脈[ぶんみゃく]に合[あ]う文体[ぶんたい]を選[えら]びなさい。,Pick the register that best fits the context.,部活[ぶかつ]の顧問[こもん]へ、大会[たいかい]を欠席[けっせき]する許可[きょか]をメールで求[もと]める。,Choose the best expression for this situation.,部活[ぶかつ]の顧問[こもん]へ、大会[たいかい]を欠席[けっせき]する許可[きょか]をメールで求[もと]める。 次[つぎ]の中[なか]で最[もっと]も適切[てきせつ]な表現[ひょうげん]はどれか。,Which option sounds most appropriate in this context?,a,教員[きょういん]への許可[きょか]依頼[いらい]は理由[りゆう]と丁寧[ていねい]な依頼[いらい]が無難[ぶなん]です。,This option best matches the required level of politeness and register for the situation.,keigo | register | politeness,N3-N2,4,場面[ばめん]に合[あ]う文体[ぶんたい]・敬[けい]さ | 社会的距離[しゃかいてききょり]と表現[ひょうげん]の選択[せんたく],敬語[けいご] | 丁寧[ていねい]語[ご] | 普通[ふつう]体[たい] | 依頼[いらい],draft,,normalized_2026_05,codex
registerRadar,rr_081,81,multipleChoice,第[だい]81問[もん]：場面[ばめん]に合[あ]う表現[ひょうげん]を選[えら]びなさい。,Choose the expression that best matches the situation.,取引先[とりひきさき]の企画書[きかくしょ]に感心[かんしん]し、打[う]ち合[あ]わせの席[せき]で率直[そっちょく]に伝[つた]える。,Choose the best expression for this situation.,取引先[とりひきさき]の企画書[きかくしょ]に感心[かんしん]し、打[う]ち合[あ]わせの席[せき]で率直[そっちょく]に伝[つた]える。 次[つぎ]の中[なか]で最[もっと]も適切[てきせつ]な表現[ひょうげん]はどれか。,Which option sounds most appropriate in this context?,a,取引先[とりひきさき]への評価[ひょうか]は過不足[かふそく]ない敬語[けいご]が無難[ぶなん]です。,This option best matches the required level of politeness and register for the situation.,keigo | register | politeness,N3-N2,4,場面[ばめん]に合[あ]う文体[ぶんたい]・敬[けい]さ | 社会的距離[しゃかいてききょり]と表現[ひょうげん]の選択[せんたく],敬語[けいご] | 丁寧[ていねい]語[ご] | 普通[ふつう]体[たい] | 依頼[いらい],draft,,normalized_2026_05,codex
registerRadar,rr_082,82,multipleChoice,第[だい]82問[もん]：状況[じょうきょう]に最[もっと]も適切[てきせつ]な言[い]い方[かた]を選[えら]びなさい。,Pick the wording that is most appropriate for this context.,恋人[こいびと]に、今日[きょう]は仕事[しごと]で疲[つか]れているので外出[がいしゅつ]は控[ひか]えたいと伝[つた]える。,Choose the best expression for this situation.,恋人[こいびと]に、今日[きょう]は仕事[しごと]で疲[つか]れているので外出[がいしゅつ]は控[ひか]えたいと伝[つた]える。 次[つぎ]の中[なか]で最[もっと]も適切[てきせつ]な表現[ひょうげん]はどれか。,Which option sounds most appropriate in this context?,a,親[した]しい相手[あいて]には理由[りゆう]と代替案[だいたいあん]を添[そ]えたくだけた言[い]い方[かた]が自然[しぜん]です。,This option best matches the required level of politeness and register for the situation.,casual_speech | register | politeness,N3-N2,4,場面[ばめん]に合[あ]う文体[ぶんたい]・敬[けい]さ | 社会的距離[しゃかいてききょり]と表現[ひょうげん]の選択[せんたく],敬語[けいご] | 丁寧[ていねい]語[ご] | 普通[ふつう]体[たい] | 依頼[いらい],draft,,normalized_2026_05,codex
registerRadar,rr_083,83,multipleChoice,第[だい]83問[もん]：この場面[ばめん]で自然[しぜん]な表現[ひょうげん]を選[えら]びなさい。,Select the most natural expression for this scene.,パート先[さき]の店長[てんちょう]に、来月[らいげつ]から勤務[きんむ]日[ひ]を減[へ]らしたいと相談[そうだん]する。,Choose the best expression for this situation.,パート先[さき]の店長[てんちょう]に、来月[らいげつ]から勤務[きんむ]日[ひ]を減[へ]らしたいと相談[そうだん]する。 次[つぎ]の中[なか]で最[もっと]も適切[てきせつ]な表現[ひょうげん]はどれか。,Which option sounds most appropriate in this context?,a,雇用[こよう]側[がわ]への相談[そうだん]は具体的[ぐたいてき]な希望[きぼう]を丁寧[ていねい]に述[の]べるのが無難[ぶなん]です。,This option best matches the required level of politeness and register for the situation.,keigo | register | politeness,N3-N2,4,場面[ばめん]に合[あ]う文体[ぶんたい]・敬[けい]さ | 社会的距離[しゃかいてききょり]と表現[ひょうげん]の選択[せんたく],敬語[けいご] | 丁寧[ていねい]語[ご] | 普通[ふつう]体[たい] | 依頼[いらい],draft,,normalized_2026_05,codex
registerRadar,rr_084,84,multipleChoice,第[だい]84問[もん]：社会的距離[しゃかいてききょり]に合[あ]う表現[ひょうげん]を選[えら]びなさい。,Choose the expression that matches the social distance.,メールの冒頭[ぼうとう]で、久[ひさ]しぶりに連絡[れんらく]する取引先[とりひきさき]の担当[たんとう]に宛[あ]てる。,Choose the best expression for this situation.,メールの冒頭[ぼうとう]で、久[ひさ]しぶりに連絡[れんらく]する取引先[とりひきさき]の担当[たんとう]に宛[あ]てる。 次[つぎ]の中[なか]で最[もっと]も適切[てきせつ]な表現[ひょうげん]はどれか。,Which option sounds most appropriate in this context?,a,ビジネスメールの再会[さいかい]の挨拶[あいさつ]は「ご無沙汰[ぶさた]」が定番[ていばん]で無難[ぶなん]です。,This option best matches the required level of politeness and register for the situation.,keigo | register | politeness,N3-N2,4,場面[ばめん]に合[あ]う文体[ぶんたい]・敬[けい]さ | 社会的距離[しゃかいてききょり]と表現[ひょうげん]の選択[せんたく],敬語[けいご] | 丁寧[ていねい]語[ご] | 普通[ふつう]体[たい] | 依頼[いらい],draft,,normalized_2026_05,codex
registerRadar,rr_085,85,multipleChoice,第[だい]85問[もん]：文脈[ぶんみゃく]に合[あ]う文体[ぶんたい]を選[えら]びなさい。,Pick the register that best fits the context.,同僚[どうりょう]のプレゼンが終[お]わったあと、司会[しかい]として次[つぎ]の人[ひと]を指名[しめい]する。,Choose the best expression for this situation.,同僚[どうりょう]のプレゼンが終[お]わったあと、司会[しかい]として次[つぎ]の人[ひと]を指名[しめい]する。 次[つぎ]の中[なか]で最[もっと]も適切[てきせつ]な表現[ひょうげん]はどれか。,Which option sounds most appropriate in this context?,a,社内[しゃない]の司会[しかい]はお礼[れい]と次[つぎ]の指名[しめい]を簡潔[かんけつ]に述[の]べるのが無難[ぶなん]です。,This option best matches the required level of politeness and register for the situation.,register | politeness | keigo,N3-N2,4,場面[ばめん]に合[あ]う文体[ぶんたい]・敬[けい]さ | 社会的距離[しゃかいてききょり]と表現[ひょうげん]の選択[せんたく],敬語[けいご] | 丁寧[ていねい]語[ご] | 普通[ふつう]体[たい] | 依頼[いらい],draft,,normalized_2026_05,codex
registerRadar,rr_086,86,multipleChoice,第[だい]86問[もん]：場面[ばめん]に合[あ]う表現[ひょうげん]を選[えら]びなさい。,Choose the expression that best matches the situation.,子[こ]どもに、遊[あそ]び終[お]わったおもちゃを片[かた]づけるよう言[ゆ]う。,Choose the best expression for this situation.,子[こ]どもに、遊[あそ]び終[お]わったおもちゃを片[かた]づけるよう言[ゆ]う。 次[つぎ]の中[なか]で最[もっと]も適切[てきせつ]な表現[ひょうげん]はどれか。,Which option sounds most appropriate in this context?,a,子[こ]どもへの指示[しじ]はやわらかい普通[ふつう]体[たい]が一般的[いっぱんてき]です。,This option best matches the required level of politeness and register for the situation.,directness | register | politeness,N3-N2,5,場面[ばめん]に合[あ]う文体[ぶんたい]・敬[けい]さ | 社会的距離[しゃかいてききょり]と表現[ひょうげん]の選択[せんたく],敬語[けいご] | 丁寧[ていねい]語[ご] | 普通[ふつう]体[たい] | 依頼[いらい],draft,,normalized_2026_05,codex
registerRadar,rr_087,87,multipleChoice,第[だい]87問[もん]：状況[じょうきょう]に最[もっと]も適切[てきせつ]な言[い]い方[かた]を選[えら]びなさい。,Pick the wording that is most appropriate for this context.,取引先[とりひきさき]の社長[しゃちょう]と初[はつ]対面[たいめん]で握手[あくしゅ]のあと、名刺[めいし]を受[う]け取[と]る。,Choose the best expression for this situation.,取引先[とりひきさき]の社長[しゃちょう]と初[はつ]対面[たいめん]で握手[あくしゅ]のあと、名刺[めいし]を受[う]け取[と]る。 次[つぎ]の中[なか]で最[もっと]も適切[てきせつ]な表現[ひょうげん]はどれか。,Which option sounds most appropriate in this context?,a,名刺[めいし]交換[こうかん]では「ありがとうございます」が定番[ていばん]です。,This option best matches the required level of politeness and register for the situation.,keigo | register | politeness,N3-N2,5,場面[ばめん]に合[あ]う文体[ぶんたい]・敬[けい]さ | 社会的距離[しゃかいてききょり]と表現[ひょうげん]の選択[せんたく],敬語[けいご] | 丁寧[ていねい]語[ご] | 普通[ふつう]体[たい] | 依頼[いらい],draft,,normalized_2026_05,codex
registerRadar,rr_088,88,multipleChoice,第[だい]88問[もん]：この場面[ばめん]で自然[しぜん]な表現[ひょうげん]を選[えら]びなさい。,Select the most natural expression for this scene.,後輩[こうはい]が書[か]いたブログ記事[きじ]を読[よ]み、チャットで感想[かんそう]を送[おく]る。,Choose the best expression for this situation.,後輩[こうはい]が書[か]いたブログ記事[きじ]を読[よ]み、チャットで感想[かんそう]を送[おく]る。 次[つぎ]の中[なか]で最[もっと]も適切[てきせつ]な表現[ひょうげん]はどれか。,Which option sounds most appropriate in this context?,a,近[ちか]い後輩[こうはい]へのフィードバックは具体的[ぐたいてき]なタメ口[ぐち]が自然[しぜん]です。,This option best matches the required level of politeness and register for the situation.,casual_speech | directness | register,N3-N2,5,場面[ばめん]に合[あ]う文体[ぶんたい]・敬[けい]さ | 社会的距離[しゃかいてききょり]と表現[ひょうげん]の選択[せんたく],敬語[けいご] | 丁寧[ていねい]語[ご] | 普通[ふつう]体[たい] | 依頼[いらい],draft,,normalized_2026_05,codex
registerRadar,rr_089,89,multipleChoice,第[だい]89問[もん]：社会的距離[しゃかいてききょり]に合[あ]う表現[ひょうげん]を選[えら]びなさい。,Choose the expression that matches the social distance.,修繕[しゅうぜん]業[ぎょう]者[しゃ]に、見積[みつ]もりの内容[ないよう]をもう一度[いちど]説明[せつめい]してほしいと頼[たの]む。,Choose the best expression for this situation.,修繕[しゅうぜん]業[ぎょう]者[しゃ]に、見積[みつ]もりの内容[ないよう]をもう一度[いちど]説明[せつめい]してほしいと頼[たの]む。 次[つぎ]の中[なか]で最[もっと]も適切[てきせつ]な表現[ひょうげん]はどれか。,Which option sounds most appropriate in this context?,a,業者[ぎょうしゃ]には依頼[いらい]を柔[やわ]らかく述[の]べる敬語[けいご]が無難[ぶなん]です。,This option best matches the required level of politeness and register for the situation.,politeness | register | keigo,N3-N2,5,場面[ばめん]に合[あ]う文体[ぶんたい]・敬[けい]さ | 社会的距離[しゃかいてききょり]と表現[ひょうげん]の選択[せんたく],敬語[けいご] | 丁寧[ていねい]語[ご] | 普通[ふつう]体[たい] | 依頼[いらい],draft,,normalized_2026_05,codex
registerRadar,rr_090,90,multipleChoice,第[だい]90問[もん]：文脈[ぶんみゃく]に合[あ]う文体[ぶんたい]を選[えら]びなさい。,Pick the register that best fits the context.,同僚[どうりょう]に頼[たの]んだ作業[さぎょう]がまだ終[お]わっていないので、締切[しめきり]前[まえ]にそっと催促[さいそく]する。,Choose the best expression for this situation.,同僚[どうりょう]に頼[たの]んだ作業[さぎょう]がまだ終[お]わっていないので、締切[しめきり]前[まえ]にそっと催促[さいそく]する。 次[つぎ]の中[なか]で最[もっと]も適切[てきせつ]な表現[ひょうげん]はどれか。,Which option sounds most appropriate in this context?,a,近[ちか]い同僚[どうりょう]への催促[さいそく]は角[かど]が立[た]たない言[い]い方[かた]と援助[えんじょ]の一言[ひとこと]が無難[ぶなん]です。,This option best matches the required level of politeness and register for the situation.,casual_speech | register | politeness,N3-N2,5,場面[ばめん]に合[あ]う文体[ぶんたい]・敬[けい]さ | 社会的距離[しゃかいてききょり]と表現[ひょうげん]の選択[せんたく],敬語[けいご] | 丁寧[ていねい]語[ご] | 普通[ふつう]体[たい] | 依頼[いらい],draft,,normalized_2026_05,codex
registerRadar,rr_091,91,multipleChoice,第[だい]91問[もん]：場面[ばめん]に合[あ]う表現[ひょうげん]を選[えら]びなさい。,Choose the expression that best matches the situation.,顧客[こきゃく]から「この機能[きのう]は使[つか]えない」と言[い]われ、まず第[だい]一[いち]声[せい]で返[かえ]す。,Choose the best expression for this situation.,顧客[こきゃく]から「この機能[きのう]は使[つか]えない」と言[い]われ、まず第[だい]一[いち]声[せい]で返[かえ]す。 次[つぎ]の中[なか]で最[もっと]も適切[てきせつ]な表現[ひょうげん]はどれか。,Which option sounds most appropriate in this context?,a,クレームには謝罪[しゃざい]と次[つぎ]の対応[たいおう]を述[の]べるのが無難[ぶなん]です。,This option best matches the required level of politeness and register for the situation.,keigo | register | politeness,N3-N2,5,場面[ばめん]に合[あ]う文体[ぶんたい]・敬[けい]さ | 社会的距離[しゃかいてききょり]と表現[ひょうげん]の選択[せんたく],敬語[けいご] | 丁寧[ていねい]語[ご] | 普通[ふつう]体[たい] | 依頼[いらい],draft,,normalized_2026_05,codex
registerRadar,rr_092,92,multipleChoice,第[だい]92問[もん]：状況[じょうきょう]に最[もっと]も適切[てきせつ]な言[い]い方[かた]を選[えら]びなさい。,Pick the wording that is most appropriate for this context.,研究室[けんきゅうしつ]のゼミで、自分[じぶん]と意見[いけん]が違[ちが]う先輩[せんぱい]に反論[はんろん]する。,Choose the best expression for this situation.,研究室[けんきゅうしつ]のゼミで、自分[じぶん]と意見[いけん]が違[ちが]う先輩[せんぱい]に反論[はんろん]する。 次[つぎ]の中[なか]で最[もっと]も適切[てきせつ]な表現[ひょうげん]はどれか。,Which option sounds most appropriate in this context?,a,学術[がくじゅつ]の場[ば]では根拠[こんきょ]を添[そ]えた丁寧[ていねい]な反論[はんろん]が無難[ぶなん]です。,This option best matches the required level of politeness and register for the situation.,politeness | register | directness,N2,5,場面[ばめん]に合[あ]う文体[ぶんたい]・敬[けい]さ | 社会的距離[しゃかいてききょり]と表現[ひょうげん]の選択[せんたく],敬語[けいご] | 丁寧[ていねい]語[ご] | 普通[ふつう]体[たい] | 依頼[いらい],draft,,normalized_2026_05,codex
registerRadar,rr_093,93,multipleChoice,第[だい]93問[もん]：この場面[ばめん]で自然[しぜん]な表現[ひょうげん]を選[えら]びなさい。,Select the most natural expression for this scene.,友人[ゆうじん]の結婚式[けっこんしき]の二[に]次[じ]会[かい]で、短[みじか]い乾杯[かんぱい]の挨拶[あいさつ]を頼[たの]まれる。,Choose the best expression for this situation.,友人[ゆうじん]の結婚式[けっこんしき]の二[に]次[じ]会[かい]で、短[みじか]い乾杯[かんぱい]の挨拶[あいさつ]を頼[たの]まれる。 次[つぎ]の中[なか]で最[もっと]も適切[てきせつ]な表現[ひょうげん]はどれか。,Which option sounds most appropriate in this context?,a,友人[ゆうじん]の二[に]次[じ]会[かい]では短[みじか]く祝意[しゅくい]を述[の]べて乾杯[かんぱい]するのが自然[しぜん]です。,This option best matches the required level of politeness and register for the situation.,casual_speech | register | politeness,N2,5,場面[ばめん]に合[あ]う文体[ぶんたい]・敬[けい]さ | 社会的距離[しゃかいてききょり]と表現[ひょうげん]の選択[せんたく],敬語[けいご] | 丁寧[ていねい]語[ご] | 普通[ふつう]体[たい] | 依頼[いらい],draft,,normalized_2026_05,codex
registerRadar,rr_094,94,multipleChoice,第[だい]94問[もん]：社会的距離[しゃかいてききょり]に合[あ]う表現[ひょうげん]を選[えら]びなさい。,Choose the expression that matches the social distance.,配達員[はいたついん]に荷物[にもつ]を受[う]け取[と]り、サインを求[もと]められたあとの一言[ひとこと]。,Choose the best expression for this situation.,配達員[はいたついん]に荷物[にもつ]を受[う]け取[と]り、サインを求[もと]められたあとの一言[ひとこと]。 次[つぎ]の中[なか]で最[もっと]も適切[てきせつ]な表現[ひょうげん]はどれか。,Which option sounds most appropriate in this context?,a,配達員[はいたついん]への短[みじか]いお礼[れい]は定番[ていばん]の一句[いっく]で足[た]ります。,This option best matches the required level of politeness and register for the situation.,politeness | register | directness,N2,5,場面[ばめん]に合[あ]う文体[ぶんたい]・敬[けい]さ | 社会的距離[しゃかいてききょり]と表現[ひょうげん]の選択[せんたく],敬語[けいご] | 丁寧[ていねい]語[ご] | 普通[ふつう]体[たい] | 依頼[いらい],draft,,normalized_2026_05,codex
registerRadar,rr_095,95,multipleChoice,第[だい]95問[もん]：文脈[ぶんみゃく]に合[あ]う文体[ぶんたい]を選[えら]びなさい。,Pick the register that best fits the context.,上司[じょうし]に、来週[らいしゅう]の出張[しゅっちょう]の航空券[こうくうけん]を自分[じぶん]で手配[てはい]してよいか許可[きょか]を求[もと]める。,Choose the best expression for this situation.,上司[じょうし]に、来週[らいしゅう]の出張[しゅっちょう]の航空券[こうくうけん]を自分[じぶん]で手配[てはい]してよいか許可[きょか]を求[もと]める。 次[つぎ]の中[なか]で最[もっと]も適切[てきせつ]な表現[ひょうげん]はどれか。,Which option sounds most appropriate in this context?,a,上司[じょうし]への許可[きょか]依頼[いらい]は丁寧[ていねい]な確認[かくにん]の疑問文[ぎもんぶん]が無難[ぶなん]です。,This option best matches the required level of politeness and register for the situation.,keigo | register | politeness,N2,5,場面[ばめん]に合[あ]う文体[ぶんたい]・敬[けい]さ | 社会的距離[しゃかいてききょり]と表現[ひょうげん]の選択[せんたく],敬語[けいご] | 丁寧[ていねい]語[ご] | 普通[ふつう]体[たい] | 依頼[いらい],draft,,normalized_2026_05,codex
registerRadar,rr_096,96,multipleChoice,第[だい]96問[もん]：場面[ばめん]に合[あ]う表現[ひょうげん]を選[えら]びなさい。,Choose the expression that best matches the situation.,実家[じっか]の母[はは]に、転職[てんしょく]が決[き]まったことを電話[でんわ]で報告[ほうこく]する。,Choose the best expression for this situation.,実家[じっか]の母[はは]に、転職[てんしょく]が決[き]まったことを電話[でんわ]で報告[ほうこく]する。 次[つぎ]の中[なか]で最[もっと]も適切[てきせつ]な表現[ひょうげん]はどれか。,Which option sounds most appropriate in this context?,a,家族[かぞく]にはくだけたが丁寧[ていねい]な報告[ほうこく]が自然[しぜん]です。,This option best matches the required level of politeness and register for the situation.,casual_speech | register | politeness,N2,5,場面[ばめん]に合[あ]う文体[ぶんたい]・敬[けい]さ | 社会的距離[しゃかいてききょり]と表現[ひょうげん]の選択[せんたく],敬語[けいご] | 丁寧[ていねい]語[ご] | 普通[ふつう]体[たい] | 依頼[いらい],draft,,normalized_2026_05,codex
registerRadar,rr_097,97,multipleChoice,第[だい]97問[もん]：状況[じょうきょう]に最[もっと]も適切[てきせつ]な言[い]い方[かた]を選[えら]びなさい。,Pick the wording that is most appropriate for this context.,顧客[こきゃく]向[む]けアプリの障害[しょうがい]について、利用者[りようしゃ]向[む]けのお知[し]らせ文[ぶん]の冒頭[ぼうとう]。,Choose the best expression for this situation.,顧客[こきゃく]向[む]けアプリの障害[しょうがい]について、利用者[りようしゃ]向[む]けのお知[し]らせ文[ぶん]の冒頭[ぼうとう]。 次[つぎ]の中[なか]で最[もっと]も適切[てきせつ]な表現[ひょうげん]はどれか。,Which option sounds most appropriate in this context?,a,利用者[りようしゃ]向[む]けの障害[しょうがい]告知[こくち]は淡々[たんたん]とした敬体[けいたい]が無難[ぶなん]です。,This option best matches the required level of politeness and register for the situation.,register | politeness | directness,N2,5,場面[ばめん]に合[あ]う文体[ぶんたい]・敬[けい]さ | 社会的距離[しゃかいてききょり]と表現[ひょうげん]の選択[せんたく],敬語[けいご] | 丁寧[ていねい]語[ご] | 普通[ふつう]体[たい] | 依頼[いらい],draft,,normalized_2026_05,codex
registerRadar,rr_098,98,multipleChoice,第[だい]98問[もん]：この場面[ばめん]で自然[しぜん]な表現[ひょうげん]を選[えら]びなさい。,Select the most natural expression for this scene.,取引先[とりひきさき]の懇親会[こんしんかい]で飲[の]みすぎないよう断[ことわ]り、ジュースを頼[たの]む。,Choose the best expression for this situation.,取引先[とりひきさき]の懇親会[こんしんかい]で飲[の]みすぎないよう断[ことわ]り、ジュースを頼[たの]む。 次[つぎ]の中[なか]で最[もっと]も適切[てきせつ]な表現[ひょうげん]はどれか。,Which option sounds most appropriate in this context?,a,取引先[とりひきさき]の席[せき]では謝意[しゃい]と希望[きぼう]を述[の]べる丁寧[ていねい]語[ご]が無難[ぶなん]です。,This option best matches the required level of politeness and register for the situation.,keigo | register | politeness,N2,5,場面[ばめん]に合[あ]う文体[ぶんたい]・敬[けい]さ | 社会的距離[しゃかいてききょり]と表現[ひょうげん]の選択[せんたく],敬語[けいご] | 丁寧[ていねい]語[ご] | 普通[ふつう]体[たい] | 依頼[いらい],draft,,normalized_2026_05,codex
registerRadar,rr_099,99,multipleChoice,第[だい]99問[もん]：社会的距離[しゃかいてききょり]に合[あ]う表現[ひょうげん]を選[えら]びなさい。,Choose the expression that matches the social distance.,初対面[しょたいめん]の同年代[どうねんだい]の人[ひと]に、自分[じぶん]の趣味[しゅみ]を聞[き]かれたときの返答[へんとう]。,Choose the best expression for this situation.,初対面[しょたいめん]の同年代[どうねんだい]の人[ひと]に、自分[じぶん]の趣味[しゅみ]を聞[き]かれたときの返答[へんとう]。 次[つぎ]の中[なか]で最[もっと]も適切[てきせつ]な表現[ひょうげん]はどれか。,Which option sounds most appropriate in this context?,a,初対面[しょたいめん]では具体的[ぐたいてき]で標準的[ひょうじゅんてき]な丁寧[ていねい]語[ご]が無難[ぶなん]です。,This option best matches the required level of politeness and register for the situation.,politeness | register | directness,N2,5,場面[ばめん]に合[あ]う文体[ぶんたい]・敬[けい]さ | 社会的距離[しゃかいてききょり]と表現[ひょうげん]の選択[せんたく],敬語[けいご] | 丁寧[ていねい]語[ご] | 普通[ふつう]体[たい] | 依頼[いらい],draft,,normalized_2026_05,codex
registerRadar,rr_100,100,multipleChoice,第[だい]100問[もん]：文脈[ぶんみゃく]に合[あ]う文体[ぶんたい]を選[えら]びなさい。,Pick the register that best fits the context.,テレワーク中[ちゅう]、チャットで上司[じょうし]に体調不良[たいちょうふりょう]のため午後[ごご]休[やす]むことを伝[つた]える。,Choose the best expression for this situation.,テレワーク中[ちゅう]、チャットで上司[じょうし]に体調不良[たいちょうふりょう]のため午後[ごご]休[やす]むことを伝[つた]える。 次[つぎ]の中[なか]で最[もっと]も適切[てきせつ]な表現[ひょうげん]はどれか。,Which option sounds most appropriate in this context?,a,上司[じょうし]への欠勤[けっきん]連絡[れんらく]は理由[りゆう]と連絡[れんらく]手段[しゅだん]を添[そ]えた敬語[けいご]が無難[ぶなん]です。,This option best matches the required level of politeness and register for the situation.,keigo | register | politeness,N2,5,場面[ばめん]に合[あ]う文体[ぶんたい]・敬[けい]さ | 社会的距離[しゃかいてききょり]と表現[ひょうげん]の選択[せんたく],敬語[けいご] | 丁寧[ていねい]語[ご] | 普通[ふつう]体[たい] | 依頼[いらい],draft,,normalized_2026_05,codex
transitivityDuel,td_001,1,multipleChoice,Choose the most natural sentence. No one touched the window; a gust of wind did it.,Choose the most natural sentence. No one touched the window; a gust of wind did it.,,,強[つよ]い風[かぜ]が吹[ふ]いて、窓[まど]の方[ほう]から突然[とつぜん]音[おと]がした。どうなったか説明[せつめい]する文[ぶん]として自然[しぜん]なのはどれ？,The wind was blowing and suddenly sounded from the window. Which is natural as a sentence to explain what happened?,a,「開[ひら]く」は自動詞[じどうし]で、変化[へんか]が起[お]きた窓[まど]に「が」が付[つ]く。「開[あ]ける」は他動詞[たどうし]で、開[あ]ける人[ひと]や力[ちから]に意図[いと]や操作[そうさ]が読[よ]めるので、この自然[しぜん]現象[げんしょう]の説明[せつめい]には向[む]かない。,"""Opening"" is an auto-verb, and ""が"" is attached to the window where the change occurs. ""Opening"" is another詞, so it is not suitable for the explanation of this natural phenomenon because the intention and operation can be read by the person or force to open.",transitivity | jidoushi | wo_ga,N4,1,自動詞[じどうし]・他動詞[たどうし]の対照[たいしょう] | 叙述[じょじゅつ]の焦点[しょうてん]と項[こう]の取[と]り方[かた],強[つよ]い風[かぜ]が吹[ふ]いて | 窓[まど]の方[ほう]から突然[とつぜん]音[おと]がした | どうなったか説明[せつめい]する文[ぶん]として自然[しぜん]なのはどれ,draft,,,
transitivityDuel,td_002,2,multipleChoice,Choose the most natural sentence. You intentionally open the shop shutter before business hours.,Choose the most natural sentence. You intentionally open the shop shutter before business hours.,,,店[みせ]の準備[じゅんび]で、あなたがシャッターを上[あ]げるところだ。自分[じぶん]の行為[こうい]を言[い]うのに自然[しぜん]なのはどれ？,"In the preparation of the store, you can raise the . Which is natural to say your own?",b,人[ひと]が操作[そうさ]して開[あ]けるなら他動詞[たどうし]の「開[あ]ける」で、操作[そうさ]の対象[たいしょう]に「を」。「開[ひら]く」は自動詞[じどうし]で、シャッターが自分[じぶん]から動[うご]いたように聞[き]こえる。,"If a person is操作ed and opened, it is ""Open"" of other詞s. ""Opening"" is an auto-verb, and it sounds like a。 from me.",transitivity | tadoushi | intention,N4,1,自動詞[じどうし]・他動詞[たどうし]の対照[たいしょう] | 叙述[じょじゅつ]の焦点[しょうてん]と項[こう]の取[と]り方[かた],店[みせ]の準備[じゅんび]で | あなたがシャッターを上[あ]げるところだ | 自分[じぶん]の行為[こうい]を言[い]うのに自然[しぜん]なのはどれ,draft,,,
transitivityDuel,td_003,3,multipleChoice,Choose the sentence that correctly uses が with the intransitive verb.,Choose the sentence that correctly uses が with the intransitive verb.,,,箱[ばこ]の蓋[ふた]の話[はなし]をしている。自動詞[じどうし]の形[かたち]として正[ただ]しいのはどれ？,I'm talking about the lid of the box. Which is correct as an autonomy?,a,「開[ひら]く」は自動詞[じどうし]なので、変化[へんか]の主体[しゅたい]「蓋[ふた]」に「が」。「開[あ]ける」は他動詞[たどうし]で「蓋[ふた]を開[あ]ける」になる。,"""Opening"" is an auto-verb, so it's ""at the lid"" immediately after the change. ""Open"" becomes ""Open the lid"" with other詞s.",transitivity | jidoushi | wo_ga,N4,1,自動詞[じどうし]・他動詞[たどうし]の対照[たいしょう] | 叙述[じょじゅつ]の焦点[しょうてん]と項[こう]の取[と]り方[かた],箱[ばこ]の蓋[ふた]の話[はなし]をしている | 自動詞[じどうし]の形[かたち]として正[ただ]しいのはどれ,draft,,,
transitivityDuel,td_004,4,multipleChoice,Which sentence best implies that someone (not the door) caused the opening?,Which sentence best implies that someone (not the door) caused the opening?,,,ドアの前[まえ]に立[た]っている係員[かかりいん]について。誰[だれ]かが意図的[いとてき]に開[あ]けたことがはっきりするのはどれ？,About the staff standing in front of the door. Which is clear that someone has intentionally opened?,c,操作[そうさ]の主体[しゅたい]が「係員[かかりいん]」で、対象[たいしょう]は他動詞[たどうし]「開[あ]ける」に「を」。他[ほか]は自動詞[じどうし]「開[ひら]く」で、原因[げんいん]がドア自身[じしん]や状況[じょうきょう]に見[み]える。,"The command line of the operation is ""attenuation"", and the target is ""to open"" other詞. The other is an auto-verb “opening” and the cause is visible to the door itself and the situation.",transitivity | tadoushi | intention,N4,1,自動詞[じどうし]・他動詞[たどうし]の対照[たいしょう] | 叙述[じょじゅつ]の焦点[しょうてん]と項[こう]の取[と]り方[かた],ドアの前[まえ]に立[た]っている係員[かかりいん]について | 誰[だれ]かが意図的[いとてき]に開[あ]けたことがはっきりするのはどれ,draft,,,
transitivityDuel,td_005,5,multipleChoice,Choose the best sentence: you opened the window to air out the room.,Choose the best sentence: you opened the window to air out the room.,,,部屋[へや]の空気[くうき]を入[い]れ替[か]えたくて、あなたが窓[まど]を操作[そうさ]する場面[ばめん]。自然[しぜん]なのはどれ？,A scene where you want to change the air of the room and operate the window. What is natural?,b,人[ひと]が意図[いと]して開[あ]けるなら他動詞[たどうし]「窓[まど]を開[あ]ける」。「窓[まど]が開[ひら]いた」は自動詞[じどうし]で風[かぜ]などの自然[しぜん]変化[へんか]にも使[つか]え、意図[いと]がはっきりしない。,"If a person is intentionally opened, another詞 ""Open Window"". ""Window Open"" can be used for natural changes such as wind, and the intention is not clear.",transitivity | tadoushi | wo_ga,N4,1,自動詞[じどうし]・他動詞[たどうし]の対照[たいしょう] | 叙述[じょじゅつ]の焦点[しょうてん]と項[こう]の取[と]り方[かた],部屋[へや]の空気[くうき]を入[い]れ替[か]えたくて | あなたが窓[まど]を操作[そうさ]する場面[ばめん] | 自然[しぜん]なのはどれ,draft,,,
transitivityDuel,td_006,6,multipleChoice,Choose the most natural sentence. The door closed by itself (spring mechanism).,Choose the most natural sentence. The door closed by itself (spring mechanism).,,,オートドアのあとで、人[ひと]は触[さわ]っていない。自然[しぜん]に閉[と]じたといえるのはどれ？,There is no touch after the door. Which is the reason why we have closed naturally?,b,「閉[し]まる」は自動詞[じどうし]で、閉[と]じる変化[へんか]の主体[しゅたい]に「が」。「閉[し]める」は他動詞[たどうし]で人[ひと]の操作[そうさ]を連想[れんそう]する。,"""Closing"" is an auto-verb, and ""Closing"" is immediately after a closed change. ""Close"" is a combination of human operation with other詞s.",transitivity | jidoushi | wo_ga,N4,1,自動詞[じどうし]・他動詞[たどうし]の対照[たいしょう] | 叙述[じょじゅつ]の焦点[しょうてん]と項[こう]の取[と]り方[かた],オートドアのあとで | 人[ひと]は触[さわ]っていない | 自然[しぜん]に閉[と]じたといえるのはどれ,draft,,,
transitivityDuel,td_007,7,multipleChoice,"Choose the natural sentence. Before leaving, you shut the window.","Choose the natural sentence. Before leaving, you shut the window.",,,出[で]かける前[まえ]に、あなたが窓[まど]を手[て]で閉[と]じた。行為[こうい]として自然[しぜん]なのはどれ？,"Before starting, you closed the window by hand. Which is natural as an act?",b,他動詞[たどうし]「閉[し]める」は対象[たいしょう]に「を」。「閉[し]まる」は自動詞[じどうし]で、自分[じぶん]で閉[と]じた感[かん]じが弱[よわ]い。,"Other s ""Close"" to the target. ""Close"" is an auto-verb, and it is weak to feel that I closed myself.",transitivity | tadoushi | intention,N4,1,自動詞[じどうし]・他動詞[たどうし]の対照[たいしょう] | 叙述[じょじゅつ]の焦点[しょうてん]と項[こう]の取[と]り方[かた],出[で]かける前[まえ]に | あなたが窓[まど]を手[て]で閉[と]じた | 行為[こうい]として自然[しぜん]なのはどれ,draft,,,
transitivityDuel,td_008,8,multipleChoice,Which uses を correctly with the transitive verb?,Which uses を correctly with the transitive verb?,,,本棚[ほんだな]について発言[はつげん]している。他動詞[たどうし]の枠[わく]として正[ただ]しいのはどれ？,I'm talking about bookshelves. Which is the correct border for other s?,b,「閉[し]める」は他動詞[たどうし]なので「扉[とびら]を閉[し]める」。「閉[し]まる」は自動詞[じどうし]で「扉[とびら]が閉[し]まる」。,"""Close"" is another詞, so ""Close the door"". ""Close"" is an auto-verb and ""Door closes"".",transitivity | tadoushi | wo_ga,N4,1,自動詞[じどうし]・他動詞[たどうし]の対照[たいしょう] | 叙述[じょじゅつ]の焦点[しょうてん]と項[こう]の取[と]り方[かた],本棚[ほんだな]について発言[はつげん]している | 他動詞[たどうし]の枠[わく]として正[ただ]しいのはどれ,draft,,,
transitivityDuel,td_009,9,multipleChoice,Which sentence describes the change without naming a human agent in that clause?,Which sentence describes the change without naming a human agent in that clause?,,,夜[よる]になって店[みせ]のシャッターについて、その文[ぶん]だけで見[み]て主体[しゅたい]が「シャッター自身[じしん]」の変化[へんか]なのはどれ？,What is the change in店ter itself?,b,「閉[し]まる」は自動詞[じどうし]で、シャッターが閉[と]じた状態[じょうたい]変化[へんか]に「が」。他[ほか]は人[ひと]が主語[しゅご]で別[べつ]の行為[こうい]。,"""Close"" is an auto-verb, and theシャッター is closed. The other is another act in the subject.",transitivity | jidoushi | wo_ga,N4,1,自動詞[じどうし]・他動詞[たどうし]の対照[たいしょう] | 叙述[じょじゅつ]の焦点[しょうてん]と項[こう]の取[と]り方[かた],夜[よる]になって店[みせ]のシャッターについて | その文[ぶん]だけで見[み]て主体[しゅたい]が | シャッター自身[じしん] | の変化[へんか]なのはどれ,draft,,,
transitivityDuel,td_010,10,multipleChoice,Choose the best fit: you gently closed the laptop after saving your work.,Choose the best fit: you gently closed the laptop after saving your work.,,,仕事[しごと]を保存[ほぞん]してから、そっとノートパソコンを畳[たた]む場面[ばめん]。自然[しぜん]なのはどれ？,A scene where you can save your work and finally fold your laptop. What is natural?,b,画面[がめん]を操作[そうさ]して閉[と]じるのは他動詞[たどうし]「閉[し]める」。「閉[し]まる」は自動詞[じどうし]で、ソフトの挙動[きょどう]だけを言[い]うときには使[つか]いにくい。,"Other詞s ""Close"" to close the screen. ""Close"" is an auto-verb, and it is difficult to use when you say only the behavior of the software.",transitivity | tadoushi | intention,N4,1,自動詞[じどうし]・他動詞[たどうし]の対照[たいしょう] | 叙述[じょじゅつ]の焦点[しょうてん]と項[こう]の取[と]り方[かた],仕事[しごと]を保存[ほぞん]してから | そっとノートパソコンを畳[たた]む場面[ばめん] | 自然[しぜん]なのはどれ,draft,,,
transitivityDuel,td_011,11,multipleChoice,"Choose the sentence where the money ends up inside the wallet (change of state, no agent named).","Choose the sentence where the money ends up inside the wallet (change of state, no agent named).",,,さいふの口[くち]が開[ひら]いていて、小銭[こぜに]が中[なか]に収[おさ]まったあとを言[ゆ]う。自然[しぜん]なのはどれ？,"It says that the mouth of the saifu is pulled, and the coin is placed inside. What is natural?",b,「入[はい]る」は自動詞[じどうし]で、入[はい]ったものに「が」、行[い]き先[さき]に「に」。「入[い]れる」は他動詞[たどうし]で人[ひと]が入[い]れる場面[ばめん]に使[つか]う。,"""Enter"" is an auto-verb, ""ha"", ""to"" to the destination. ""Enter"" is used for scenes where people put in other詞s.",transitivity | jidoushi | wo_ga,N4,1,自動詞[じどうし]・他動詞[たどうし]の対照[たいしょう] | 叙述[じょじゅつ]の焦点[しょうてん]と項[こう]の取[と]り方[かた],さいふの口[くち]が開[ひら]いていて | 小銭[こぜに]が中[なか]に収[おさ]まったあとを言[ゆ]う | 自然[しぜん]なのはどれ,draft,,,
transitivityDuel,td_012,12,multipleChoice,Choose the sentence for putting a letter into the mailbox on purpose.,Choose the sentence for putting a letter into the mailbox on purpose.,,,ポストの前[まえ]で、手紙[てがみ]を投函[とうかん]する。行為[こうい]として自然[しぜん]なのはどれ？,Send a letter in front of the post. Which is natural as an act?,b,人[ひと]が中[なか]へ入[い]れる操作[そうさ]は他動詞[たどうし]「入[い]れる」で、対象[たいしょう]に「を」。「入[はい]る」は自動詞[じどうし]で手紙[てがみ]が勝手[かって]に入[はい]ったように聞[き]こえる。,"The operation that people put inside is ""enter"" of other詞s. ""Enter"" sounds like a letter has been won by an auto-verb.",transitivity | tadoushi | intention,N4,1,自動詞[じどうし]・他動詞[たどうし]の対照[たいしょう] | 叙述[じょじゅつ]の焦点[しょうてん]と項[こう]の取[と]り方[かた],ポストの前[まえ]で | 手紙[てがみ]を投函[とうかん]する | 行為[こうい]として自然[しぜん]なのはどれ,draft,,,
transitivityDuel,td_013,13,multipleChoice,Which uses が with the intransitive verb correctly?,Which uses が with the intransitive verb correctly?,,,会場[かいじょう]の話[はなし]。正[ただ]しい枠[わく]はどれ？,Talk about the venue. What is the right frame?,b,「入[はい]る」は自動詞[じどうし]で、移動[いどう]する人[ひと]に「が」、到達点[とうたつてん]に「に」。「入[い]れる」は他動詞[たどうし]で「客[きゃく]を中[なか]に入[い]れる」が別枠[べつわく]。,"""Enter"" is an auto-verb, ""is"" to the person moving, ""in"" to the point of arrival. ""Enter"" is another枠 and ""to put the customer inside"".",transitivity | jidoushi | wo_ga,N4,1,自動詞[じどうし]・他動詞[たどうし]の対照[たいしょう] | 叙述[じょじゅつ]の焦点[しょうてん]と項[こう]の取[と]り方[かた],会場[かいじょう]の話[はなし] | 正[ただ]しい枠[わく]はどれ,draft,,,
transitivityDuel,td_014,14,multipleChoice,Which sentence implies you (the speaker) caused the item to go inside?,Which sentence implies you (the speaker) caused the item to go inside?,,,荷物[にもつ]をロッカーに収[おさ]める場面[ばめん]。操作[そうさ]がはっきりするのはどれ？,Luggage lockers Which operation is clear?,b,他動詞[たどうし]「入[い]れる」は人[ひと]が入[い]れる動作[どうさ]で「荷物[にもつ]を」。「入[はい]った」は自動詞[じどうし]で、自分[じぶん]で入[い]れた感[かん]じが弱[よわ]い。,"Other動作s ""Enter"" is a movement that people put in ""package"". ""I entered"" is an auto-verb, and the feeling that I put on it is weak.",transitivity | tadoushi | intention,N4,1,自動詞[じどうし]・他動詞[たどうし]の対照[たいしょう] | 叙述[じょじゅつ]の焦点[しょうてん]と項[こう]の取[と]り方[かた],荷物[にもつ]をロッカーに収[おさ]める場面[ばめん] | 操作[そうさ]がはっきりするのはどれ,draft,,,
transitivityDuel,td_015,15,multipleChoice,Choose the best sentence: water boiled over and got into the wrong hopper on the machine.,Choose the best sentence: water boiled over and got into the wrong hopper on the machine.,,,うっかりで水[みず]が別[べつ]の口[くち]に流[なが]れ込[こ]んでしまった。変化[へんか]の描写[びょうしゃ]として自然[しぜん]なのはどれ？,Water flows into another mouth. Which is natural as a solvent of change?,a,意図[いと]しない流[なが]れなら、水[みず]は自動的[じどうてき]に入[はい]るので自動詞[じどうし]「入[はい]る」に「が」。「入[い]れた」は他動詞[たどうし]で意図的[いとてき]な操作[そうさ]を連想[れんそう]する。,"If the flow is unintended, the water is automatically entered, so it is ""entered"". ""I put"" conjures the intentional operation with other詞s.",transitivity | jidoushi | wo_ga,N4,1,自動詞[じどうし]・他動詞[たどうし]の対照[たいしょう] | 叙述[じょじゅつ]の焦点[しょうてん]と項[こう]の取[と]り方[かた],うっかりで水[みず]が別[べつ]の口[くち]に流[なが]れ込[こ]んでしまった | 変化[へんか]の描写[びょうしゃ]として自然[しぜん]なのはどれ,draft,,,
transitivityDuel,td_016,16,multipleChoice,Choose the sentence for the train leaving the station (vehicle motion).,Choose the sentence for the train leaving the station (vehicle motion).,,,ホームで電車[でんしゃ]が発車[はっしゃ]したあとを言[ゆ]う。自然[しぜん]なのはどれ？,After the train has arrived at home. What is natural?,b,「出[で]る」は自動詞[じどうし]で、移動[いどう]主体[しゅたい]に「が」、通過[つうか]点[てん]に「を」（駅[えき]を出[で]る）。「出[だ]す」は他動詞[たどうし]で別[べつ]の意味[いみ]になる。,"""Exit"" is an auto-verb, and ""Exit"" to the passing point (Exit the station). ""Emit"" is another meaning with other詞s.",transitivity | jidoushi | wo_ga,N4,1,自動詞[じどうし]・他動詞[たどうし]の対照[たいしょう] | 叙述[じょじゅつ]の焦点[しょうてん]と項[こう]の取[と]り方[かた],ホームで電車[でんしゃ]が発車[はっしゃ]したあとを言[ゆ]う | 自然[しぜん]なのはどれ,draft,,,
transitivityDuel,td_017,17,multipleChoice,Choose the sentence for taking the garbage out (you put it out for collection).,Choose the sentence for taking the garbage out (you put it out for collection).,,,夕方[ゆうがた]、あなたが袋[ふくろ]を集積[しゅうせき]所[しょ]へ出[だ]す。自然[しぜん]なのはどれ？,"In the evening, you put the bag into a collection place. What is natural?",b,「出[だ]す」は他動詞[たどうし]で、動[うご]かす対象[たいしょう]に「を」。「出[で]る」は自動詞[じどうし]でごみが自走[じそう]的[てき]に出[で]る印象[いんしょう]になる。,"""Emit"" is another詞, and ""to move"" is ""Exit"" is an impression that garbage is self-propelled with an auto-verb.",transitivity | tadoushi | intention,N4,1,自動詞[じどうし]・他動詞[たどうし]の対照[たいしょう] | 叙述[じょじゅつ]の焦点[しょうてん]と項[こう]の取[と]り方[かた],夕方[ゆうがた] | あなたが袋[ふくろ]を集積[しゅうせき]所[しょ]へ出[だ]す | 自然[しぜん]なのはどれ,draft,,,
transitivityDuel,td_018,18,multipleChoice,Which sentence correctly uses を with the transitive verb for handing out copies?,Which sentence correctly uses を with the transitive verb for handing out copies?,,,会議[かいぎ]で資料[しりょう]を配[くば]る場面[ばめん]。正[ただ]しいのはどれ？,A scene to distribute materials at meetings. Which is right?,a,配布[はいふ]する「出[だ]す」は他動詞[たどうし]で、配[くば]るものに「を」。「出[で]る」は自動詞[じどうし]で資料[しりょう]が勝手[かって]に出[で]るようには言[い]いにくい。,"""Export"" is another詞, and ""Export"" is distributed. It is difficult to say that the material can be obtained by automatic lyrics.",transitivity | tadoushi | wo_ga,N4,1,自動詞[じどうし]・他動詞[たどうし]の対照[たいしょう] | 叙述[じょじゅつ]の焦点[しょうてん]と項[こう]の取[と]り方[かた],会議[かいぎ]で資料[しりょう]を配[くば]る場面[ばめん] | 正[ただ]しいのはどれ,draft,,,
transitivityDuel,td_019,19,multipleChoice,出口[でぐち]の描写[びょうしゃ]で、「誰[だれ]がドアを開[あ]けたか」を明示[めいじ]していないのはどれか。,"Among descriptions of the exit, which sentence does not explicitly say who opened the door?",,,建物[たてもの]の出口[でぐち]の場面[ばめん]について述[の]べた次[つぎ]の文[ぶん]のうち、操作[そうさ]する人[ひと]を主語[しゅご]にしていないのはどれ？,Which of the following sentences that describe the scene of the exit of the building are not the main words of the operator?,b,「出[で]る」は自動詞[じどうし]で、出[で]ていく人[ひと]に「が」。他[ほか]は人[ひと]が操作[そうさ]をした文[ぶん]で主体[しゅたい]が違[ちが]う。,"""Exit"" is an auto-verb. In other words, the alphabet is different in the sentence that a person操作ed.",transitivity | jidoushi | wo_ga,N4,1,自動詞[じどうし]・他動詞[たどうし]の対照[たいしょう] | 叙述[じょじゅつ]の焦点[しょうてん]と項[こう]の取[と]り方[かた],建物[たてもの]の出口[でぐち]について | その | だけ見[み]て人[ひと]が主語[しゅご]にいないのはどれ,draft,,,
transitivityDuel,td_020,20,multipleChoice,Choose the best sentence: you took your wallet out of your bag at the register.,Choose the best sentence: you took your wallet out of your bag at the register.,,,レジで財布[さいふ]を取[と]り出[だ]す。意図的[いとてき]な操作[そうさ]を言[い]うのに自然[しぜん]なのはどれ？,Take out your wallet with a cashier. Which is natural to say the intentional operation?,b,手[て]で取[と]り出[だ]すなら他動詞[たどうし]「出[だ]す」に「を」。「出[で]た」は自動詞[じどうし]で、財布[さいふ]が一人[ひとり]で出[で]たように聞[き]こえる。,"If you take it by hand, you can get another詞. ""Exodus"" is an auto-verb, and it sounds like the wallet came out alone.",transitivity | tadoushi | intention,N4,1,自動詞[じどうし]・他動詞[たどうし]の対照[たいしょう] | 叙述[じょじゅつ]の焦点[しょうてん]と項[こう]の取[と]り方[かた],レジで財布[さいふ]を取[と]り出[だ]す | 意図的[いとてき]な操作[そうさ]を言[い]うのに自然[しぜん]なのはどれ,draft,,,
transitivityDuel,td_021,21,multipleChoice,Choose the sentence where the lights went off without anyone flipping the switch (power outage).,Choose the sentence where the lights went off without anyone flipping the switch (power outage).,,,停電[ていでん]でまわりが暗[くら]くなった。自然[しぜん]なのはどれ？,It was darkened by power outage. What is natural?,b,「消[き]える」は自動詞[じどうし]で、消[き]えたものに「が」。「消[け]す」は他動詞[たどうし]で人[ひと]の操作[そうさ]を連想[れんそう]する。,"""Disappear"" is an auto-verb and disappears. ""Remove"" recalls human operation with other詞s.",transitivity | jidoushi | wo_ga,N4-N3,2,自動詞[じどうし]・他動詞[たどうし]の対照[たいしょう] | 叙述[じょじゅつ]の焦点[しょうてん]と項[こう]の取[と]り方[かた],停電[ていでん]でまわりが暗[くら]くなった | 自然[しぜん]なのはどれ,draft,,,
transitivityDuel,td_022,22,multipleChoice,Choose the sentence for turning off the TV before bed on purpose.,Choose the sentence for turning off the TV before bed on purpose.,,,寝[ね]る前[まえ]にリモコンでテレビの電源[でんげん]を切[き]る。自然[しぜん]なのはどれ？,Watch the TV with a remote control before sleeping. What is natural?,b,操作[そうさ]して止[と]めるなら他動詞[たどうし]「消[け]す」で「テレビを」。「消[き]える」は自動詞[じどうし]で誰[だれ]が消[け]したかははっきりしない。,"If you stop by操作ing it, you can turn on a TV with another詞. ""Disappear"" is not clear who has disappeared with an auto-verb.",transitivity | tadoushi | intention,N4-N3,2,自動詞[じどうし]・他動詞[たどうし]の対照[たいしょう] | 叙述[じょじゅつ]の焦点[しょうてん]と項[こう]の取[と]り方[かた],寝[ね]る前[まえ]にリモコンでテレビの電源[でんげん]を切[き]る | 自然[しぜん]なのはどれ,draft,,,
transitivityDuel,td_023,23,multipleChoice,Which uses を with the transitive verb for erasing a whiteboard?,Which uses を with the transitive verb for erasing a whiteboard?,,,ホワイトボードの文[ぶん]。正[ただ]しいのはどれ？,Whiteboard Which is right?,b,消[け]し取[と]る操作[そうさ]は他動詞[たどうし]「消[け]す」で、消[け]す対象[たいしょう]に「を」。消[き]えた描写[びょうしゃ]なら自動詞[じどうし]「消[き]える」に「が」。,"The action to cancel is ""disabled"" with other詞s. If it disappears, it will disappear.",transitivity | tadoushi | wo_ga,N4-N3,2,自動詞[じどうし]・他動詞[たどうし]の対照[たいしょう] | 叙述[じょじゅつ]の焦点[しょうてん]と項[こう]の取[と]り方[かた],ホワイトボードの文[ぶん] | 正[ただ]しいのはどれ,draft,,,
transitivityDuel,td_024,24,multipleChoice,Which sentence best suggests the stain disappeared on its own (e.g. over time)?,Which sentence best suggests the stain disappeared on its own (e.g. over time)?,,,しみが時間[じかん]で薄[うす]くなった。無[む]意志[いし]の変化[へんか]を言[い]うのに向[む]くのはどれ？,became thin in time. Which is the right to say a change in willlessness?,b,自然[しぜん]に薄[うす]くなるなら自動詞[じどうし]「消[き]える」に「が」。「消[け]した」は他動詞[たどうし]で行為[こうい]者[しゃ]がいる前提[ぜんてい]になる。,"If it is naturally thin, it will disappear. ""Revoked"" is assumed to be an acter.",transitivity | jidoushi | wo_ga,N4-N3,2,自動詞[じどうし]・他動詞[たどうし]の対照[たいしょう] | 叙述[じょじゅつ]の焦点[しょうてん]と項[こう]の取[と]り方[かた],しみが時間[じかん]で薄[うす]くなった | 無[む]意志[いし]の変化[へんか]を言[い]うのに向[む]くのはどれ,draft,,,
transitivityDuel,td_025,25,multipleChoice,Choose the best sentence: you deleted the wrong line in the document by mistake.,Choose the best sentence: you deleted the wrong line in the document by mistake.,,,うっかり行[ぎょう]を消[け]してしまった。自分[じぶん]の操作[そうさ]だったことを言[い]うのはどれ？,I broke off the . What do you say was your own operation?,b,データを操作[そうさ]して消[け]すのは他動詞[たどうし]「消[け]す」。「消[き]える」は自動詞[じどうし]で、自分[じぶん]のミスだと分[わ]かりにくい。,"操作e and操作 data is another詞. ""Disappear"" is an auto-verb and it is difficult to understand if it is your mistake.",transitivity | tadoushi | intention,N4-N3,2,自動詞[じどうし]・他動詞[たどうし]の対照[たいしょう] | 叙述[じょじゅつ]の焦点[しょうてん]と項[こう]の取[と]り方[かた],うっかり行[ぎょう]を消[け]してしまった | 自分[じぶん]の操作[そうさ]だったことを言[い]うのはどれ,draft,,,
transitivityDuel,td_026,26,multipleChoice,Choose the sentence for keys slipping out of your hand and falling (no agency on purpose).,Choose the sentence for keys slipping out of your hand and falling (no agency on purpose).,,,手[て]が滑[すべ]って鍵[かぎ]が床[ゆか]へ落[お]ちた。出来事[できごと]の描写[びょうしゃ]として自然[しぜん]なのはどれ？,The key fell to the floor. Which is natural as a secretion of events?,b,落[お]ちるは自動詞[じどうし]で、落[お]ちたものに「が」。「落[お]とす」は他動詞[たどうし]で故意[こい]や不注意[ふちゅうい]で落[お]とした操作[そうさ]を言[ゆ]う。,"It’s an auto-verb, and it’s a fall. ""Drop"" says the operation that was dropped with intentional and inadvertent with other詞s.",transitivity | jidoushi | wo_ga,N4-N3,2,自動詞[じどうし]・他動詞[たどうし]の対照[たいしょう] | 叙述[じょじゅつ]の焦点[しょうてん]と項[こう]の取[と]り方[かた],手[て]が滑[すべ]って鍵[かぎ]が床[ゆか]へ落[お]ちた | 出来事[できごと]の描写[びょうしゃ]として自然[しぜん]なのはどれ,draft,,,
transitivityDuel,td_027,27,multipleChoice,Choose the sentence for accidentally dropping your phone (you caused it to fall).,Choose the sentence for accidentally dropping your phone (you caused it to fall).,,,うっかりスマホを落[お]としてしまった。行為[こうい]を言[い]うのに自然[しぜん]なのはどれ？,I lost my smartphone. Which is natural to say?,b,他動詞[たどうし]「落[お]とす」は落[お]とした対象[たいしょう]に「を」。「落[お]ちた」だけだと、自分[じぶん]が原因[げんいん]とは限[かぎ]らない。,"Other詞s ""Drawing"" are dropped. If you only fall down, it is not the cause.",transitivity | tadoushi | intention,N4-N3,2,自動詞[じどうし]・他動詞[たどうし]の対照[たいしょう] | 叙述[じょじゅつ]の焦点[しょうてん]と項[こう]の取[と]り方[かた],うっかりスマホを落[お]としてしまった | 行為[こうい]を言[い]うのに自然[しぜん]なのはどれ,draft,,,
transitivityDuel,td_028,28,multipleChoice,Which uses が with the intransitive verb for leaves falling?,Which uses が with the intransitive verb for leaves falling?,,,秋[あき]の木[き]の下[した]の描写[びょうしゃ]。正[ただ]しいのはどれ？,View under the autumn tree. Which is right?,a,自然[しぜん]に落[お]ちるなら自動詞[じどうし]「落[お]ちる」に「が」。「落[お]とす」は他動詞[たどうし]で誰[だれ]かが落[お]としたことになる。,"If it falls naturally, it is ""to fall"". ""Drawing"" is someone's lost in other詞s.",transitivity | jidoushi | wo_ga,N4-N3,2,自動詞[じどうし]・他動詞[たどうし]の対照[たいしょう] | 叙述[じょじゅつ]の焦点[しょうてん]と項[こう]の取[と]り方[かた],秋[あき]の木[き]の下[した]の描写[びょうしゃ] | 正[ただ]しいのはどれ,draft,,,
transitivityDuel,td_029,29,multipleChoice,Which sentence implies you threw or dropped the ball to the ground on purpose during practice?,Which sentence implies you threw or dropped the ball to the ground on purpose during practice?,,,練習[れんしゅう]でわざとボールを地面[じめん]に落[お]とす。意図[いと]が出[で]るのはどれ？,Drop the ball into the ground by practice. What is your intention?,c,操作[そうさ]して落[お]とすのは他動詞[たどうし]「落[お]とす」に「を」。「落[お]ちた」は自動詞[じどうし]で故意[こい]かどうかは文脈[ぶんみゃく]次第[しだい]。,"操作ing and dropping is to ""de "" other詞s. It depends on the context whether the ""fall"" is intentional with an auto-verb.",transitivity | tadoushi | intention,N4-N3,2,自動詞[じどうし]・他動詞[たどうし]の対照[たいしょう] | 叙述[じょじゅつ]の焦点[しょうてん]と項[こう]の取[と]り方[かた],練習[れんしゅう]でわざとボールを地面[じめん]に落[お]とす | 意図[いと]が出[で]るのはどれ,draft,,,
transitivityDuel,td_030,30,multipleChoice,Choose the best sentence: a ripe apple fell from the branch; nobody picked it.,Choose the best sentence: a ripe apple fell from the branch; nobody picked it.,,,誰[だれ]も揺[ゆ]すっていないのに、木[き]からりんごが落[お]ちた。自然[しぜん]なのはどれ？,The  fell from the tree though no one shakes. What is natural?,b,自然[しぜん]に落[お]ちる果実[かじつ]は自動詞[じどうし]「落[お]ちる」に「が」。「落[お]とす」は他動詞[たどうし]で、だれかが落[お]としたことになる。,"The fruit that falls naturally is an automatic lyric “fall”. ""Drawing"" is another詞, and someone is dropped.",transitivity | jidoushi | wo_ga,N4-N3,2,自動詞[じどうし]・他動詞[たどうし]の対照[たいしょう] | 叙述[じょじゅつ]の焦点[しょうてん]と項[こう]の取[と]り方[かた],誰[だれ]も揺[ゆ]すっていないのに | 木[き]からりんごが落[お]ちた | 自然[しぜん]なのはどれ,draft,,,
transitivityDuel,td_031,31,multipleChoice,Choose the sentence for the movie starting at the announced time (event begins).,Choose the sentence for the movie starting at the announced time (event begins).,,,映画館[えいがかん]で上映[じょうえい]開始[かいし]の時間[じかん]になった。自然[しぜん]なのはどれ？,It was time to start screening at the cinema. What is natural?,b,「始[はじ]まる」は自動詞[じどうし]で、始[はじ]まる出来事[できごと]に「が」。「始[はじ]める」は他動詞[たどうし]で人[ひと]が始[はじ]めるときに「を」。,"""。"" is an auto-verb, and ""。"" is an event that begins. “Getting Started” is “when people start with other詞s.”",transitivity | jidoushi | wo_ga,N4-N3,2,自動詞[じどうし]・他動詞[たどうし]の対照[たいしょう] | 叙述[じょじゅつ]の焦点[しょうてん]と項[こう]の取[と]り方[かた],映画館[えいがかん]で上映[じょうえい]開始[かいし]の時間[じかん]になった | 自然[しぜん]なのはどれ,draft,,,
transitivityDuel,td_032,32,multipleChoice,Choose the sentence for the host starting the party with a short speech.,Choose the sentence for the host starting the party with a short speech.,,,司会[しかい]が挨拶[あいさつ]してパーティーを始[はじ]める。自然[しぜん]なのはどれ？,The 会well party started. What is natural?,b,他動詞[たどうし]「始[はじ]める」は対象[たいしょう]に「を」。「始[はじ]まる」は自動詞[じどうし]で、パーティーそのものが主語[しゅご]になる。,"""Getting Started"" is the target. It is an auto-verb and the party itself becomes the main word.",transitivity | tadoushi | intention,N4-N3,2,自動詞[じどうし]・他動詞[たどうし]の対照[たいしょう] | 叙述[じょじゅつ]の焦点[しょうてん]と項[こう]の取[と]り方[かた],司会[しかい]が挨拶[あいさつ]してパーティーを始[はじ]める | 自然[しぜん]なのはどれ,draft,,,
transitivityDuel,td_033,33,multipleChoice,Which uses を with the transitive verb for starting a PC?,Which uses を with the transitive verb for starting a PC?,,,作業[さぎょう]の開始[かいし]について。正[ただ]しいのはどれ？,Start of work Which is right?,a,「仕事[しごと]を始[はじ]める」で他動詞[たどうし]「始[はじ]める」に「を」。「仕事[しごと]が始[はじ]まる」なら自動詞[じどうし]の別枠[べつわく]。,"""Getting Started"" is another詞. If you want to start work, you can use an auto-verb.",transitivity | tadoushi | wo_ga,N4-N3,2,自動詞[じどうし]・他動詞[たどうし]の対照[たいしょう] | 叙述[じょじゅつ]の焦点[しょうてん]と項[こう]の取[と]り方[かた],作業[さぎょう]の開始[かいし]について | 正[ただ]しいのはどれ,draft,,,
transitivityDuel,td_034,34,multipleChoice,Which sentence describes the match beginning without naming who organized it in that clause?,Which sentence describes the match beginning without naming who organized it in that clause?,,,試合[しあい]の開始[かいし]だけを言[ゆ]う。人[ひと]が主語[しゅご]に出[で]ないのはどれ？,Just say the start of the game. Which people do not speak to the subject?,b,「始[はじ]まる」は自動詞[じどうし]で、試合[しあい]に「が」。人[ひと]の動[うご]きではなく出来事[できごと]の開始[かいし]を表[あらわ]す。,"""。"" is an auto-verb, ""has"" to the game. the start of events rather than the movement of people.",transitivity | jidoushi | wo_ga,N4-N3,2,自動詞[じどうし]・他動詞[たどうし]の対照[たいしょう] | 叙述[じょじゅつ]の焦点[しょうてん]と項[こう]の取[と]り方[かた],試合[しあい]の開始[かいし]だけを言[ゆ]う | 人[ひと]が主語[しゅご]に出[で]ないのはどれ,draft,,,
transitivityDuel,td_035,35,multipleChoice,Choose the best sentence: you start studying after dinner every day.,Choose the best sentence: you start studying after dinner every day.,,,毎晩[まいばん]、夕食[ゆうしょく]のあと勉強[べんきょう]を始[はじ]める習慣[しゅうかん]。自然[しぜん]なのはどれ？,A custom to start studying after dinner every night. What is natural?,b,人[ひと]が始[はじ]めるなら他動詞[たどうし]「勉強[べんきょう]を始[はじ]める」。「始[はじ]まる」は自動詞[じどうし]で、誰[だれ]が始[はじ]めたかは文[ぶん]に出[で]ない。,"If a person starts, another詞 ""Start studying"". ""。"" is an auto-verb, and no one starts writing.",transitivity | tadoushi | intention,N4-N3,2,自動詞[じどうし]・他動詞[たどうし]の対照[たいしょう] | 叙述[じょじゅつ]の焦点[しょうてん]と項[こう]の取[と]り方[かた],毎晩[まいばん] | 夕食[ゆうしょく]のあと勉強[べんきょう]を始[はじ]める習慣[しゅうかん] | 自然[しぜん]なのはどれ,draft,,,
transitivityDuel,td_036,36,multipleChoice,Choose the sentence for the bus stopping at a red light (vehicle stops by itself).,Choose the sentence for the bus stopping at a red light (vehicle stops by itself).,,,信号[しんごう]でバスが停車[ていしゃ]した。自然[しぜん]なのはどれ？,The bus stopped by the signal. What is natural?,b,「止[と]まる」は自動詞[じどうし]で、止[と]まるものに「が」。「止[と]める」は他動詞[たどうし]で運転手[うんてんしゅ]が止[と]める場面[ばめん]。,"""。"" is an auto-verb, and ""。"" is the one that begins. ""Stop"" is a scene where the driver stops with other詞s.",transitivity | jidoushi | wo_ga,N4-N3,2,自動詞[じどうし]・他動詞[たどうし]の対照[たいしょう] | 叙述[じょじゅつ]の焦点[しょうてん]と項[こう]の取[と]り方[かた],信号[しんごう]でバスが停車[ていしゃ]した | 自然[しぜん]なのはどれ,draft,,,
transitivityDuel,td_037,37,multipleChoice,Choose the sentence for the driver stopping the car in front of the house.,Choose the sentence for the driver stopping the car in front of the house.,,,運転手[うんてんしゅ]が家[いえ]の前[まえ]で車[くるま]を停[と]める。自然[しぜん]なのはどれ？,The driver stops in front of the house. What is natural?,b,他動詞[たどうし]「止[と]める」は止[と]める対象[たいしょう]に「を」。「止[と]まる」は自動詞[じどうし]で、誰[だれ]が止[と]めたかは言[い]わない。,"Other s ""Stop"" to stop. ""。"" is an auto-verb and does not tell who to stop.",transitivity | tadoushi | intention,N4-N3,2,自動詞[じどうし]・他動詞[たどうし]の対照[たいしょう] | 叙述[じょじゅつ]の焦点[しょうてん]と項[こう]の取[と]り方[かた],運転手[うんてんしゅ]が家[いえ]の前[まえ]で車[くるま]を停[と]める | 自然[しぜん]なのはどれ,draft,,,
transitivityDuel,td_038,38,multipleChoice,Which uses を with the transitive verb for turning off a machine?,Which uses を with the transitive verb for turning off a machine?,,,工場[こうじょう]の機械[きかい]の操作[そうさ]。正[ただ]しいのはどれ？,Operation of machine in factory. Which is right?,a,人[ひと]が止[と]めるのは他動詞[たどうし]「止[と]める」に「を」。「止[と]まる」は自動詞[じどうし]で機械[きかい]が止[と]まる描写[びょうしゃ]。,"""Stop"" to other詞s to stop people. ""機械"" is an automatic詞 that the machine is pulled.",transitivity | tadoushi | wo_ga,N4-N3,2,自動詞[じどうし]・他動詞[たどうし]の対照[たいしょう] | 叙述[じょじゅつ]の焦点[しょうてん]と項[こう]の取[と]り方[かた],工場[こうじょう]の機械[きかい]の操作[そうさ] | 正[ただ]しいのはどれ,draft,,,
transitivityDuel,td_039,39,multipleChoice,"Which sentence only describes the watch stopping (mechanical failure), not you fixing it?","Which sentence only describes the watch stopping (mechanical failure), not you fixing it?",,,古[ふる]い腕時計[うでどけい]が動[うご]かなくなった。変化[へんか]だけを言[い]うのはどれ？,The old watch is no longer moving. What is the change?,b,「止[と]まる」は自動詞[じどうし]で、止[と]まった時計[とけい]に「が」。「止[と]めた」は他動詞[たどうし]で人[ひと]が止[と]めたことになる。,"""S。"" is an auto-verb, and ""is"" to the watch you pulled. ""Stop"" is a person stopping with other詞s.",transitivity | jidoushi | wo_ga,N4-N3,2,自動詞[じどうし]・他動詞[たどうし]の対照[たいしょう] | 叙述[じょじゅつ]の焦点[しょうてん]と項[こう]の取[と]り方[かた],古[ふる]い腕時計[うでどけい]が動[うご]かなくなった | 変化[へんか]だけを言[い]うのはどれ,draft,,,
transitivityDuel,td_040,40,multipleChoice,Choose the best sentence: you stopped a video during the meeting to ask a question.,Choose the best sentence: you stopped a video during the meeting to ask a question.,,,会議[かいぎ]中[ちゅう]に動画[どうが]を一時停止[いちじていし]する。操作[そうさ]を言[い]うのはどれ？,Pause the video during the meeting. What is the operation?,b,再生[さいせい]を止[と]める操作[そうさ]は他動詞[たどうし]「止[と]める」に「を」。「止[と]まる」は自動詞[じどうし]で意図[いと]がはっきりしない。,"The action to stop playing is to stop another詞. ""。"" is not clearly intended with an auto-verb.",transitivity | tadoushi | intention,N4-N3,2,自動詞[じどうし]・他動詞[たどうし]の対照[たいしょう] | 叙述[じょじゅつ]の焦点[しょうてん]と項[こう]の取[と]り方[かた],会議[かいぎ]中[ちゅう]に動画[どうが]を一時停止[いちじていし]する | 操作[そうさ]を言[い]うのはどれ,draft,,,
transitivityDuel,td_041,41,multipleChoice,Choose the sentence where listeners gradually gathered (no organizer named in that clause).,Choose the sentence where listeners gradually gathered (no organizer named in that clause).,,,講演[こうえん]が始[はじ]まる前[まえ]に、客[きゃく]がホールに集[あつ]まってきた。自然[しぜん]なのはどれ？,Customers came to the hall before the lecture started. What is natural?,b,「集[あつ]まる」は自動詞[じどうし]で、集[あつ]まる人[ひと]に「が」。「集[あつ]める」は他動詞[たどうし]で人[ひと]が集[あつ]める操作[そうさ]。,"""Collection"" is an auto-verb, and it is a person who gathers. ""Collection"" is an operation to collect people with other詞s.",transitivity | jidoushi | wo_ga,N4-N3,2,自動詞[じどうし]・他動詞[たどうし]の対照[たいしょう] | 叙述[じょじゅつ]の焦点[しょうてん]と項[こう]の取[と]り方[かた],講演[こうえん]が始[はじ]まる前[まえ]に | 客[きゃく]がホールに集[あつ]まってきた | 自然[しぜん]なのはどれ,draft,,,
transitivityDuel,td_042,42,multipleChoice,Choose the sentence for collecting used stamps for a class project (you cause them to come together).,Choose the sentence for collecting used stamps for a class project (you cause them to come together).,,,班[はん]の活動[かつどう]で、使[つか]い終[お]わった切手[きって]を集[あつ]める。自然[しぜん]なのはどれ？,Collect stamps that have been used in group activities. What is natural?,c,「集[あつ]める」は他動詞[たどうし]で、集[あつ]める対象[たいしょう]に「を」。「集[あつ]まる」は自動詞[じどうし]で切手[きって]が勝手[かって]に集[あつ]まるようには言[い]わない。,"""Collection"" is another詞, and ""to collect"" is ""Collection"" is not to say that stamps will be collected by automatic lyrics.",transitivity | tadoushi | intention,N4-N3,2,自動詞[じどうし]・他動詞[たどうし]の対照[たいしょう] | 叙述[じょじゅつ]の焦点[しょうてん]と項[こう]の取[と]り方[かた],班[はん]の活動[かつどう]で | 使[つか]い終[お]わった切手[きって]を集[あつ]める | 自然[しぜん]なのはどれ,draft,,,
transitivityDuel,td_043,43,multipleChoice,Which uses が with the intransitive verb for dust gathering?,Which uses が with the intransitive verb for dust gathering?,,,部屋[へや]の隅[すみ]のほこりについて。正[ただ]しいのはどれ？,About the corner of the room. Which is right?,a,自然[しぜん]に寄[よ]り集[あつ]まるなら自動詞[じどうし]「集[あつ]まる」に「が」。「集[あつ]める」は他動詞[たどうし]で掃除機[そうじき]が吸[す]い集[あつ]めるなど操作[そうさ]の文[ぶん]。,"If you get closer to nature, you will find it in the auto-verbs ""collect"". ""Collection"" is a statement of operation such as sucking the vacuum cleaner with other詞s.",transitivity | jidoushi | wo_ga,N4-N3,2,自動詞[じどうし]・他動詞[たどうし]の対照[たいしょう] | 叙述[じょじゅつ]の焦点[しょうてん]と項[こう]の取[と]り方[かた],部屋[へや]の隅[すみ]のほこりについて | 正[ただ]しいのはどれ,draft,,,
transitivityDuel,td_044,44,multipleChoice,Which sentence implies a person actively gathered the documents?,Which sentence implies a person actively gathered the documents?,,,書類[しょるい]を一[いち]か所[しょ]に揃[そろ]えた。操作[そうさ]がはっきりするのはどれ？,All documents are in one place. Which operation is clear?,b,人[ひと]が集[あつ]めるなら他動詞[たどうし]「集[あつ]める」に「を」。「集[あつ]まった」は自動詞[じどうし]で誰[だれ]が揃[そろ]えたかは曖昧[あいまい]。,"If a person gathers, ""to collect"" other詞s. ""Collection"" is ambiguous who is aligned with automatic lyrics.",transitivity | tadoushi | intention,N4-N3,2,自動詞[じどうし]・他動詞[たどうし]の対照[たいしょう] | 叙述[じょじゅつ]の焦点[しょうてん]と項[こう]の取[と]り方[かた],書類[しょるい]を一[いち]か所[しょ]に揃[そろ]えた | 操作[そうさ]がはっきりするのはどれ,draft,,,
transitivityDuel,td_045,45,multipleChoice,Choose the best sentence: rain clouds are building over the mountains (weather change).,Choose the best sentence: rain clouds are building over the mountains (weather change).,,,山[やま]の上[うえ]に雲[くも]がだんだんかたまってきた。描写[びょうしゃ]として自然[しぜん]なのはどれ？,The clouds came over the mountain. Which is natural as a soap?,b,気象[きしょう]の変化[へんか]で雲[くも]が集[あつ]まるなら自動詞[じどうし]「集[あつ]まる」に「が」。「集[あつ]めた」は他動詞[たどうし]で人[ひと]が集[あつ]める印象[いんしょう]。,"If the clouds gather due to weather changes, they will be automatically lyriced. ""Collection"" is the impression that people gather with other詞s.",transitivity | jidoushi | wo_ga,N4-N3,2,自動詞[じどうし]・他動詞[たどうし]の対照[たいしょう] | 叙述[じょじゅつ]の焦点[しょうてん]と項[こう]の取[と]り方[かた],山[やま]の上[うえ]に雲[くも]がだんだんかたまってきた | 描写[びょうしゃ]として自然[しぜん]なのはどれ,draft,,,
transitivityDuel,td_046,46,multipleChoice,Choose the sentence for the meeting date being fixed after discussion (result state).,Choose the sentence for the meeting date being fixed after discussion (result state).,,,話[はな]し合[あ]いのあと、日程[にってい]が確定[かくてい]した。自然[しぜん]なのはどれ？,"After discussion, the schedule was confirmed. What is natural?",b,「決[き]まる」は自動詞[じどうし]で、決[き]まった内容[ないよう]に「が」。「決[き]める」は他動詞[たどうし]で人[ひと]が決[き]めるときに「を」。,"""Delete"" is an auto-verb, ""is"" to the content determined. ""Decide"" is ""when someone decides"" with other詞s.",transitivity | jidoushi | wo_ga,N3,3,自動詞[じどうし]・他動詞[たどうし]の対照[たいしょう] | 叙述[じょじゅつ]の焦点[しょうてん]と項[こう]の取[と]り方[かた],話[はな]し合[あ]いのあと | 日程[にってい]が確定[かくてい]した | 自然[しぜん]なのはどれ,draft,,,
transitivityDuel,td_047,47,multipleChoice,Choose the sentence for the manager deciding the deadline on purpose.,Choose the sentence for the manager deciding the deadline on purpose.,,,部長[ぶちょう]が締[し]め切[き]りを指示[しじ]する。自然[しぜん]なのはどれ？,The manager instructs you. What is natural?,b,人[ひと]が決[き]めるのは他動詞[たどうし]「決[き]める」で「締[し]め切[き]りを」。「決[き]まる」は自動詞[じどうし]で日程[にってい]が勝手[かって]に決[き]まった印象[いんしょう]。,"If a person decides, the other詞 ""determining"". ""Delete"" is the impression that the schedule was decided by automatic lyrics.",transitivity | tadoushi | intention,N3,3,自動詞[じどうし]・他動詞[たどうし]の対照[たいしょう] | 叙述[じょじゅつ]の焦点[しょうてん]と項[こう]の取[と]り方[かた],部長[ぶちょう]が締[し]め切[き]りを指示[しじ]する | 自然[しぜん]なのはどれ,draft,,,
transitivityDuel,td_048,48,multipleChoice,Which uses を with the transitive verb for choosing lunch?,Which uses を with the transitive verb for choosing lunch?,,,昼食[ちゅうしょく]のこと。正[ただ]しいのはどれ？,Lunch Which is right?,a,選[えら]んで決[き]める操作[そうさ]は他動詞[たどうし]「決[き]める」に「を」。結果[けっか]だけなら「ランチがカレーに決[き]まった」で自動詞[じどうし]。,"You can choose the other操作 ""deciding"". If the result is only, ""Lunch is determined to curry"".",transitivity | tadoushi | wo_ga,N3,3,自動詞[じどうし]・他動詞[たどうし]の対照[たいしょう] | 叙述[じょじゅつ]の焦点[しょうてん]と項[こう]の取[と]り方[かた],昼食[ちゅうしょく]のこと | 正[ただ]しいのはどれ,draft,,,
transitivityDuel,td_049,49,multipleChoice,Which sentence describes the outcome without naming who chose it in that clause?,Which sentence describes the outcome without naming who chose it in that clause?,,,旅行[りょこう]の行[い]き先[さき]について、結果[けっか]だけを言[い]うのはどれ？,What is the result of the destination of the trip?,b,「決[き]まる」は自動詞[じどうし]で、決[き]まった事柄[ことがら]に「が」。誰[だれ]が決[き]めたかはこの文[ぶん]では出[で]てこない。,"""Delete"" is an auto-verb, and it's decided. I don't get out of this sentence.",transitivity | jidoushi | wo_ga,N3,3,自動詞[じどうし]・他動詞[たどうし]の対照[たいしょう] | 叙述[じょじゅつ]の焦点[しょうてん]と項[こう]の取[と]り方[かた],旅行[りょこう]の行[い]き先[さき]について | 結果[けっか]だけを言[い]うのはどれ,draft,,,
transitivityDuel,td_050,50,multipleChoice,Choose the best sentence: you finally settled on a cheap apartment after many visits.,Choose the best sentence: you finally settled on a cheap apartment after many visits.,,,何[なん]件[けん]も見[み]て、安[やす]い部屋[へや]に自分[じぶん]の意思[いし]で決[き]めた。自然[しぜん]なのはどれ？,I decided on a cheap room. What is natural?,b,自分[じぶん]で選[えら]んで決[き]めるなら他動詞[たどうし]「決[き]める」に「部屋[へや]を」。「決[き]まった」は自動詞[じどうし]で偶然[ぐうぜん]決[き]まった様子[ようす]にも読[よ]める。,"If you decide to choose by yourself, ""Room"" to ""deciding"". You can read ""defined"" by an auto-verb.",transitivity | tadoushi | intention,N3,3,自動詞[じどうし]・他動詞[たどうし]の対照[たいしょう] | 叙述[じょじゅつ]の焦点[しょうてん]と項[こう]の取[と]り方[かた],何[なん]件[けん]も見[み]て | 安[やす]い部屋[へや]に自分[じぶん]の意思[いし]で決[き]めた | 自然[しぜん]なのはどれ,draft,,,
transitivityDuel,td_051,51,multipleChoice,Choose the sentence for a glass cracking when hot water was poured in (no intent to break).,Choose the sentence for a glass cracking when hot water was poured in (no intent to break).,,,急[きゅう]に熱湯[ねっとう]を注[そそ]いでコップがひび割[わ]れた。自然[しぜん]なのはどれ？,The cup cracked suddenly by pouring hot water. What is natural?,b,「壊[こわ]れる」は自動詞[じどうし]で、壊[こわ]れたものに「が」。「壊[こわ]す」は他動詞[たどうし]で故意[こい]・過失[かしつ]で壊[こわ]す操作[そうさ]。,"""Break"" is an auto-verb and ""Break"" is broken. ""break"" is an operation to break by intentional or negligence with other詞s.",transitivity | jidoushi | wo_ga,N3,3,自動詞[じどうし]・他動詞[たどうし]の対照[たいしょう] | 叙述[じょじゅつ]の焦点[しょうてん]と項[こう]の取[と]り方[かた],急[きゅう]に熱湯[ねっとう]を注[そそ]いでコップがひび割[わ]れた | 自然[しぜん]なのはどれ,draft,,,
transitivityDuel,td_052,52,multipleChoice,Choose the sentence for a child accidentally breaking a toy (agent breaks it).,Choose the sentence for a child accidentally breaking a toy (agent breaks it).,,,子[こ]どもがうっかりおもちゃを壊[こわ]した。自然[しぜん]なのはどれ？,Children's toys were destroyed. What is natural?,b,他動詞[たどうし]「壊[こわ]す」は壊[こわ]す対象[たいしょう]に「を」。「壊[こわ]れる」は自動詞[じどうし]で、だれのせいかははっきりしない。,"Other詞s ""breaking"" is to be broken. ""Break"" is an auto-verb, which is not clear.",transitivity | tadoushi | intention,N3,3,自動詞[じどうし]・他動詞[たどうし]の対照[たいしょう] | 叙述[じょじゅつ]の焦点[しょうてん]と項[こう]の取[と]り方[かた],子[こ]どもがうっかりおもちゃを壊[こわ]した | 自然[しぜん]なのはどれ,draft,,,
transitivityDuel,td_053,53,multipleChoice,機械[きかい]を処分[しょぶん]する話[はなし]：他動詞[たどうし]に「を」が適切[てきせつ]に付[つ]いた文[ぶん]はどれか。,Throwing away an old machine: which sentence attaches を correctly to the transitive verb?,,,古[ふる]い機械[きかい]の処分[しょぶん]の話[はなし]。正[ただ]しいのはどれ？,Story of disposal of old machines. Which is right?,a,意図的[いとてき]に壊[こわ]すなら他動詞[たどうし]「壊[こわ]す」に「を」。「壊[こわ]れる」は自動詞[じどうし]で自然[しぜん]破損[はそん]の描写[びょうしゃ]。,"If you intentionally break it, you can use another詞 to break. ""Break"" is an auto-verb and is a natural break.",transitivity | tadoushi | wo_ga,N3,3,自動詞[じどうし]・他動詞[たどうし]の対照[たいしょう] | 叙述[じょじゅつ]の焦点[しょうてん]と項[こう]の取[と]り方[かた],古[ふる]い機械[きかい]の処分[しょぶん]の話[はなし] | 正[ただ]しいのはどれ,draft,,,
transitivityDuel,td_054,54,multipleChoice,Which sentence describes damage happening without naming who caused it in that clause?,Which sentence describes damage happening without naming who caused it in that clause?,,,台風[たいふう]のあと、家[いえ]の一部[いちぶ]について変化[へんか]だけを言[い]うのはどれ？,"After the 風のhoon, what is the only change in the house?",a,「壊[こわ]れる」は自動詞[じどうし]で、壊[こわ]れた部分[ぶぶん]に「が」。原因[げんいん]は文外[ぶんがい]でもよい。,"""Break"" is an auto-verb, ""Break"" to the broken part. Causes may not be written.",transitivity | jidoushi | wo_ga,N3,3,自動詞[じどうし]・他動詞[たどうし]の対照[たいしょう] | 叙述[じょじゅつ]の焦点[しょうてん]と項[こう]の取[と]り方[かた],台風[たいふう]のあと | 家[いえ]の一部[いちぶ]について変化[へんか]だけを言[い]うのはどれ,draft,,,
transitivityDuel,td_055,55,multipleChoice,Choose the best sentence: you sat on the glasses and broke them on purpose in a skit (acted).,Choose the best sentence: you sat on the glasses and broke them on purpose in a skit (acted).,,,コントでわざとメガネを壊[こわ]す演技[えんぎ]。行為[こうい]を言[い]うのはどれ？,A demonstration that breaks glasses with a focus. What do you say?,b,演技[えんぎ]で「壊[こわ]す」を見[み]せるなら他動詞[たどうし]「壊[こわ]す」。壊[こわ]れた状態[じょうたい]だけなら「壊[こわ]れる」でもよいが、演技[えんぎ]の動[うご]きは「壊[こわ]す」。,"If you show ""break"" in the performance, ""break"". If it is broken, it can be ""break"", but the movement of the acting is ""break"".",transitivity | tadoushi | intention,N3,3,自動詞[じどうし]・他動詞[たどうし]の対照[たいしょう] | 叙述[じょじゅつ]の焦点[しょうてん]と項[こう]の取[と]り方[かた],コントでわざとメガネを壊[こわ]す演技[えんぎ] | 行為[こうい]を言[い]うのはどれ,draft,,,
transitivityDuel,td_056,56,multipleChoice,Choose the sentence where the sticker stuck by itself (glue held).,Choose the sentence where the sticker stuck by itself (glue held).,,,シールがきちんとくっついた。変化[へんか]の描写[びょうしゃ]として自然[しぜん]なのはどれ？,The seal was . Which is natural as a solvent of change?,b,「付[つ]く」は自動詞[じどうし]で、付[つ]いたものに「が」。「付[つ]ける」は他動詞[たどうし]で人[ひと]が貼[は]る操作[そうさ]。,"""Appendix"" is an auto-verb, and it is attached. ""Attach"" is an operation that people paste with other詞s.",transitivity | jidoushi | wo_ga,N3,3,自動詞[じどうし]・他動詞[たどうし]の対照[たいしょう] | 叙述[じょじゅつ]の焦点[しょうてん]と項[こう]の取[と]り方[かた],シールがきちんとくっついた | 変化[へんか]の描写[びょうしゃ]として自然[しぜん]なのはどれ,draft,,,
transitivityDuel,td_057,57,multipleChoice,Choose the sentence for putting a name tag on your jacket before the tour.,Choose the sentence for putting a name tag on your jacket before the tour.,,,見学[けんがく]の前[まえ]に名札[なふだ]を上着[うわぎ]につける。自然[しぜん]なのはどれ？,Put the name tag on top before the tour. What is natural?,b,他動詞[たどうし]「付[つ]ける」は取[と]り付[つ]ける対象[たいしょう]に「を」。「付[つ]く」は自動詞[じどうし]で自然[しぜん]に付[つ]いたように聞[き]こえる。,"The other詞 ""Attach"" is attached to the object. ""Appendix"" sounds natural with automatic lyrics.",transitivity | tadoushi | intention,N3,3,自動詞[じどうし]・他動詞[たどうし]の対照[たいしょう] | 叙述[じょじゅつ]の焦点[しょうてん]と項[こう]の取[と]り方[かた],見学[けんがく]の前[まえ]に名札[なふだ]を上着[うわぎ]につける | 自然[しぜん]なのはどれ,draft,,,
transitivityDuel,td_058,58,multipleChoice,Which uses を with the transitive verb for applying sunscreen?,Which uses を with the transitive verb for applying sunscreen?,,,海[うみ]に行[い]く前[まえ]の準備[じゅんび]。正[ただ]しいのはどれ？,Preparation before going to the sea. Which is right?,c,塗[ぬ]ってつける操作[そうさ]は他動詞[たどうし]「付[つ]ける」に、対象[たいしょう]は「日焼[ひや]け止[と]めを」。付[つ]いた結果[けっか]なら「日焼[ひや]け止[と]めが付[つ]く」。,"The painted operation is applied to other詞s, and the subject is ""sunscreen"". The result is ""sunscreen"".",transitivity | tadoushi | wo_ga,N3,3,自動詞[じどうし]・他動詞[たどうし]の対照[たいしょう] | 叙述[じょじゅつ]の焦点[しょうてん]と項[こう]の取[と]り方[かた],海[うみ]に行[い]く前[まえ]の準備[じゅんび] | 正[ただ]しいのはどれ,draft,,,
transitivityDuel,td_059,59,multipleChoice,Which sentence describes mold appearing without saying who left moisture there?,Which sentence describes mold appearing without saying who left moisture there?,,,壁[かべ]にカビが生[は]えたように見[み]える。変化[へんか]だけを言[い]うのはどれ？,It looks like a mold on the wall. What is the change?,b,「付[つ]く」は自動詞[じどうし]で、付[つ]いたものに「が」か「に」。カビが壁[かべ]について付[つ]く表現[ひょうげん]。,"""Appendix"" is an auto-verb, and it is attached to it. The expression that the mold attaches to the wall.",transitivity | jidoushi | wo_ga,N3,3,自動詞[じどうし]・他動詞[たどうし]の対照[たいしょう] | 叙述[じょじゅつ]の焦点[しょうてん]と項[こう]の取[と]り方[かた],壁[かべ]にカビが生[は]えたように見[み]える | 変化[へんか]だけを言[い]うのはどれ,draft,,,
transitivityDuel,td_060,60,multipleChoice,Choose the best sentence: you attach a label to each box in the warehouse.,Choose the best sentence: you attach a label to each box in the warehouse.,,,倉庫[そうこ]で箱[ばこ]ごとにラベルを貼[は]る作業[さぎょう]。自然[しぜん]なのはどれ？,Label each box in the warehouse. What is natural?,b,人[ひと]が貼[は]り付[つ]けるなら他動詞[たどうし]「付[つ]ける」に「ラベルを」。「付[つ]いた」は自動詞[じどうし]で誰[だれ]が貼[は]ったか不明[ふめい]。,"If a person is pasted, ""Label"" to ""Attach"". ""Appended"" is not sure who was attached with an auto-verb.",transitivity | tadoushi | intention,N3,3,自動詞[じどうし]・他動詞[たどうし]の対照[たいしょう] | 叙述[じょじゅつ]の焦点[しょうてん]と項[こう]の取[と]り方[かた],倉庫[そうこ]で箱[ばこ]ごとにラベルを貼[は]る作業[さぎょう] | 自然[しぜん]なのはどれ,draft,,,
transitivityDuel,td_061,61,multipleChoice,Choose the sentence for laundry drying in the sun (no agent).,Choose the sentence for laundry drying in the sun (no agent).,,,天気[てんき]のよい日[ひ]に洗濯物[せんたくもの]が乾[かわ]いた。自然[しぜん]なのはどれ？,Dry laundry on good weather. What is natural?,b,「乾[かわ]く」は自動詞[じどうし]で、乾[かわ]いたものに「が」。「乾[かわ]かす」は他動詞[たどうし]で人[ひと]が乾[かわ]かす操作[そうさ]。,"""Drying"" is an auto-verb, and ""Drying"" is ""Drying"" is an operation to dry people with other詞s.",transitivity | jidoushi | wo_ga,N3,3,自動詞[じどうし]・他動詞[たどうし]の対照[たいしょう] | 叙述[じょじゅつ]の焦点[しょうてん]と項[こう]の取[と]り方[かた],天気[てんき]のよい日[ひ]に洗濯物[せんたくもの]が乾[かわ]いた | 自然[しぜん]なのはどれ,draft,,,
transitivityDuel,td_062,62,multipleChoice,Choose the sentence for using a dryer to dry your hair after a shower.,Choose the sentence for using a dryer to dry your hair after a shower.,,,シャワーあとドライヤーで髪[かみ]を乾[かわ]かす。自然[しぜん]なのはどれ？,Dry the hair with a hair dryer. What is natural?,b,他動詞[たどうし]「乾[かわ]かす」は乾[かわ]かす対象[たいしょう]に「を」。「乾[かわ]く」は自動詞[じどうし]で時間[じかん]が経[た]てば乾[かわ]く描写[びょうしゃ]。,"Other詞s ""Drying"" are subject to dry. ""Drying"" is an auto-verb, so it should not be dry after time.",transitivity | tadoushi | intention,N3,3,自動詞[じどうし]・他動詞[たどうし]の対照[たいしょう] | 叙述[じょじゅつ]の焦点[しょうてん]と項[こう]の取[と]り方[かた],シャワーあとドライヤーで髪[かみ]を乾[かわ]かす | 自然[しぜん]なのはどれ,draft,,,
transitivityDuel,td_063,63,multipleChoice,新聞[しんぶん]で包[つつ]む靴[くつ]：他動詞[たどうし]の対象[たいしょう]として「を」が付[つ]いた正[ただ]しい文[ぶん]はどれか。,Wrapping shoes in newspaper: which sentence correctly marks the transitive object with を?,,,濡[ぬ]れた靴[くつ]の処置[しょち]。正[ただ]しいのはどれ？,wet shoes treatment. Which is right?,a,人[ひと]が乾[かわ]かすなら他動詞[たどうし]「乾[かわ]かす」に「靴[くつ]を」。自然[しぜん]乾燥[かんそう]なら「靴[くつ]が乾[かわ]いた」で自動詞[じどうし]。,"If a person is dry, ""shoe"" to ""dry"". If it is natural drying, it is an automatic lyrics with ""shoe dry"".",transitivity | tadoushi | wo_ga,N3,3,自動詞[じどうし]・他動詞[たどうし]の対照[たいしょう] | 叙述[じょじゅつ]の焦点[しょうてん]と項[こう]の取[と]り方[かた],濡[ぬ]れた靴[くつ]の処置[しょち] | 正[ただ]しいのはどれ,draft,,,
transitivityDuel,td_064,64,multipleChoice,Which sentence describes the paint coating drying without naming who painted?,Which sentence describes the paint coating drying without naming who painted?,,,ペンキの塗[ぬ]りたてについて、乾[かわ]いたことを言[い]うのはどれ？,What do you say about the paint?,b,「乾[かわ]く」は自動詞[じどうし]で、乾[かわ]いた状態[じょうたい]になったものに「が」。,"""Drying"" is an auto-verb, and it becomes dry.",transitivity | jidoushi | wo_ga,N3,3,自動詞[じどうし]・他動詞[たどうし]の対照[たいしょう] | 叙述[じょじゅつ]の焦点[しょうてん]と項[こう]の取[と]り方[かた],ペンキの塗[ぬ]りたてについて | 乾[かわ]いたことを言[い]うのはどれ,draft,,,
transitivityDuel,td_065,65,multipleChoice,Choose the best sentence: you dried the dishes with a towel after washing.,Choose the best sentence: you dried the dishes with a towel after washing.,,,洗[あら]った食器[しょっき]を布巾[ふきん]で拭[ふ]いて乾[かわ]かした。自然[しぜん]なのはどれ？,I wiped the washed tableware with cloth. What is natural?,b,拭[ふ]いて乾[かわ]かす操作[そうさ]は他動詞[たどうし]「乾[かわ]かす」に「食器[しょっき]を」。「乾[かわ]いた」は自動詞[じどうし]で布巾[ふきん]のせいか時間[じかん]か曖昧[あいまい]。,"The operation to wipe and dry is ""drying"" in other詞s. ""Drying"" is an auto-verb, so it's time or vague.",transitivity | tadoushi | intention,N3,3,自動詞[じどうし]・他動詞[たどうし]の対照[たいしょう] | 叙述[じょじゅつ]の焦点[しょうてん]と項[こう]の取[と]り方[かた],洗[あら]った食器[しょっき]を布巾[ふきん]で拭[ふ]いて乾[かわ]かした | 自然[しぜん]なのはどれ,draft,,,
transitivityDuel,td_066,66,multipleChoice,Choose the sentence for cars lining up at a traffic jam (vehicles line up).,Choose the sentence for cars lining up at a traffic jam (vehicles line up).,,,渋滞[じゅうたい]で車[くるま]が長[なが]く続[つづ]いている。自然[しぜん]なのはどれ？,The car continues for a long time due to traffic jam. What is natural?,b,「並[なら]ぶ」は自動詞[じどうし]で、並[なら]んだものに「が」。「並[なら]べる」は他動詞[たどうし]で人[ひと]が並[なら]べる。,"""Line"" is an auto-verb, and it's 。 up. ""。"" is arranged by people with other詞s.",transitivity | jidoushi | wo_ga,N3,3,自動詞[じどうし]・他動詞[たどうし]の対照[たいしょう] | 叙述[じょじゅつ]の焦点[しょうてん]と項[こう]の取[と]り方[かた],渋滞[じゅうたい]で車[くるま]が長[なが]く続[つづ]いている | 自然[しぜん]なのはどれ,draft,,,
transitivityDuel,td_067,67,multipleChoice,Choose the sentence for lining up chairs for the meeting (you arrange them).,Choose the sentence for lining up chairs for the meeting (you arrange them).,,,会議[かいぎ]のために椅子[いす]を整[ととの]える。自然[しぜん]なのはどれ？,会議 chairs for meetings. What is natural?,b,他動詞[たどうし]「並[なら]べる」は並[なら]べる対象[たいしょう]に「を」。「並[なら]んだ」は自動詞[じどうし]で誰[だれ]が並[なら]べたかは出[で]ない。,"Other s ""並べ"" are ""並べ"" to the target. ""Like"" doesn't come up with an auto-verb.",transitivity | tadoushi | intention,N3,3,自動詞[じどうし]・他動詞[たどうし]の対照[たいしょう] | 叙述[じょじゅつ]の焦点[しょうてん]と項[こう]の取[と]り方[かた],会議[かいぎ]のために椅子[いす]を整[ととの]える | 自然[しぜん]なのはどれ,draft,,,
transitivityDuel,td_068,68,multipleChoice,Which uses が with the intransitive verb for people queuing?,Which uses が with the intransitive verb for people queuing?,,,映画館[えいがかん]の前[まえ]の列[れつ]。正[ただ]しいのはどれ？,A column in front of the cinema. Which is right?,a,列[れつ]に並[なら]ぶのは自動詞[じどうし]「並[なら]ぶ」に「が」。「並[なら]べる」は他動詞[たどうし]で物[もの]を並[なら]べる。,The line is aligned with an auto-verb. 。 objects with other詞s.,transitivity | jidoushi | wo_ga,N3,3,自動詞[じどうし]・他動詞[たどうし]の対照[たいしょう] | 叙述[じょじゅつ]の焦点[しょうてん]と項[こう]の取[と]り方[かた],映画館[えいがかん]の前[まえ]の列[れつ] | 正[ただ]しいのはどれ,draft,,,
transitivityDuel,td_069,69,multipleChoice,Which sentence implies a shop worker arranged the bottles on the shelf?,Which sentence implies a shop worker arranged the bottles on the shelf?,,,店員[てんいん]が陳列[ちんれつ]をしたあと。操作[そうさ]が分[わ]かるのはどれ？,After the shop staff displayed. Which operation can I see?,b,人[ひと]が並[なら]べた結果[けっか]を言[ゆ]うなら他動詞[たどうし]「並[なら]べる」。ただし「並[なら]んでいた」は店員[てんいん]の手[て]が見[み]えにくい。陳列[ちんれつ]済[ず]みは「並[なら]べてある」が自然[しぜん]。,"If you say the result of people aligned, another詞 ""align"". However, it is difficult to see the staff. It is natural that the display is arranged.",transitivity | tadoushi | intention,N3,3,自動詞[じどうし]・他動詞[たどうし]の対照[たいしょう] | 叙述[じょじゅつ]の焦点[しょうてん]と項[こう]の取[と]り方[かた],店員[てんいん]が陳列[ちんれつ]をしたあと | 操作[そうさ]が分[わ]かるのはどれ,draft,,,
transitivityDuel,td_070,70,multipleChoice,Choose the best sentence: names are listed on the screen in alphabetical order (display state).,Choose the best sentence: names are listed on the screen in alphabetical order (display state).,,,画面[がめん]に名前[なまえ]が順番[じゅんばん]に表示[ひょうじ]されている。状態[じょうたい]として自然[しぜん]なのはどれ？,The name is displayed in order. Which is natural as a state?,a,並[なら]んで見[み]える配置[はいち]なら自動詞[じどうし]「並[なら]ぶ」。システムが並[なら]べ替[か]えたとしても、見[み]え方[かた]の描写[びょうしゃ]では「並[なら]んでいる」が使[つか]われやすい。,"If you look at the layout, you can see the lyrics "" "". Even if the system is used, it is easy to use ""align"" in the viewer.",transitivity | jidoushi | wo_ga,N3,3,自動詞[じどうし]・他動詞[たどうし]の対照[たいしょう] | 叙述[じょじゅつ]の焦点[しょうてん]と項[こう]の取[と]り方[かた],画面[がめん]に名前[なまえ]が順番[じゅんばん]に表示[ひょうじ]されている | 状態[じょうたい]として自然[しぜん]なのはどれ,draft,,,
transitivityDuel,td_071,71,multipleChoice,Choose the sentence for the weather turning cold suddenly (natural change).,Choose the sentence for the weather turning cold suddenly (natural change).,,,急[きゅう]に気温[きおん]が下[さ]がった。自然[しぜん]なのはどれ？,The temperature dropped suddenly. What is natural?,b,「変[か]わる」は自動詞[じどうし]で、変[か]わったものに「が」。「変[か]える」は他動詞[たどうし]で人[ひと]が変[か]える。,"""Change"" is an auto-verb, and it is changed. ""Change"" is changed by other詞s.",transitivity | jidoushi | wo_ga,N3-N2,4,自動詞[じどうし]・他動詞[たどうし]の対照[たいしょう] | 叙述[じょじゅつ]の焦点[しょうてん]と項[こう]の取[と]り方[かた],急[きゅう]に気温[きおん]が下[さ]がった | 自然[しぜん]なのはどれ,draft,,,
transitivityDuel,td_072,72,multipleChoice,Choose the sentence for changing trains at the next station on purpose.,Choose the sentence for changing trains at the next station on purpose.,,,次[つぎ]の駅[えき]で乗[の]り換[か]える予定[よてい]を実行[じっこう]する。自然[しぜん]なのはどれ？,。ute the schedule to change at the next station. What is natural?,b,乗[の]り換[か]えて別[べつ]の電車[でんしゃ]に移[うつ]る操作[そうさ]は「電車[でんしゃ]を変[か]える」のように他動詞[たどうし]「変[か]える」に「を」。,"The operation to transfer and transfer to another train is to ""change"" other詞s like ""change train"".",transitivity | tadoushi | intention,N3-N2,4,自動詞[じどうし]・他動詞[たどうし]の対照[たいしょう] | 叙述[じょじゅつ]の焦点[しょうてん]と項[こう]の取[と]り方[かた],次[つぎ]の駅[えき]で乗[の]り換[か]える予定[よてい]を実行[じっこう]する | 自然[しぜん]なのはどれ,draft,,,
transitivityDuel,td_073,73,multipleChoice,Which uses を with the transitive verb for changing a password?,Which uses を with the transitive verb for changing a password?,,,セキュリティのためパスワードを更新[こうしん]する。正[ただ]しいのはどれ？,Update password for security. Which is right?,b,自分[じぶん]で変[か]えるなら他動詞[たどうし]「変[か]える」に「パスワードを」。規約[きやく]で勝手[かって]に変[か]わったなら「変[か]わった」で自動詞[じどうし]。,"""Password"" to ""Change"" if you change yourself. If you change the terms and conditions, you can use ""Change"".",transitivity | tadoushi | wo_ga,N3-N2,4,自動詞[じどうし]・他動詞[たどうし]の対照[たいしょう] | 叙述[じょじゅつ]の焦点[しょうてん]と項[こう]の取[と]り方[かた],セキュリティのためパスワードを更新[こうしん]する | 正[ただ]しいのはどれ,draft,,,
transitivityDuel,td_074,74,multipleChoice,Which sentence describes a rule changing without naming the committee in that clause?,Which sentence describes a rule changing without naming the committee in that clause?,,,会社[かいしゃ]の規則[きそく]の改正[かいせい]について、結果[けっか]だけを言[い]うのはどれ？,What are the results of the revision of the company rules?,b,「変[か]わる」は自動詞[じどうし]で、変[か]わる対象[たいしょう]に「が」。誰[だれ]が決[き]めたかはこの文[ぶん]では省略[しょうりゃく]される。,"""Change"" is an auto-verb, and it is ""to change"". Who decided is omitted in this statement.",transitivity | jidoushi | wo_ga,N3-N2,4,自動詞[じどうし]・他動詞[たどうし]の対照[たいしょう] | 叙述[じょじゅつ]の焦点[しょうてん]と項[こう]の取[と]り方[かた],会社[かいしゃ]の規則[きそく]の改正[かいせい]について | 結果[けっか]だけを言[い]うのはどれ,draft,,,
transitivityDuel,td_075,75,multipleChoice,Choose the best sentence: you switched the meeting from offline to online.,Choose the best sentence: you switched the meeting from offline to online.,,,都合[つごう]で会合[かいごう]をオンラインに切[き]り替[か]えた。自然[しぜん]なのはどれ？,I switched the meeting online for convenience. What is natural?,b,開催[かいさい]形式[けいしき]を変[か]えるのは他動詞[たどうし]「変[か]える」に「会合[かいごう]を」。「変[か]わった」は自動詞[じどうし]で誰[だれ]の判断[はんだん]かは曖昧[あいまい]。,"""Meeting"" to ""Change"" other詞s to change the format. ""Change"" is ambiguous to who judges with auto-verbs.",transitivity | tadoushi | intention,N3-N2,4,自動詞[じどうし]・他動詞[たどうし]の対照[たいしょう] | 叙述[じょじゅつ]の焦点[しょうてん]と項[こう]の取[と]り方[かた],都合[つごう]で会合[かいごう]をオンラインに切[き]り替[か]えた | 自然[しぜん]なのはどれ,draft,,,
transitivityDuel,td_076,76,multipleChoice,Choose the sentence for a package arriving at your door (delivery completed).,Choose the sentence for a package arriving at your door (delivery completed).,,,荷物[にもつ]が家[いえ]に到着[とうちゃく]した。自然[しぜん]なのはどれ？,I arrived at home. What is natural?,b,「届[とど]く」は自動詞[じどうし]で、届[とど]いたものに「が」。「届[とど]ける」は他動詞[たどうし]で届[とど]ける人[ひと]の操作[そうさ]。,"""Reaching"" is an auto-verb, and it's delivered. ""Deliver"" is the operation of the person who sends it with other詞s.",transitivity | jidoushi | wo_ga,N3-N2,4,自動詞[じどうし]・他動詞[たどうし]の対照[たいしょう] | 叙述[じょじゅつ]の焦点[しょうてん]と項[こう]の取[と]り方[かた],荷物[にもつ]が家[いえ]に到着[とうちゃく]した | 自然[しぜん]なのはどれ,draft,,,
transitivityDuel,td_077,77,multipleChoice,Choose the sentence for taking a cake to a friend’s house as a gift.,Choose the sentence for taking a cake to a friend’s house as a gift.,,,友[とも]だちの家[いえ]へケーキを持[も]って行[い]って渡[わた]す。自然[しぜん]なのはどれ？,Bring the cake to the friend's house. What is natural?,b,人[ひと]が届[とど]けるなら他動詞[たどうし]「届[とど]ける」に「ケーキを」。「届[とど]いた」は自動詞[じどうし]で配達[はいたつ]が完了[かんりょう]した側[がわ]の描写[びょうしゃ]。,"“Cake” to “Deliver” other詞s if people send. ""Reached"" is the button on the side where the delivery is completed with an automatic lyrics.",transitivity | tadoushi | intention,N3-N2,4,自動詞[じどうし]・他動詞[たどうし]の対照[たいしょう] | 叙述[じょじゅつ]の焦点[しょうてん]と項[こう]の取[と]り方[かた],友[とも]だちの家[いえ]へケーキを持[も]って行[い]って渡[わた]す | 自然[しぜん]なのはどれ,draft,,,
transitivityDuel,td_078,78,multipleChoice,Which uses を with the transitive verb for submitting homework?,Which uses を with the transitive verb for submitting homework?,,,締[し]め切[き]りまでに課題[かだい]を出[だ]す。正[ただ]しいのはどれ？,Make a challenge to your business. Which is right?,b,提出[ていしゅつ]する操作[そうさ]は他動詞[たどうし]「届[とど]ける」に「課題[かだい]を」。先生[せんせい]のもとに届[とど]いた結果[けっか]なら「課題[かだい]が届[とど]いた」で自動詞[じどうし]。,"Submitted actions are ""deliver"" to other詞s. If the result received by the teacher, it is an auto-verb with ""the problem arrived"".",transitivity | tadoushi | wo_ga,N3-N2,4,自動詞[じどうし]・他動詞[たどうし]の対照[たいしょう] | 叙述[じょじゅつ]の焦点[しょうてん]と項[こう]の取[と]り方[かた],締[し]め切[き]りまでに課題[かだい]を出[だ]す | 正[ただ]しいのはどれ,draft,,,
transitivityDuel,td_079,79,multipleChoice,Which sentence describes mail arriving without naming the carrier in that clause?,Which sentence describes mail arriving without naming the carrier in that clause?,,,ポストを開[あ]けたら手紙[てがみ]が来[き]ていた。変化[へんか]だけを言[い]うのはどれ？,A letter came when I opened the post. What is the change?,b,「届[とど]く」は自動詞[じどうし]で、届[とど]いたものに「が」。配達員[はいたついん]はこの文[ぶん]に出[で]てこない。,"""Reaching"" is an auto-verb, and it's delivered. The delivery person does not appear in this statement.",transitivity | jidoushi | wo_ga,N3-N2,4,自動詞[じどうし]・他動詞[たどうし]の対照[たいしょう] | 叙述[じょじゅつ]の焦点[しょうてん]と項[こう]の取[と]り方[かた],ポストを開[あ]けたら手紙[てがみ]が来[き]ていた | 変化[へんか]だけを言[い]うのはどれ,draft,,,
transitivityDuel,td_080,80,multipleChoice,Choose the best sentence: you handed documents to the clerk at the counter.,Choose the best sentence: you handed documents to the clerk at the counter.,,,窓口[まどぐち]で書類[しょるい]を係[かかり]に渡[わた]した。自然[しぜん]なのはどれ？,I passed the document to the office. What is natural?,b,手渡[てわた]しで届[とど]けるのは他動詞[たどうし]「届[とど]ける」に「書類[しょるい]を」。「届[とど]いた」は自動詞[じどうし]でいつ届[とど]いたか不明確[ふめいかく]。,"""Documents"" to ""deliver"" other詞s that can be delivered by hand. ""Reached"" is unclear when it arrives with an auto-verb.",transitivity | tadoushi | intention,N3-N2,4,自動詞[じどうし]・他動詞[たどうし]の対照[たいしょう] | 叙述[じょじゅつ]の焦点[しょうてん]と項[こう]の取[と]り方[かた],窓口[まどぐち]で書類[しょるい]を係[かかり]に渡[わた]した | 自然[しぜん]なのはどれ,draft,,,
transitivityDuel,td_081,81,multipleChoice,Choose the sentence for you returning to your seat after a break (motion back).,Choose the sentence for you returning to your seat after a break (motion back).,,,休憩[きゅうけい]のあと席[せき]に戻[もど]る。自然[しぜん]なのはどれ？,Back to the seat after a break. What is natural?,b,「戻[もど]る」は自動詞[じどうし]で、移動[いどう]する人[ひと]に「が」（省略[しょうりゃく]）と場所[ばしょ]に「に」。「戻[もど]す」は他動詞[たどうし]で物[もの]や状態[じょうたい]を元[もと]に戻[もど]す。,"""Back"" is an auto-verb, and ""to"" to the person who is moving. ""Revert"" is another詞 to restore objects and state.",transitivity | jidoushi | wo_ga,N3-N2,4,自動詞[じどうし]・他動詞[たどうし]の対照[たいしょう] | 叙述[じょじゅつ]の焦点[しょうてん]と項[こう]の取[と]り方[かた],休憩[きゅうけい]のあと席[せき]に戻[もど]る | 自然[しぜん]なのはどれ,draft,,,
transitivityDuel,td_082,82,multipleChoice,Choose the sentence for turning the clock hand back one hour (you move it).,Choose the sentence for turning the clock hand back one hour (you move it).,,,時計[とけい]の針[はり]を一[いち]時間[じかん]戻[もど]す。自然[しぜん]なのはどれ？,Returns the clock needle for an hour. What is natural?,b,針[はり]を操作[そうさ]して戻[もど]すのは他動詞[たどうし]「戻[もど]す」に「を」。「戻[もど]る」は自動詞[じどうし]で針[はり]が勝手[かって]に戻[もど]る印象[いんしょう]。,"""Revert"" to other詞s. ""Back"" is an impression that the needle returns to win with an automatic lyrics.",transitivity | tadoushi | intention,N3-N2,4,自動詞[じどうし]・他動詞[たどうし]の対照[たいしょう] | 叙述[じょじゅつ]の焦点[しょうてん]と項[こう]の取[と]り方[かた],時計[とけい]の針[はり]を一[いち]時間[じかん]戻[もど]す | 自然[しぜん]なのはどれ,draft,,,
transitivityDuel,td_083,83,multipleChoice,Which uses を with the transitive verb for restoring a setting?,Which uses を with the transitive verb for restoring a setting?,,,アプリの設定[せってい]を初期[しょき]状態[じょうたい]に戻[もど]す。正[ただ]しいのはどれ？,Back app settings to initial state. Which is right?,a,人[ひと]が戻[もど]す操作[そうさ]は他動詞[たどうし]「戻[もど]す」に「設定[せってい]を」。勝手[かって]に戻[もど]ったなら「設定[せってい]が戻[もど]った」で自動詞[じどうし]。,"""Setting"" to ""Revert"" the other詞. If you want to win the game, you can set it back.",transitivity | tadoushi | wo_ga,N3-N2,4,自動詞[じどうし]・他動詞[たどうし]の対照[たいしょう] | 叙述[じょじゅつ]の焦点[しょうてん]と項[こう]の取[と]り方[かた],アプリの設定[せってい]を初期[しょき]状態[じょうたい]に戻[もど]す | 正[ただ]しいのはどれ,draft,,,
transitivityDuel,td_084,84,multipleChoice,Which sentence describes the temperature going back down without naming who adjusted the AC?,Which sentence describes the temperature going back down without naming who adjusted the AC?,,,部屋[へや]が涼[すず]しくなった。変化[へんか]だけを言[い]うのはどれ？,The room was cool. What is the change?,b,「戻[もど]る」は自動詞[じどうし]で、戻[もど]った状態[じょうたい]に「が」。ここでは気温[きおん]の変化[へんか]に使[つか]う。,"""Back"" is an auto-verb, and it is returned. This is used for changing temperatures.",transitivity | jidoushi | wo_ga,N3-N2,4,自動詞[じどうし]・他動詞[たどうし]の対照[たいしょう] | 叙述[じょじゅつ]の焦点[しょうてん]と項[こう]の取[と]り方[かた],部屋[へや]が涼[すず]しくなった | 変化[へんか]だけを言[い]うのはどれ,draft,,,
transitivityDuel,td_085,85,multipleChoice,Choose the best sentence: you put the book back on the shelf after reading.,Choose the best sentence: you put the book back on the shelf after reading.,,,読[よ]み終[お]えて本[ほん]を元[もと]の位置[いち]に戻[もど]す。自然[しぜん]なのはどれ？,Return the book to the original position after reading. What is natural?,b,元[もと]の場所[ばしょ]へ戻[もど]す操作[そうさ]は他動詞[たどうし]「戻[もど]す」に「本[ほん]を」。「戻[もど]った」は自動詞[じどうし]で本[ほん]が一人[ひとり]で動[うご]いたようになる。,"Return to the original location is ""Book"" to ""Revert"". ""Reverted"" is an auto-verb that動 the book to move alone.",transitivity | tadoushi | intention,N3-N2,4,自動詞[じどうし]・他動詞[たどうし]の対照[たいしょう] | 叙述[じょじゅつ]の焦点[しょうてん]と項[こう]の取[と]り方[かた],読[よ]み終[お]えて本[ほん]を元[もと]の位置[いち]に戻[もど]す | 自然[しぜん]なのはどれ,draft,,,
transitivityDuel,td_086,86,multipleChoice,Choose the sentence for sales increasing last quarter (numbers went up).,Choose the sentence for sales increasing last quarter (numbers went up).,,,売上[うりあげ]の数字[すうじ]が上[あ]がった。自然[しぜん]なのはどれ？,The number of sales increased. What is natural?,b,「増[ふ]える」は自動詞[じどうし]で、増[ふ]えた量[りょう]に「が」。「増[ふ]やす」は他動詞[たどうし]で人[ひと]が増[ふ]やす。,"""。"" is an auto-verb, and ""。"" to the affected amount. ""Increase"" can be increased by other詞s.",transitivity | jidoushi | wo_ga,N3-N2,5,自動詞[じどうし]・他動詞[たどうし]の対照[たいしょう] | 叙述[じょじゅつ]の焦点[しょうてん]と項[こう]の取[と]り方[かた],売上[うりあげ]の数字[すうじ]が上[あ]がった | 自然[しぜん]なのはどれ,draft,,,
transitivityDuel,td_087,87,multipleChoice,Choose the sentence for the city increasing bus services on purpose.,Choose the sentence for the city increasing bus services on purpose.,,,市[し]が路線[ろせん]バスの本数[ほんすう]をふやした。自然[しぜん]なのはどれ？,The number of buses to the city. What is natural?,b,主体[しゅたい]が本数[ほんすう]を調整[ちょうせい]するなら他動詞[たどうし]「増[ふ]やす」に「本数[ほんすう]を」。「増[ふ]えた」は自動詞[じどうし]で自然[しぜん]増[ぞう]を連想[れんそう]。,"If the 詞 adjusts the number, ""Number"" to ""increase"" other詞. ""I was"" is an autonomy of natural increase.",transitivity | tadoushi | intention,N3-N2,5,自動詞[じどうし]・他動詞[たどうし]の対照[たいしょう] | 叙述[じょじゅつ]の焦点[しょうてん]と項[こう]の取[と]り方[かた],市[し]が路線[ろせん]バスの本数[ほんすう]をふやした | 自然[しぜん]なのはどれ,draft,,,
transitivityDuel,td_088,88,multipleChoice,Which uses を with the transitive verb for adding milk to coffee?,Which uses を with the transitive verb for adding milk to coffee?,,,コーヒーにミルクを入[い]れる量[りょう]の調整[ちょうせい]。正[ただ]しいのはどれ？,the amount of milk in the coffee. Which is right?,b,量[りょう]を増[ふ]やす操作[そうさ]は他動詞[たどうし]「増[ふ]やす」に「ミルクを」。勝手[かって]に増[ふ]えたなら「増[ふ]えた」で自動詞[じどうし]。,"""Milk"" to ""increase"" other詞s. If you want to know it, you can use it as an auto-verb.",transitivity | tadoushi | wo_ga,N3-N2,5,自動詞[じどうし]・他動詞[たどうし]の対照[たいしょう] | 叙述[じょじゅつ]の焦点[しょうてん]と項[こう]の取[と]り方[かた],コーヒーにミルクを入[い]れる量[りょう]の調整[ちょうせい] | 正[ただ]しいのはどれ,draft,,,
transitivityDuel,td_089,89,multipleChoice,Which sentence describes weight going up without naming diet or exercise in that clause?,Which sentence describes weight going up without naming diet or exercise in that clause?,,,健康診断[けんこうしんだん]の結果[けっか]だけを言[い]うのはどれ？,Which is the result of a medical examination?,b,「増[ふ]える」は自動詞[じどうし]で、増[ふ]えた値[あたい]に「が」。原因[げんいん]は別[べつ]に書[か]ける。,"""。"" is an auto-verb, ""is"" to the affected value. Cause can be written separately.",transitivity | jidoushi | wo_ga,N3-N2,5,自動詞[じどうし]・他動詞[たどうし]の対照[たいしょう] | 叙述[じょじゅつ]の焦点[しょうてん]と項[こう]の取[と]り方[かた],健康診断[けんこうしんだん]の結果[けっか]だけを言[い]うのはどれ,draft,,,
transitivityDuel,td_090,90,multipleChoice,Choose the best sentence: the shop increased sale items for the weekend event.,Choose the best sentence: the shop increased sale items for the weekend event.,,,週末[しゅうまつ]セールのために店[みせ]が品数[しなかず]を増[ふ]やした。自然[しぜん]なのはどれ？,The number of items increased for weekend sale. What is natural?,b,店側[みせがわ]が陳列[ちんれつ]量[りょう]を増[ふ]やす操作[そうさ]は他動詞[たどうし]「増[ふ]やす」に「品数[しなかず]を」。「増[ふ]えた」は自動詞[じどうし]で、だれの施策[しさく]かははっきりしない。,"The number of items to ""increase"" of other詞s is the operation that the store side increases the display volume. It is an auto-verb, and it is not clear who measures are.",transitivity | tadoushi | wo_ga,N3-N2,5,自動詞[じどうし]・他動詞[たどうし]の対照[たいしょう] | 叙述[じょじゅつ]の焦点[しょうてん]と項[こう]の取[と]り方[かた],週末[しゅうまつ]セールのために店[みせ]が品数[しなかず]を増[ふ]やした | 自然[しぜん]なのはどれ,draft,,,
transitivityDuel,td_091,91,multipleChoice,Choose the sentence for water in the bottle decreasing after drinking (amount falls).,Choose the sentence for water in the bottle decreasing after drinking (amount falls).,,,飲[の]んだあとペットボトルの水[みず]が減[へ]った。自然[しぜん]なのはどれ？,The water of the PET bottle was reduced after drinking. What is natural?,b,「減[へ]る」は自動詞[じどうし]で、減[へ]ったものに「が」。「減[へ]らす」は他動詞[たどうし]で人[ひと]が減[へ]らす。,"""Re。"" is an auto-verb, and ""Re。"". ""Re。"" is reduced by other詞s.",transitivity | jidoushi | wo_ga,N3-N2,5,自動詞[じどうし]・他動詞[たどうし]の対照[たいしょう] | 叙述[じょじゅつ]の焦点[しょうてん]と項[こう]の取[と]り方[かた],飲[の]んだあとペットボトルの水[みず]が減[へ]った | 自然[しぜん]なのはどれ,draft,,,
transitivityDuel,td_092,92,multipleChoice,Choose the sentence for the office reducing copy costs on purpose.,Choose the sentence for the office reducing copy costs on purpose.,,,会社[かいしゃ]がコピー代[だい]を切[き]り詰[つ]めた。自然[しぜん]なのはどれ？,The company cut down the copy fee. What is natural?,b,経費[けいひ]を意図的[いとてき]に減[へ]らすなら他動詞[たどうし]「減[へ]らす」に「コピー代[だい]を」。「減[へ]った」は自動詞[じどうし]。,"If you deliberately reduce expenses, ""Copy"" to ""Re "". ""Re。"" is an auto-verb.",transitivity | tadoushi | intention,N3-N2,5,自動詞[じどうし]・他動詞[たどうし]の対照[たいしょう] | 叙述[じょじゅつ]の焦点[しょうてん]と項[こう]の取[と]り方[かた],会社[かいしゃ]がコピー代[だい]を切[き]り詰[つ]めた | 自然[しぜん]なのはどれ,draft,,,
transitivityDuel,td_093,93,multipleChoice,Which uses を with the transitive verb for cutting sugar intake?,Which uses を with the transitive verb for cutting sugar intake?,,,健康[けんこう]のため砂糖[さとう]を減[へ]らす。正[ただ]しいのはどれ？,Reduce sugar for health. Which is right?,a,摂取量[せっしゅりょう]を減[へ]らす操作[そうさ]は他動詞[たどうし]「減[へ]らす」に「砂糖[さとう]を」。自然[しぜん]に減[へ]ったなら「砂糖[さとう]が減[へ]った」。,"The operation to reduce the intake is ""sugar"" to ""re "". If it is natural, ""sugar decreased"".",transitivity | tadoushi | wo_ga,N3-N2,5,自動詞[じどうし]・他動詞[たどうし]の対照[たいしょう] | 叙述[じょじゅつ]の焦点[しょうてん]と項[こう]の取[と]り方[かた],健康[けんこう]のため砂糖[さとう]を減[へ]らす | 正[ただ]しいのはどれ,draft,,,
transitivityDuel,td_094,94,multipleChoice,Which sentence describes the crowd thinning without naming security?,Which sentence describes the crowd thinning without naming security?,,,イベント終了[しゅうりょう]後[ご]、人[ひと]が少[すく]なくなった。変化[へんか]だけを言[い]うのはどれ？,"After the event, there were few people. What is the change?",b,「減[へ]る」は自動詞[じどうし]で、減[へ]るものに「が」。,"""Re。"" is an auto-verb, and ""Re。"".",transitivity | jidoushi | wo_ga,N3-N2,5,自動詞[じどうし]・他動詞[たどうし]の対照[たいしょう] | 叙述[じょじゅつ]の焦点[しょうてん]と項[こう]の取[と]り方[かた],イベント終了[しゅうりょう]後[ご] | 人[ひと]が少[すく]なくなった | 変化[へんか]だけを言[い]うのはどれ,draft,,,
transitivityDuel,td_095,95,multipleChoice,Choose the best sentence: you cut weekly sweets to improve health (reduce amount).,Choose the best sentence: you cut weekly sweets to improve health (reduce amount).,,,健康[けんこう]のためお菓子[かし]の量[りょう]を週[しゅう]ごとに減[へ]らした。自然[しぜん]なのはどれ？,Reduced the amount of sweets per week for health. What is natural?,b,摂取量[せっしゅりょう]を意図的[いとてき]に減[へ]らすのは他動詞[たどうし]「減[へ]らす」に「量[りょう]を」。「減[へ]った」は自動詞[じどうし]で自然[しぜん]減[げん]も含[ふく]む。,"Intentionally reducing intake is ""re "" to other詞s. ""Re。"" is an auto-verb that contains natural reduction.",transitivity | tadoushi | wo_ga,N3-N2,5,自動詞[じどうし]・他動詞[たどうし]の対照[たいしょう] | 叙述[じょじゅつ]の焦点[しょうてん]と項[こう]の取[と]り方[かた],健康[けんこう]のためお菓子[かし]の量[りょう]を週[しゅう]ごとに減[へ]らした | 自然[しぜん]なのはどれ,draft,,,
transitivityDuel,td_096,96,multipleChoice,Choose the sentence for waking up at six without mentioning who set the alarm.,Choose the sentence for waking up at six without mentioning who set the alarm.,,,朝[あさ]六[ろく]時[じ]に目[め]が覚[さ]めた。自然[しぜん]なのはどれ？,I   up at 6:00 AM. What is natural?,b,目[め]が覚[さ]める動[うご]きは「起[お]きる」で自動詞[じどうし]。主語[しゅご]は省略[しょうりゃく]されやすいが、朝[あさ]の起床[きしょう]は「起[お]きた」。,"An auto-verb with “waking up”. The main word is easy to be omitted, but the morning floor is "" "".",transitivity | jidoushi | wo_ga,N3-N2,5,自動詞[じどうし]・他動詞[たどうし]の対照[たいしょう] | 叙述[じょじゅつ]の焦点[しょうてん]と項[こう]の取[と]り方[かた],朝[あさ]六[ろく]時[じ]に目[め]が覚[さ]めた | 自然[しぜん]なのはどれ,draft,,,
transitivityDuel,td_097,97,multipleChoice,Choose the sentence for a parent waking a child on a school day.,Choose the sentence for a parent waking a child on a school day.,,,母[はは]が子[こ]どもを起床[きしょう]させる。自然[しぜん]なのはどれ？,Mother raises children. What is natural?,b,他動詞[たどうし]「起[お]こす」は起[お]こす対象[たいしょう]に「を」。「起[お]きる」は自動詞[じどうし]で子[こ]どもが自分[じぶん]で起[お]きたように聞[き]こえる。,"Other s ""起こing"" is the subject to occur. “起き up” is an auto-verb that sounds like a child can teach himself.",transitivity | tadoushi | intention,N3-N2,5,自動詞[じどうし]・他動詞[たどうし]の対照[たいしょう] | 叙述[じょじゅつ]の焦点[しょうてん]と項[こう]の取[と]り方[かた],母[はは]が子[こ]どもを起床[きしょう]させる | 自然[しぜん]なのはどれ,draft,,,
transitivityDuel,td_098,98,multipleChoice,Which uses を with the transitive verb for shaking someone awake?,Which uses を with the transitive verb for shaking someone awake?,,,寝過[ねす]ごしそうな友[とも]だちを揺[ゆ]すって起[お]こす。正[ただ]しいのはどれ？,I'm going to sway my friend. Which is right?,a,相手[あいて]を眠[ねむ]りから覚[さ]ますのは他動詞[たどうし]「起[お]こす」。ここでは「起[お]こした」が述語[じゅつご]で他動詞[たどうし]。自分[じぶん]が起[お]きるなら自動詞[じどうし]「起[お]きる」。,"You can   up from sleeping on another詞. Here is another語 in the predicate ""was happen"". If you get up, you will get an auto-verb.",transitivity | tadoushi | wo_ga,N3-N2,5,自動詞[じどうし]・他動詞[たどうし]の対照[たいしょう] | 叙述[じょじゅつ]の焦点[しょうてん]と項[こう]の取[と]り方[かた],寝過[ねす]ごしそうな友[とも]だちを揺[ゆ]すって起[お]こす | 正[ただ]しいのはどれ,draft,,,
transitivityDuel,td_099,99,multipleChoice,Which sentence describes an incident occurring without naming who caused it in that clause?,Which sentence describes an incident occurring without naming who caused it in that clause?,,,ニュースの見出[みだ]しだけで出来事[できごと]が発生[はっせい]したことを言[い]うのはどれ？,What happens with the news heading?,b,「起[お]きる」は自動詞[じどうし]で、起[お]きた出来事[できごと]に「が」。原因[げんいん]は別[べつ]の文[ぶん]で述[の]べる。,"""A。"" is an auto-verb, and ""A。"" is a recent event. The cause is described in another statement.",transitivity | jidoushi | wo_ga,N3-N2,5,自動詞[じどうし]・他動詞[たどうし]の対照[たいしょう] | 叙述[じょじゅつ]の焦点[しょうてん]と項[こう]の取[と]り方[かた],ニュースの見出[みだ]しだけで出来事[できごと]が発生[はっせい]したことを言[い]うのはどれ,draft,,,
transitivityDuel,td_100,100,multipleChoice,"Choose the best sentence: a serious incident occurred at the site (news-style, event only).","Choose the best sentence: a serious incident occurred at the site (news-style, event only).",,,現場[げんば]で重大[じゅうだい]な事態[じたい]が発生[はっせい]したと報[ほう]じる。出来事[できごと]の発生[はっせい]だけを言[い]うのに自然[しぜん]なのはどれ？,It is reported that a serious situation occurred in the field. Which is natural to say only the occurrence of events?,b,出来事[できごと]が生[しょう]じるのは自動詞[じどうし]「起[お]きる」で、事態[じたい]に「が」。「起[お]こす」は他動詞[たどうし]で、だれかが起[お]こす／引[ひ]き起[お]こす操作[そうさ]を連想[れんそう]する。,"When an event occurs, it is an auto-verb “was up” and “was up”. ""起こ"" is another詞, which reminds us of the actions that someone causes and causes.",transitivity | jidoushi | wo_ga,N3-N2,5,自動詞[じどうし]・他動詞[たどうし]の対照[たいしょう] | 叙述[じょじゅつ]の焦点[しょうてん]と項[こう]の取[と]り方[かた],現場[げんば]で重大[じゅうだい]な事態[じたい]が発生[はっせい]したと報[ほう]じる | 出来事[できごと]の発生[はっせい]だけを言[い]うのに自然[しぜん]なのはどれ,draft,,,
verbConjugation,vc_001,1,multipleChoice,食[た]べる → Convert to ます-form (polite non-past).,Eat → Convert to perform (polite non-past).,,,食[た]べる → ます形[かたち]（丁寧[ていねい]・非[ひ]過去[かこ]）,Eat → In  form (polite and non-past),d,一[いち]段[だん]動詞[どうし]「食[た]べる」：丁寧[ていねい]語[ご]は連用形[れんようけい]＋「ます」。 正解[せいかい]は「食[た]べます」。,"One-stage詞 “Eat”: politely speaking is a common form + “I” The answer is ""eat"".",verb_conjugation | masu_form | ichidan,N4,1,動詞[どうし]の活用形[かつようけい]の識別[しきべつ] | 丁寧形[ていねいけい]（ます）の生成[せいせい],食[た]べる | ます形[がた] | 丁寧[ていねい]・非[ひ]過去[かこ],draft,,,
verbConjugation,vc_002,2,multipleChoice,食[た]べる → Convert to te-form.,te-form,,,食[た]べる → て形[けい],Eat → Shape,c,一[いち]段[だん]動詞[どうし]「食[た]べる」：て形[けい]の作[つく]り方[かた]に従[したが]う。 正解[せいかい]は「食[た]べて」。,"One-stage詞 “Eat”: follow the instructions. The answer is ""eat"".",verb_conjugation | te_form | ichidan,N4,1,動詞[どうし]の活用形[かつようけい]の識別[しきべつ] | て形[けい]の生成[せいせい],食[た]べる | て形[けい],draft,,,
verbConjugation,vc_003,3,multipleChoice,食[た]べる → Convert to plain past (た-form).,Convert to plain past,,,食[た]べる → た形[かたち]（普通[ふつう]体[たい]・過去[かこ]）,Eat → Takatagata (normal and past),d,一[いち]段[だん]動詞[どうし]「食[た]べる」：た形[かたち]は連用形[れんようけい]＋「た」系[けい]。 正解[せいかい]は「食[た]べた」。,"One-stage詞 “Eat”: Takata is a reconstructive form + Ta. The answer is "" "".",verb_conjugation | past_form | ichidan,N4,1,動詞[どうし]の活用形[かつようけい]の識別[しきべつ] | た形[かたち]の生成[せいせい],食[た]べる | た形[かたち] | 普通[ふつう]体[たい]・過去[かこ],draft,,,
verbConjugation,vc_004,4,multipleChoice,食[た]べる → Convert to negative plain (ない-form).,Convert to negative plain,,,食[た]べる → ない形[かたち]（普通[ふつう]体[たい]・非[ひ]過去[かこ]）,Eating → Non-Past,c,一[いち]段[だん]動詞[どうし]「食[た]べる」：未然形[みぜんけい]＋「ない」。 正解[せいかい]は「食[た]べない」。,"One-stage詞 “Eat”: Unshaped + “No”. The answer is ""not eating"".",verb_conjugation | nai_form | ichidan,N4,1,動詞[どうし]の活用形[かつようけい]の識別[しきべつ] | ない形[かたち]の生成[せいせい],食[た]べる | ない形[かたち] | 普通[ふつう]体[たい]・非[ひ]過去[かこ],draft,,,
verbConjugation,vc_005,5,multipleChoice,見[み]る → Convert to ます-form (polite non-past).,View → Convert to  -form (polite non-past).,,,見[み]る → ます形[かたち]（丁寧[ていねい]・非[ひ]過去[かこ]）,View → More Shapes (Polite and Non-Past),d,一[いち]段[だん]動詞[どうし]「見[み]る」：丁寧[ていねい]語[ご]は連用形[れんようけい]＋「ます」。 正解[せいかい]は「見[み]ます」。,"One-stage詞 “See”: The polite is a concurrent form + “I” The answer is ""see"".",verb_conjugation | masu_form | ichidan,N4,1,動詞[どうし]の活用形[かつようけい]の識別[しきべつ] | 丁寧形[ていねいけい]（ます）の生成[せいせい],見[み]る | ます形[がた] | 丁寧[ていねい]・非[ひ]過去[かこ],draft,,,
verbConjugation,vc_006,6,multipleChoice,見[み]る → Convert to te-form.,Convert to te-form,,,見[み]る → て形[けい],View → Shape,d,一[いち]段[だん]動詞[どうし]「見[み]る」：て形[けい]の作[つく]り方[かた]に従[したが]う。 正解[せいかい]は「見[み]て」。,"One-stage詞 ""See"": follow the way to make the form. The answer is ""see"".",verb_conjugation | te_form | ichidan,N4,1,動詞[どうし]の活用形[かつようけい]の識別[しきべつ] | て形[けい]の生成[せいせい],見[み]る | て形[けい],draft,,,
verbConjugation,vc_007,7,multipleChoice,見[み]る → Convert to plain past (た-form).,Convert to plain past,,,見[み]る → た形[かたち]（普通[ふつう]体[たい]・過去[かこ]）,View → Shape (Regular and Past),c,一[いち]段[だん]動詞[どうし]「見[み]る」：た形[かたち]は連用形[れんようけい]＋「た」系[けい]。 正解[せいかい]は「見[み]た」。,One-stage詞 “See”: The form is a combination + “ta” system. “I saw it”,verb_conjugation | past_form | ichidan,N4,1,動詞[どうし]の活用形[かつようけい]の識別[しきべつ] | た形[かたち]の生成[せいせい],見[み]る | た形[かたち] | 普通[ふつう]体[たい]・過去[かこ],draft,,,
verbConjugation,vc_008,8,multipleChoice,見[み]る → Convert to negative plain (ない-form).,View → Convert to negative plain (not-form).,,,見[み]る → ない形[かたち]（普通[ふつう]体[たい]・非[ひ]過去[かこ]）,View → Non-formal,c,一[いち]段[だん]動詞[どうし]「見[み]る」：未然形[みぜんけい]＋「ない」。 正解[せいかい]は「見[み]ない」。,"One-stage詞 “See”: Unshaped + “No”. The answer is ""not to see"".",verb_conjugation | nai_form | ichidan,N4,1,動詞[どうし]の活用形[かつようけい]の識別[しきべつ] | ない形[かたち]の生成[せいせい],見[み]る | ない形[かたち] | 普通[ふつう]体[たい]・非[ひ]過去[かこ],draft,,,
verbConjugation,vc_009,9,multipleChoice,起[お]きる → Convert to ます-form (polite non-past).,Convert to  -form (polite non-past).,,,起[お]きる → ます形[かたち]（丁寧[ていねい]・非[ひ]過去[かこ]）,"up → More shape (polite, non-past)",a,一[いち]段[だん]動詞[どうし]「起[お]きる」：丁寧[ていねい]語[ご]は連用形[れんようけい]＋「ます」。 正解[せいかい]は「起[お]きます」。,"One-stage詞 “起き up”: politely speaking is a concurrent form + “。”. The answer is ""waking up"".",verb_conjugation | masu_form | ichidan,N4,1,動詞[どうし]の活用形[かつようけい]の識別[しきべつ] | 丁寧形[ていねいけい]（ます）の生成[せいせい],起[お]きる | ます形[がた] | 丁寧[ていねい]・非[ひ]過去[かこ],draft,,,
verbConjugation,vc_010,10,multipleChoice,起[お]きる → Convert to te-form.,Convert to te-form.,,,起[お]きる → て形[けい],Get up → Shape,c,一[いち]段[だん]動詞[どうし]「起[お]きる」：て形[けい]の作[つく]り方[かた]に従[したが]う。 正解[せいかい]は「起[お]きて」。,"One-stage詞 “。 up”: follow the instructions. The answer is ""waking up"".",verb_conjugation | te_form | ichidan,N4,1,動詞[どうし]の活用形[かつようけい]の識別[しきべつ] | て形[けい]の生成[せいせい],起[お]きる | て形[けい],draft,,,
verbConjugation,vc_011,11,multipleChoice,起[お]きる → Convert to plain past (た-form).,Convert to plain past.,,,起[お]きる → た形[かたち]（普通[ふつう]体[たい]・過去[かこ]）,up → shape (normal and past),d,一[いち]段[だん]動詞[どうし]「起[お]きる」：た形[かたち]は連用形[れんようけい]＋「た」系[けい]。 正解[せいかい]は「起[お]きた」。,"One-stage詞 “起き up”: the form is a concurrent form + the “ta” system. The answer is "" "".",verb_conjugation | past_form | ichidan,N4,1,動詞[どうし]の活用形[かつようけい]の識別[しきべつ] | た形[かたち]の生成[せいせい],起[お]きる | た形[かたち] | 普通[ふつう]体[たい]・過去[かこ],draft,,,
verbConjugation,vc_012,12,multipleChoice,起[お]きる → Convert to negative plain (ない-form).,Convert to negative plain,,,起[お]きる → ない形[かたち]（普通[ふつう]体[たい]・非[ひ]過去[かこ]）,up → no shape (normal and non-past),d,一[いち]段[だん]動詞[どうし]「起[お]きる」：未然形[みぜんけい]＋「ない」。 正解[せいかい]は「起[お]きない」。,"One-stage詞 ""起き up"": Undefined + ""not"". The answer is ""not happen"".",verb_conjugation | nai_form | ichidan,N4,1,動詞[どうし]の活用形[かつようけい]の識別[しきべつ] | ない形[かたち]の生成[せいせい],起[お]きる | ない形[かたち] | 普通[ふつう]体[たい]・非[ひ]過去[かこ],draft,,,
verbConjugation,vc_013,13,multipleChoice,寝[ね]る → Convert to ます-form (polite non-past).,sleep → Convert to perform (polite non-past).,,,寝[ね]る → ます形[かたち]（丁寧[ていねい]・非[ひ]過去[かこ]）,"Sleep → More Shapes (Polite, Non-Past)",c,一[いち]段[だん]動詞[どうし]「寝[ね]る」：丁寧[ていねい]語[ご]は連用形[れんようけい]＋「ます」。 正解[せいかい]は「寝[ね]ます」。,"One-stage詞 ""Sleeping"": politely speaking is a common form + ""."". The answer is ""sleep"".",verb_conjugation | masu_form | ichidan,N4,1,動詞[どうし]の活用形[かつようけい]の識別[しきべつ] | 丁寧形[ていねいけい]（ます）の生成[せいせい],寝[ね]る | ます形[がた] | 丁寧[ていねい]・非[ひ]過去[かこ],draft,,,
verbConjugation,vc_014,14,multipleChoice,寝[ね]る → Convert to te-form.,Convert to te-form,,,寝[ね]る → て形[けい],sleeping,d,一[いち]段[だん]動詞[どうし]「寝[ね]る」：て形[けい]の作[つく]り方[かた]に従[したが]う。 正解[せいかい]は「寝[ね]て」。,"One-stage詞 ""Sleeping"": follow the instructions. The answer is ""sleep"".",verb_conjugation | te_form | ichidan,N4,1,動詞[どうし]の活用形[かつようけい]の識別[しきべつ] | て形[けい]の生成[せいせい],寝[ね]る | て形[けい],draft,,,
verbConjugation,vc_015,15,multipleChoice,寝[ね]る → Convert to plain past (た-form).,Convert to plain past.,,,寝[ね]る → た形[かたち]（普通[ふつう]体[たい]・過去[かこ]）,"sleeping → shaped (normal body, past)",a,一[いち]段[だん]動詞[どうし]「寝[ね]る」：た形[かたち]は連用形[れんようけい]＋「た」系[けい]。 正解[せいかい]は「寝[ね]た」。,"One-stage詞 ""Sleeping"": the form is a concurrent form + the ""ta"" system. The answer is ""sleep"".",verb_conjugation | past_form | ichidan,N4,1,動詞[どうし]の活用形[かつようけい]の識別[しきべつ] | た形[かたち]の生成[せいせい],寝[ね]る | た形[かたち] | 普通[ふつう]体[たい]・過去[かこ],draft,,,
verbConjugation,vc_016,16,multipleChoice,寝[ね]る → Convert to negative plain (ない-form).,Convert to negative plain,,,寝[ね]る → ない形[かたち]（普通[ふつう]体[たい]・非[ひ]過去[かこ]）,sleeping → not in shape (normal and non-past),b,一[いち]段[だん]動詞[どうし]「寝[ね]る」：未然形[みぜんけい]＋「ない」。 正解[せいかい]は「寝[ね]ない」。,"One-stage詞 ""Sleeping"": Unshaped + ""No"". The answer is ""not sleeping"".",verb_conjugation | nai_form | ichidan,N4,1,動詞[どうし]の活用形[かつようけい]の識別[しきべつ] | ない形[かたち]の生成[せいせい],寝[ね]る | ない形[かたち] | 普通[ふつう]体[たい]・非[ひ]過去[かこ],draft,,,
verbConjugation,vc_017,17,multipleChoice,借[か]りる → Convert to ます-form (polite non-past).,Rent → Convert to perform (polite non-past).,,,借[か]りる → ます形[かたち]（丁寧[ていねい]・非[ひ]過去[かこ]）,Rent → In  form (polite and non-past),d,一[いち]段[だん]動詞[どうし]「借[か]りる」：丁寧[ていねい]語[ご]は連用形[れんようけい]＋「ます」。 正解[せいかい]は「借[か]ります」。,"One-stage詞 ""Rent"": polite is a concurrent form + ""."". The answer is ""rental"".",verb_conjugation | masu_form | ichidan,N4,1,動詞[どうし]の活用形[かつようけい]の識別[しきべつ] | 丁寧形[ていねいけい]（ます）の生成[せいせい],借[か]りる | ます形[がた] | 丁寧[ていねい]・非[ひ]過去[かこ],draft,,,
verbConjugation,vc_018,18,multipleChoice,借[か]りる → Convert to te-form.,Convert to te-form,,,借[か]りる → て形[けい],Rent → Shape,c,一[いち]段[だん]動詞[どうし]「借[か]りる」：て形[けい]の作[つく]り方[かた]に従[したが]う。 正解[せいかい]は「借[か]りて」。,"One-stage詞 ""Rent"": follow the instructions. The answer is ""locomotive"".",verb_conjugation | te_form | ichidan,N4,1,動詞[どうし]の活用形[かつようけい]の識別[しきべつ] | て形[けい]の生成[せいせい],借[か]りる | て形[けい],draft,,,
verbConjugation,vc_019,19,multipleChoice,借[か]りる → Convert to plain past (た-form).,Convert to plain past,,,借[か]りる → た形[かたち]（普通[ふつう]体[たい]・過去[かこ]）,Rent → Takatagata (normal and past),d,一[いち]段[だん]動詞[どうし]「借[か]りる」：た形[かたち]は連用形[れんようけい]＋「た」系[けい]。 正解[せいかい]は「借[か]りた」。,"One-stage詞 ""Rent"": the form is a concurrent form + the ""ta"" system. The answer is ""loan"".",verb_conjugation | past_form | ichidan,N4,1,動詞[どうし]の活用形[かつようけい]の識別[しきべつ] | た形[かたち]の生成[せいせい],借[か]りる | た形[かたち] | 普通[ふつう]体[たい]・過去[かこ],draft,,,
verbConjugation,vc_020,20,multipleChoice,借[か]りる → Convert to negative plain (ない-form).,Convert to negative plain,,,借[か]りる → ない形[かたち]（普通[ふつう]体[たい]・非[ひ]過去[かこ]）,Rent → Non-Past,a,一[いち]段[だん]動詞[どうし]「借[か]りる」：未然形[みぜんけい]＋「ない」。 正解[せいかい]は「借[か]りない」。,"One-stage詞 ""Rent"": Unshaped + ""No"". The answer is ""not borrowed"".",verb_conjugation | nai_form | ichidan,N4,1,動詞[どうし]の活用形[かつようけい]の識別[しきべつ] | ない形[かたち]の生成[せいせい],借[か]りる | ない形[かたち] | 普通[ふつう]体[たい]・非[ひ]過去[かこ],draft,,,
verbConjugation,vc_021,21,multipleChoice,着[き]る → Convert to ます-form (polite non-past).,着 → Convert to ます-form (polite non-past).,,,着[き]る → ます形[かたち]（丁寧[ていねい]・非[ひ]過去[かこ]）,Wear → Shape (Polite and non-past),a,五[ご]段[だん]動詞[どうし]「着[き]る」：丁寧[ていねい]語[ご]は連用形[れんようけい]＋「ます」。 正解[せいかい]は「着[き]ます」。,"Five-stage詞 “Wearing”: politely speaking is a concurrent form + “Wear”. The answer is ""to wear"".",verb_conjugation | masu_form | godan,N4,1,動詞[どうし]の活用形[かつようけい]の識別[しきべつ] | 丁寧形[ていねいけい]（ます）の生成[せいせい],着[き]る | ます形[がた] | 丁寧[ていねい]・非[ひ]過去[かこ],draft,,,
verbConjugation,vc_022,22,multipleChoice,着[き]る → Convert to te-form.,Convert to te-form.,,,着[き]る → て形[けい],Wear → Shape,a,五[ご]段[だん]動詞[どうし]「着[き]る」：て形[けい]の作[つく]り方[かた]に従[したが]う。 正解[せいかい]は「着[き]て」。,"Five-stage詞s ""Wear"": follow the way to make the form. The answer is ""wearing"".",verb_conjugation | te_form | godan,N4,1,動詞[どうし]の活用形[かつようけい]の識別[しきべつ] | て形[けい]の生成[せいせい],着[き]る | て形[けい],draft,,,
verbConjugation,vc_023,23,multipleChoice,着[き]る → Convert to plain past (た-form).,Convert to plain past.,,,着[き]る → た形[かたち]（普通[ふつう]体[たい]・過去[かこ]）,Wearing → Shape (Regular and Past),d,五[ご]段[だん]動詞[どうし]「着[き]る」：た形[かたち]は連用形[れんようけい]＋「た」系[けい]。 正解[せいかい]は「着[き]た」。,"Five-stage詞 ""wearing"": the form is a concurrent form + ""ta"" system. The correct answer is ""weared"".",verb_conjugation | past_form | godan,N4,1,動詞[どうし]の活用形[かつようけい]の識別[しきべつ] | た形[かたち]の生成[せいせい],着[き]る | た形[かたち] | 普通[ふつう]体[たい]・過去[かこ],draft,,,
verbConjugation,vc_024,24,multipleChoice,着[き]る → Convert to negative plain (ない-form).,Convert to negative plain,,,着[き]る → ない形[かたち]（普通[ふつう]体[たい]・非[ひ]過去[かこ]）,Wearing → Non-Past,c,五[ご]段[だん]動詞[どうし]「着[き]る」：未然形[みぜんけい]＋「ない」。 正解[せいかい]は「着[き]ない」。,"Five-stage詞 ""wearing"": undecided + ""not"". The answer is ""not to wear"".",verb_conjugation | nai_form | godan,N4,1,動詞[どうし]の活用形[かつようけい]の識別[しきべつ] | ない形[かたち]の生成[せいせい],着[き]る | ない形[かたち] | 普通[ふつう]体[たい]・非[ひ]過去[かこ],draft,,,
verbConjugation,vc_025,25,multipleChoice,する → Convert to ます-form (polite non-past).,Convert to  -form.,,,する → ます形[かたち]（丁寧[ていねい]・非[ひ]過去[かこ]）,→ More forms (polite and non-past),b,不規則[ふきそく]「する」：丁寧[ていねい]語[ご]は連用形[れんようけい]＋「ます」。 正解[せいかい]は「します」。,"Irregular ""Do"": polite is a reconstructive form + ""."". The answer is "".",verb_conjugation | masu_form | irregular,N4,1,動詞[どうし]の活用形[かつようけい]の識別[しきべつ] | 丁寧形[ていねいけい]（ます）の生成[せいせい],する | ます形[がた] | 丁寧[ていねい]・非[ひ]過去[かこ],draft,,,
verbConjugation,vc_026,26,multipleChoice,する → Convert to te-form.,Convert to te-form.,,,する → て形[けい],する ('do') → te-form,c,不規則[ふきそく]「する」：て形[けい]の作[つく]り方[かた]に従[したが]う。 正解[せいかい]は「して」。,"Irregular ""Do"": follow the way to make the shape.",verb_conjugation | te_form | irregular,N4,1,動詞[どうし]の活用形[かつようけい]の識別[しきべつ] | て形[けい]の生成[せいせい],する | て形[けい],draft,,,
verbConjugation,vc_027,27,multipleChoice,する → Convert to plain past (た-form).,Convert to plain past.,,,する → た形[かたち]（普通[ふつう]体[たい]・過去[かこ]）,"→ Form (normal body, past)",d,不規則[ふきそく]「する」：た形[かたち]は連用形[れんようけい]＋「た」系[けい]。 正解[せいかい]は「した」。,"Irregular “Do”: The shape of the form is a solid form + the “Ta” system. The answer is ""I""",verb_conjugation | past_form | irregular,N4,1,動詞[どうし]の活用形[かつようけい]の識別[しきべつ] | た形[かたち]の生成[せいせい],する | た形[かたち] | 普通[ふつう]体[たい]・過去[かこ],draft,,,
verbConjugation,vc_028,28,multipleChoice,する → Convert to negative plain (ない-form).,Convert to negative plain.,,,する → ない形[かたち]（普通[ふつう]体[たい]・非[ひ]過去[かこ]）,do → not form (normal and non-past),c,不規則[ふきそく]「する」：未然形[みぜんけい]＋「ない」。 正解[せいかい]は「しない」。,"Irregular ""Do"": Unshaped + ""No"". No answer.",verb_conjugation | nai_form | irregular,N4,1,動詞[どうし]の活用形[かつようけい]の識別[しきべつ] | ない形[かたち]の生成[せいせい],する | ない形[かたち] | 普通[ふつう]体[たい]・非[ひ]過去[かこ],draft,,,
verbConjugation,vc_029,29,multipleChoice,来[く]る → Convert to ます-form (polite non-past).,Convert to  -form.,,,来[く]る → ます形[かたち]（丁寧[ていねい]・非[ひ]過去[かこ]）,Coming → More Shapes (Polite & Non-Past),c,不規則[ふきそく]「来[く]る」：丁寧[ていねい]語[ご]は連用形[れんようけい]＋「ます」。 正解[せいかい]は「来[き]ます」。,"Irregular ""Come"": politely speaking is a common form + ""."". “Comes”",verb_conjugation | masu_form | irregular,N4,1,動詞[どうし]の活用形[かつようけい]の識別[しきべつ] | 丁寧形[ていねいけい]（ます）の生成[せいせい],来[く]る | ます形[がた] | 丁寧[ていねい]・非[ひ]過去[かこ],draft,,,
verbConjugation,vc_030,30,multipleChoice,来[く]る → Convert to te-form.,Convert to te-form.,,,来[く]る → て形[けい],Come → Shape,a,不規則[ふきそく]「来[く]る」：て形[けい]の作[つく]り方[かた]に従[したが]う。 正解[せいかい]は「来[き]て」。,"Irregular ""Come"": follow the instructions. “Come”",verb_conjugation | te_form | irregular,N4,1,動詞[どうし]の活用形[かつようけい]の識別[しきべつ] | て形[けい]の生成[せいせい],来[く]る | て形[けい],draft,,,
verbConjugation,vc_031,31,multipleChoice,来[く]る → Convert to plain past (た-form).,Convert to plain past.,,,来[く]る → た形[かたち]（普通[ふつう]体[たい]・過去[かこ]）,Coming → Form (Regular and Past),b,不規則[ふきそく]「来[く]る」：た形[かたち]は連用形[れんようけい]＋「た」系[けい]。 正解[せいかい]は「来[き]た」。,"Irregular ""Come"": The shape of the form is a common form + the ""ta"" system. The answer is ""Coming"".",verb_conjugation | past_form | irregular,N4-N3,2,動詞[どうし]の活用形[かつようけい]の識別[しきべつ] | た形[かたち]の生成[せいせい],来[く]る | た形[かたち] | 普通[ふつう]体[たい]・過去[かこ],draft,,,
verbConjugation,vc_032,32,multipleChoice,来[く]る → Convert to negative plain (ない-form).,Convert to negative plain,,,来[く]る → ない形[かたち]（普通[ふつう]体[たい]・非[ひ]過去[かこ]）,Coming → Non-forming,a,不規則[ふきそく]「来[く]る」：未然形[みぜんけい]＋「ない」。 正解[せいかい]は「来[こ]ない」。,"Irregular ""Come"": Unshaped + ""No"". “I don’t come”",verb_conjugation | nai_form | irregular,N4-N3,2,動詞[どうし]の活用形[かつようけい]の識別[しきべつ] | ない形[かたち]の生成[せいせい],来[く]る | ない形[かたち] | 普通[ふつう]体[たい]・非[ひ]過去[かこ],draft,,,
verbConjugation,vc_033,33,multipleChoice,行[い]く → Convert to ます-form (polite non-past).,Go to Convert to  -form (polite non-past).,,,行[い]く → ます形[かたち]（丁寧[ていねい]・非[ひ]過去[かこ]）,Go → More Shapes (Polite and Non-Past),a,五[ご]段[だん]動詞[どうし]「行[い]く」：丁寧[ていねい]語[ご]は連用形[れんようけい]＋「ます」。 正解[せいかい]は「行[い]きます」。,"Five-stage詞 “Go”: Politely speaking is a common form + “Go”. The answer is ""go"".",verb_conjugation | masu_form | godan,N4-N3,2,動詞[どうし]の活用形[かつようけい]の識別[しきべつ] | 丁寧形[ていねいけい]（ます）の生成[せいせい],行[い]く | ます形[がた] | 丁寧[ていねい]・非[ひ]過去[かこ],draft,,,
verbConjugation,vc_034,34,multipleChoice,行[い]く → Convert to te-form.,Convert to te-form.,,,行[い]く → て形[けい],Go → Shape,c,五[ご]段[だん]動詞[どうし]「行[い]く」：て形[けい]の作[つく]り方[かた]に従[したが]う。 正解[せいかい]は「行[い]って」。,"Five-stage詞 “Go”: follow the way to make the form. The answer is ""Go"".",verb_conjugation | te_form | godan,N4-N3,2,動詞[どうし]の活用形[かつようけい]の識別[しきべつ] | て形[けい]の生成[せいせい],行[い]く | て形[けい],draft,,,
verbConjugation,vc_035,35,multipleChoice,行[い]く → Convert to plain past (た-form).,Convert to plain past.,,,行[い]く → た形[かたち]（普通[ふつう]体[たい]・過去[かこ]）,Go → Tagata (normal body / past),c,五[ご]段[だん]動詞[どうし]「行[い]く」：た形[かたち]は連用形[れんようけい]＋「た」系[けい]。 正解[せいかい]は「行[い]った」。,"Five-stage詞 “Go”: The form is a combination + “Ta” series. The answer is ""going"".",verb_conjugation | past_form | godan,N4-N3,2,動詞[どうし]の活用形[かつようけい]の識別[しきべつ] | た形[かたち]の生成[せいせい],行[い]く | た形[かたち] | 普通[ふつう]体[たい]・過去[かこ],draft,,,
verbConjugation,vc_036,36,multipleChoice,行[い]く → Convert to negative plain (ない-form).,Convert to negative plain,,,行[い]く → ない形[かたち]（普通[ふつう]体[たい]・非[ひ]過去[かこ]）,Go → No shape (normal and non-past),d,五[ご]段[だん]動詞[どうし]「行[い]く」：未然形[みぜんけい]＋「ない」。 正解[せいかい]は「行[い]かない」。,"Five-stage詞 “Go”: Undecided + “No”. The answer is ""not going"".",verb_conjugation | nai_form | godan,N4-N3,2,動詞[どうし]の活用形[かつようけい]の識別[しきべつ] | ない形[かたち]の生成[せいせい],行[い]く | ない形[かたち] | 普通[ふつう]体[たい]・非[ひ]過去[かこ],draft,,,
verbConjugation,vc_037,37,multipleChoice,書[か]く → Convert to ます-form (polite non-past).,→ Convert to  -form (polite non-past).,,,書[か]く → ます形[かたち]（丁寧[ていねい]・非[ひ]過去[かこ]）,"→   (polite, non-past)",b,五[ご]段[だん]動詞[どうし]「書[か]く」：丁寧[ていねい]語[ご]は連用形[れんようけい]＋「ます」。 正解[せいかい]は「書[か]きます」。,"Five-stage詞s "" "": politely speaking is synonym + ""。"". The answer is ""write"".",verb_conjugation | masu_form | godan,N4-N3,2,動詞[どうし]の活用形[かつようけい]の識別[しきべつ] | 丁寧形[ていねいけい]（ます）の生成[せいせい],書[か]く | ます形[がた] | 丁寧[ていねい]・非[ひ]過去[かこ],draft,,,
verbConjugation,vc_038,38,multipleChoice,書[か]く → Convert to te-form.,Convert to te-form,,,書[か]く → て形[けい],Shape → Shape,a,五[ご]段[だん]動詞[どうし]「書[か]く」：て形[けい]の作[つく]り方[かた]に従[したが]う。 正解[せいかい]は「書[か]いて」。,"Five-stage詞 "" "": follow the way to make the form. The answer is ""write"".",verb_conjugation | te_form | godan,N4-N3,2,動詞[どうし]の活用形[かつようけい]の識別[しきべつ] | て形[けい]の生成[せいせい],書[か]く | て形[けい],draft,,,
verbConjugation,vc_039,39,multipleChoice,書[か]く → Convert to plain past (た-form).,Convert to plain past.,,,書[か]く → た形[かたち]（普通[ふつう]体[たい]・過去[かこ]）,→ Takatagata (normal and past),b,五[ご]段[だん]動詞[どうし]「書[か]く」：た形[かたち]は連用形[れんようけい]＋「た」系[けい]。 正解[せいかい]は「書[か]いた」。,"Five-stage詞 "" "": Ta-shaped is a combination + ""ta"" system. The answer is ""written"".",verb_conjugation | past_form | godan,N4-N3,2,動詞[どうし]の活用形[かつようけい]の識別[しきべつ] | た形[かたち]の生成[せいせい],書[か]く | た形[かたち] | 普通[ふつう]体[たい]・過去[かこ],draft,,,
verbConjugation,vc_040,40,multipleChoice,書[か]く → Convert to negative plain (ない-form).,Convert to negative plain,,,書[か]く → ない形[かたち]（普通[ふつう]体[たい]・非[ひ]過去[かこ]）,→ Non-Past,d,五[ご]段[だん]動詞[どうし]「書[か]く」：未然形[みぜんけい]＋「ない」。 正解[せいかい]は「書[か]かない」。,"Five-stage詞s "" "": Undefined + ""not"". The answer is ""not written"".",verb_conjugation | nai_form | godan,N4-N3,2,動詞[どうし]の活用形[かつようけい]の識別[しきべつ] | ない形[かたち]の生成[せいせい],書[か]く | ない形[かたち] | 普通[ふつう]体[たい]・非[ひ]過去[かこ],draft,,,
verbConjugation,vc_041,41,multipleChoice,聞[き]く → Convert to ます-form (polite non-past).,Listen → Convert to perform (polite non-past).,,,聞[き]く → ます形[かたち]（丁寧[ていねい]・非[ひ]過去[かこ]）,Listening → In  form (polite and non-past),c,五[ご]段[だん]動詞[どうし]「聞[き]く」：丁寧[ていねい]語[ご]は連用形[れんようけい]＋「ます」。 正解[せいかい]は「聞[き]きます」。,"Five-stage  “Listen”: Politely speaking is a concurrent form + “。”. The answer is ""Listen"".",verb_conjugation | masu_form | godan,N4-N3,2,動詞[どうし]の活用形[かつようけい]の識別[しきべつ] | 丁寧形[ていねいけい]（ます）の生成[せいせい],聞[き]く | ます形[がた] | 丁寧[ていねい]・非[ひ]過去[かこ],draft,,,
verbConjugation,vc_042,42,multipleChoice,聞[き]く → Convert to te-form.,Convert to te-form,,,聞[き]く → て形[けい],Listen → Shape,c,五[ご]段[だん]動詞[どうし]「聞[き]く」：て形[けい]の作[つく]り方[かた]に従[したが]う。 正解[せいかい]は「聞[き]いて」。,"Five-stage  “Listen”: follow the instructions. The answer is ""Listen"".",verb_conjugation | te_form | godan,N4-N3,2,動詞[どうし]の活用形[かつようけい]の識別[しきべつ] | て形[けい]の生成[せいせい],聞[き]く | て形[けい],draft,,,
verbConjugation,vc_043,43,multipleChoice,聞[き]く → Convert to plain past (た-form).,Convert to plain past.,,,聞[き]く → た形[かたち]（普通[ふつう]体[たい]・過去[かこ]）,Listening → Forms (Regular and Past),d,五[ご]段[だん]動詞[どうし]「聞[き]く」：た形[かたち]は連用形[れんようけい]＋「た」系[けい]。 正解[せいかい]は「聞[き]いた」。,"Five-stage詞 “Listen”: the form is a combination + “ta” series. The answer is ""heard"".",verb_conjugation | past_form | godan,N4-N3,2,動詞[どうし]の活用形[かつようけい]の識別[しきべつ] | た形[かたち]の生成[せいせい],聞[き]く | た形[かたち] | 普通[ふつう]体[たい]・過去[かこ],draft,,,
verbConjugation,vc_044,44,multipleChoice,聞[き]く → Convert to negative plain (ない-form).,Convert to negative plain,,,聞[き]く → ない形[かたち]（普通[ふつう]体[たい]・非[ひ]過去[かこ]）,Listening → Non-forming,b,五[ご]段[だん]動詞[どうし]「聞[き]く」：未然形[みぜんけい]＋「ない」。 正解[せいかい]は「聞[き]かない」。,"Five-stage  ""Listen"": Undefined + ""not"". I don't hear the answer.",verb_conjugation | nai_form | godan,N4-N3,2,動詞[どうし]の活用形[かつようけい]の識別[しきべつ] | ない形[かたち]の生成[せいせい],聞[き]く | ない形[かたち] | 普通[ふつう]体[たい]・非[ひ]過去[かこ],draft,,,
verbConjugation,vc_045,45,multipleChoice,話[はな]す → Convert to ます-form (polite non-past).,話すak → Convert to  -form (polite non-past).,,,話[はな]す → ます形[かたち]（丁寧[ていねい]・非[ひ]過去[かこ]）,Talking → In  Shape (Polite and Non-Past),b,五[ご]段[だん]動詞[どうし]「話[はな]す」：丁寧[ていねい]語[ご]は連用形[れんようけい]＋「ます」。 正解[せいかい]は「話[はな]します」。,"Five-stage詞 ""Speaking"": politely speaking is a common form + ""."". The answer is ""speak"".",verb_conjugation | masu_form | godan,N4-N3,2,動詞[どうし]の活用形[かつようけい]の識別[しきべつ] | 丁寧形[ていねいけい]（ます）の生成[せいせい],話[はな]す | ます形[がた] | 丁寧[ていねい]・非[ひ]過去[かこ],draft,,,
verbConjugation,vc_046,46,multipleChoice,話[はな]す → Convert to te-form.,Convert to te-form.,,,話[はな]す → て形[けい],Talk → Shape,b,五[ご]段[だん]動詞[どうし]「話[はな]す」：て形[けい]の作[つく]り方[かた]に従[したが]う。 正解[せいかい]は「話[はな]して」。,Five-stage詞 “Speaking”: follow how to make a form. “Let’s talk”,verb_conjugation | te_form | godan,N4-N3,2,動詞[どうし]の活用形[かつようけい]の識別[しきべつ] | て形[けい]の生成[せいせい],話[はな]す | て形[けい],draft,,,
verbConjugation,vc_047,47,multipleChoice,話[はな]す → Convert to plain past (た-form).,Convert to plain past.,,,話[はな]す → た形[かたち]（普通[ふつう]体[たい]・過去[かこ]）,aking → Form (Regular and Past),d,五[ご]段[だん]動詞[どうし]「話[はな]す」：た形[かたち]は連用形[れんようけい]＋「た」系[けい]。 正解[せいかい]は「話[はな]した」。,"Five-stage詞 “Speaking”: the form is a reconstructive form + the “ta” system. The answer is ""speaked"".",verb_conjugation | past_form | godan,N4-N3,2,動詞[どうし]の活用形[かつようけい]の識別[しきべつ] | た形[かたち]の生成[せいせい],話[はな]す | た形[かたち] | 普通[ふつう]体[たい]・過去[かこ],draft,,,
verbConjugation,vc_048,48,multipleChoice,話[はな]す → Convert to negative plain (ない-form).,Convert to negative plain (not-form).,,,話[はな]す → ない形[かたち]（普通[ふつう]体[たい]・非[ひ]過去[かこ]）,→aking → Non-forming,c,五[ご]段[だん]動詞[どうし]「話[はな]す」：未然形[みぜんけい]＋「ない」。 正解[せいかい]は「話[はな]さない」。,"Five-stage詞 ""speaking"": undecided + ""not"". The answer is ""not talking"".",verb_conjugation | nai_form | godan,N4-N3,2,動詞[どうし]の活用形[かつようけい]の識別[しきべつ] | ない形[かたち]の生成[せいせい],話[はな]す | ない形[かたち] | 普通[ふつう]体[たい]・非[ひ]過去[かこ],draft,,,
verbConjugation,vc_049,49,multipleChoice,読[よ]む → Convert to ます-form (polite non-past).,読む → Convert to  -form.,,,読[よ]む → ます形[かたち]（丁寧[ていねい]・非[ひ]過去[かこ]）,読む → More Forms (Polite and Non-Past),b,五[ご]段[だん]動詞[どうし]「読[よ]む」：丁寧[ていねい]語[ご]は連用形[れんようけい]＋「ます」。 正解[せいかい]は「読[よ]みます」。,"Five-stage詞 ""Reading"": politely speaking is a common form + ""."". The answer is ""read"".",verb_conjugation | masu_form | godan,N4-N3,2,動詞[どうし]の活用形[かつようけい]の識別[しきべつ] | 丁寧形[ていねいけい]（ます）の生成[せいせい],読[よ]む | ます形[がた] | 丁寧[ていねい]・非[ひ]過去[かこ],draft,,,
verbConjugation,vc_050,50,multipleChoice,読[よ]む → Convert to te-form.,Convert to te-form,,,読[よ]む → て形[けい],Read → Shape,d,五[ご]段[だん]動詞[どうし]「読[よ]む」：て形[けい]の作[つく]り方[かた]に従[したが]う。 正解[せいかい]は「読[よ]んで」。,"Five-stage詞 ""Read"": follow the method of the form. The answer is ""read"".",verb_conjugation | te_form | godan,N4-N3,2,動詞[どうし]の活用形[かつようけい]の識別[しきべつ] | て形[けい]の生成[せいせい],読[よ]む | て形[けい],draft,,,
verbConjugation,vc_051,51,multipleChoice,読[よ]む → Convert to plain past (た-form).,Convert to plain past,,,読[よ]む → た形[かたち]（普通[ふつう]体[たい]・過去[かこ]）,読む → Forms (Regular and Past),d,五[ご]段[だん]動詞[どうし]「読[よ]む」：た形[かたち]は連用形[れんようけい]＋「た」系[けい]。 正解[せいかい]は「読[よ]んだ」。,"Five-stage詞 “Reading”: Ta-shaped + Ta-shaped. The answer is ""read"".",verb_conjugation | past_form | godan,N4-N3,2,動詞[どうし]の活用形[かつようけい]の識別[しきべつ] | た形[かたち]の生成[せいせい],読[よ]む | た形[かたち] | 普通[ふつう]体[たい]・過去[かこ],draft,,,
verbConjugation,vc_052,52,multipleChoice,読[よ]む → Convert to negative plain (ない-form).,Convert to negative plain,,,読[よ]む → ない形[かたち]（普通[ふつう]体[たい]・非[ひ]過去[かこ]）,読む → Non-Past,d,五[ご]段[だん]動詞[どうし]「読[よ]む」：未然形[みぜんけい]＋「ない」。 正解[せいかい]は「読[よ]まない」。,"Five-stage詞 ""Reading"": Undefined + ""not"". The answer is ""not read"".",verb_conjugation | nai_form | godan,N4-N3,2,動詞[どうし]の活用形[かつようけい]の識別[しきべつ] | ない形[かたち]の生成[せいせい],読[よ]む | ない形[かたち] | 普通[ふつう]体[たい]・非[ひ]過去[かこ],draft,,,
verbConjugation,vc_053,53,multipleChoice,飲[の]む → Convert to ます-form (polite non-past).,→ Convert to  -form (polite non-past).,,,飲[の]む → ます形[かたち]（丁寧[ていねい]・非[ひ]過去[かこ]）,→ → In  form (polite and non-past),a,五[ご]段[だん]動詞[どうし]「飲[の]む」：丁寧[ていねい]語[ご]は連用形[れんようけい]＋「ます」。 正解[せいかい]は「飲[の]みます」。,"Five-stage詞 “Drinking”: politely speaking is a concurrent form + “ ”. The answer is ""drink"".",verb_conjugation | masu_form | godan,N4-N3,2,動詞[どうし]の活用形[かつようけい]の識別[しきべつ] | 丁寧形[ていねいけい]（ます）の生成[せいせい],飲[の]む | ます形[がた] | 丁寧[ていねい]・非[ひ]過去[かこ],draft,,,
verbConjugation,vc_054,54,multipleChoice,飲[の]む → Convert to te-form.,Convert to te-form.,,,飲[の]む → て形[けい],Drink → Shape,a,五[ご]段[だん]動詞[どうし]「飲[の]む」：て形[けい]の作[つく]り方[かた]に従[したが]う。 正解[せいかい]は「飲[の]んで」。,"Five-stage詞 ""Drinking"": follow the instructions. The answer is ""drink"".",verb_conjugation | te_form | godan,N4-N3,2,動詞[どうし]の活用形[かつようけい]の識別[しきべつ] | て形[けい]の生成[せいせい],飲[の]む | て形[けい],draft,,,
verbConjugation,vc_055,55,multipleChoice,飲[の]む → Convert to plain past (た-form).,Convert to plain past.,,,飲[の]む → た形[かたち]（普通[ふつう]体[たい]・過去[かこ]）,"Drink → Takata (normal body, past)",b,五[ご]段[だん]動詞[どうし]「飲[の]む」：た形[かたち]は連用形[れんようけい]＋「た」系[けい]。 正解[せいかい]は「飲[の]んだ」。,"Five-stage詞 “Drinking”: the form is a concurrent form + the “ta” system. The answer is ""drink""",verb_conjugation | past_form | godan,N4-N3,2,動詞[どうし]の活用形[かつようけい]の識別[しきべつ] | た形[かたち]の生成[せいせい],飲[の]む | た形[かたち] | 普通[ふつう]体[たい]・過去[かこ],draft,,,
verbConjugation,vc_056,56,multipleChoice,飲[の]む → Convert to negative plain (ない-form).,Convert to negative plain,,,飲[の]む → ない形[かたち]（普通[ふつう]体[たい]・非[ひ]過去[かこ]）,Drink → Not a shape (normal and non-past),a,五[ご]段[だん]動詞[どうし]「飲[の]む」：未然形[みぜんけい]＋「ない」。 正解[せいかい]は「飲[の]まない」。,Five-stage詞 “Drinking”: Undecided + “No”. “Do not drink”,verb_conjugation | nai_form | godan,N4-N3,2,動詞[どうし]の活用形[かつようけい]の識別[しきべつ] | ない形[かたち]の生成[せいせい],飲[の]む | ない形[かたち] | 普通[ふつう]体[たい]・非[ひ]過去[かこ],draft,,,
verbConjugation,vc_057,57,multipleChoice,待[ま]つ → Convert to ます-form (polite non-past).,Wait → Convert to perform (polite non-past).,,,待[ま]つ → ます形[かたち]（丁寧[ていねい]・非[ひ]過去[かこ]）,Waiting → Shape (Polite and non-past),a,五[ご]段[だん]動詞[どうし]「待[ま]つ」：丁寧[ていねい]語[ご]は連用形[れんようけい]＋「ます」。 正解[せいかい]は「待[ま]ちます」。,"Five-stage詞 “Want to wait”: politely speaking is a concurrent form + “。”. The answer is ""Want to wait"".",verb_conjugation | masu_form | godan,N4-N3,2,動詞[どうし]の活用形[かつようけい]の識別[しきべつ] | 丁寧形[ていねいけい]（ます）の生成[せいせい],待[ま]つ | ます形[がた] | 丁寧[ていねい]・非[ひ]過去[かこ],draft,,,
verbConjugation,vc_058,58,multipleChoice,待[ま]つ → Convert to te-form.,Convert to te-form.,,,待[ま]つ → て形[けい],Wait → Shape,d,五[ご]段[だん]動詞[どうし]「待[ま]つ」：て形[けい]の作[つく]り方[かた]に従[したが]う。 正解[せいかい]は「待[ま]って」。,"Five-stage詞 “Want to wait”: follow the instructions. The answer is ""wait"".",verb_conjugation | te_form | godan,N4-N3,2,動詞[どうし]の活用形[かつようけい]の識別[しきべつ] | て形[けい]の生成[せいせい],待[ま]つ | て形[けい],draft,,,
verbConjugation,vc_059,59,multipleChoice,待[ま]つ → Convert to plain past (た-form).,Convert to plain past,,,待[ま]つ → た形[かたち]（普通[ふつう]体[たい]・過去[かこ]）,"Waiting → Takata (normal body, past)",d,五[ご]段[だん]動詞[どうし]「待[ま]つ」：た形[かたち]は連用形[れんようけい]＋「た」系[けい]。 正解[せいかい]は「待[ま]った」。,"Five-stage詞 ""Want to wait"": the form is a combination + ""ta"" series. I waited for the answer.",verb_conjugation | past_form | godan,N4-N3,2,動詞[どうし]の活用形[かつようけい]の識別[しきべつ] | た形[かたち]の生成[せいせい],待[ま]つ | た形[かたち] | 普通[ふつう]体[たい]・過去[かこ],draft,,,
verbConjugation,vc_060,60,multipleChoice,待[ま]つ → Convert to negative plain (ない-form).,Convert to negative plain,,,待[ま]つ → ない形[かたち]（普通[ふつう]体[たい]・非[ひ]過去[かこ]）,Waiting → No shape (normal and non-past),b,五[ご]段[だん]動詞[どうし]「待[ま]つ」：未然形[みぜんけい]＋「ない」。 正解[せいかい]は「待[ま]たない」。,"Five-stage詞 “Want to wait”: Undecided + “No”. The answer is ""not waiting"".",verb_conjugation | nai_form | godan,N4-N3,2,動詞[どうし]の活用形[かつようけい]の識別[しきべつ] | ない形[かたち]の生成[せいせい],待[ま]つ | ない形[かたち] | 普通[ふつう]体[たい]・非[ひ]過去[かこ],draft,,,
verbConjugation,vc_061,61,multipleChoice,買[か]う → Convert to ます-form (polite non-past).,Buy → Convert to form (polite non-past).,,,買[か]う → ます形[かたち]（丁寧[ていねい]・非[ひ]過去[かこ]）,Buy → More Shapes (Polite & Non-Past),d,五[ご]段[だん]動詞[どうし]「買[か]う」：丁寧[ていねい]語[ご]は連用形[れんようけい]＋「ます」。 正解[せいかい]は「買[か]います」。,"Five-stage詞 “Buying”: politely speaking is a concurrent form + “ ”. The answer is ""buy"".",verb_conjugation | masu_form | godan,N4-N3,2,動詞[どうし]の活用形[かつようけい]の識別[しきべつ] | 丁寧形[ていねいけい]（ます）の生成[せいせい],買[か]う | ます形[がた] | 丁寧[ていねい]・非[ひ]過去[かこ],draft,,,
verbConjugation,vc_062,62,multipleChoice,買[か]う → Convert to te-form.,Convert to te-form,,,買[か]う → て形[けい],Buy → Shape,c,五[ご]段[だん]動詞[どうし]「買[か]う」：て形[けい]の作[つく]り方[かた]に従[したが]う。 正解[せいかい]は「買[か]って」。,"Five-stage詞 “Buy”: follow the instructions. The answer is ""Buy"".",verb_conjugation | te_form | godan,N4-N3,2,動詞[どうし]の活用形[かつようけい]の識別[しきべつ] | て形[けい]の生成[せいせい],買[か]う | て形[けい],draft,,,
verbConjugation,vc_063,63,multipleChoice,買[か]う → Convert to plain past (た-form).,Convert to plain past,,,買[か]う → た形[かたち]（普通[ふつう]体[たい]・過去[かこ]）,Buy → Takatagata (normal and past),c,五[ご]段[だん]動詞[どうし]「買[か]う」：た形[かたち]は連用形[れんようけい]＋「た」系[けい]。 正解[せいかい]は「買[か]った」。,"Five-stage詞 ""Buy"": Tagata is a series of形s + Ta. ""I bought it.""",verb_conjugation | past_form | godan,N4-N3,2,動詞[どうし]の活用形[かつようけい]の識別[しきべつ] | た形[かたち]の生成[せいせい],買[か]う | た形[かたち] | 普通[ふつう]体[たい]・過去[かこ],draft,,,
verbConjugation,vc_064,64,multipleChoice,買[か]う → Convert to negative plain (ない-form).,Buy → Convert to negative plain.,,,買[か]う → ない形[かたち]（普通[ふつう]体[たい]・非[ひ]過去[かこ]）,Buy → Non-Past,a,五[ご]段[だん]動詞[どうし]「買[か]う」：未然形[みぜんけい]＋「ない」。 正解[せいかい]は「買[か]わない」。,"Five-stage詞 “Buy”: Undecided + “No”. ""Do not buy""",verb_conjugation | nai_form | godan,N4-N3,2,動詞[どうし]の活用形[かつようけい]の識別[しきべつ] | ない形[かたち]の生成[せいせい],買[か]う | ない形[かたち] | 普通[ふつう]体[たい]・非[ひ]過去[かこ],draft,,,
verbConjugation,vc_065,65,multipleChoice,帰[かえ]る → Convert to ます-form (polite non-past).,Return → Convert to perform (polite non-past).,,,帰[かえ]る → ます形[かたち]（丁寧[ていねい]・非[ひ]過去[かこ]）,Home → More Shapes (Polite & Non-Past),b,五[ご]段[だん]動詞[どうし]「帰[かえ]る」：丁寧[ていねい]語[ご]は連用形[れんようけい]＋「ます」。 正解[せいかい]は「帰[かえ]ります」。,"Five-stage詞 “Returning”: politely speaking is a reconstructive form + “Return”. The answer is ""Return"".",verb_conjugation | masu_form | godan,N4-N3,2,動詞[どうし]の活用形[かつようけい]の識別[しきべつ] | 丁寧形[ていねいけい]（ます）の生成[せいせい],帰[かえ]る | ます形[がた] | 丁寧[ていねい]・非[ひ]過去[かこ],draft,,,
verbConjugation,vc_066,66,multipleChoice,帰[かえ]る → Convert to te-form.,Convert to te-form.,,,帰[かえ]る → て形[けい],Home → Shape,c,五[ご]段[だん]動詞[どうし]「帰[かえ]る」：て形[けい]の作[つく]り方[かた]に従[したが]う。 正解[せいかい]は「帰[かえ]って」。,"Five-stage詞 “Returning”: follow the instructions. The answer is ""Return"".",verb_conjugation | te_form | godan,N4-N3,2,動詞[どうし]の活用形[かつようけい]の識別[しきべつ] | て形[けい]の生成[せいせい],帰[かえ]る | て形[けい],draft,,,
verbConjugation,vc_067,67,multipleChoice,帰[かえ]る → Convert to plain past (た-form).,Convert to plain past.,,,帰[かえ]る → た形[かたち]（普通[ふつう]体[たい]・過去[かこ]）,Returning → Form (Regular Body / Past),c,五[ご]段[だん]動詞[どうし]「帰[かえ]る」：た形[かたち]は連用形[れんようけい]＋「た」系[けい]。 正解[せいかい]は「帰[かえ]った」。,"Five-stage詞 “Returning”: The form is a reconstructive form and a “ta” system. The answer is ""Return"".",verb_conjugation | past_form | godan,N4-N3,2,動詞[どうし]の活用形[かつようけい]の識別[しきべつ] | た形[かたち]の生成[せいせい],帰[かえ]る | た形[かたち] | 普通[ふつう]体[たい]・過去[かこ],draft,,,
verbConjugation,vc_068,68,multipleChoice,帰[かえ]る → Convert to negative plain (ない-form).,Convert to negative plain,,,帰[かえ]る → ない形[かたち]（普通[ふつう]体[たい]・非[ひ]過去[かこ]）,Returning → Non-Past,d,五[ご]段[だん]動詞[どうし]「帰[かえ]る」：未然形[みぜんけい]＋「ない」。 正解[せいかい]は「帰[かえ]らない」。,"Five-stage詞 “Return”: Undecided + “No”. The answer is ""I don't return"".",verb_conjugation | nai_form | godan,N3,3,動詞[どうし]の活用形[かつようけい]の識別[しきべつ] | ない形[かたち]の生成[せいせい],帰[かえ]る | ない形[かたち] | 普通[ふつう]体[たい]・非[ひ]過去[かこ],draft,,,
verbConjugation,vc_069,69,multipleChoice,入[はい]る → Convert to ます-form (polite non-past).,Enter → Convert to perform (polite non-past).,,,入[はい]る → ます形[かたち]（丁寧[ていねい]・非[ひ]過去[かこ]）,Contact Us,a,五[ご]段[だん]動詞[どうし]「入[はい]る」：丁寧[ていねい]語[ご]は連用形[れんようけい]＋「ます」。 正解[せいかい]は「入[はい]ります」。,"Five-stage詞s ""I enter"": politely speaking is a common form + ""I do"". The answer is ""enter"".",verb_conjugation | masu_form | godan,N3,3,動詞[どうし]の活用形[かつようけい]の識別[しきべつ] | 丁寧形[ていねいけい]（ます）の生成[せいせい],入[はい]る | ます形[がた] | 丁寧[ていねい]・非[ひ]過去[かこ],draft,,,
verbConjugation,vc_070,70,multipleChoice,入[はい]る → Convert to te-form.,Convert to te-form,,,入[はい]る → て形[けい],Contact Us,b,五[ご]段[だん]動詞[どうし]「入[はい]る」：て形[けい]の作[つく]り方[かた]に従[したが]う。 正解[せいかい]は「入[はい]って」。,"Five-stage詞 “Enter”: follow the way to make the form. The answer is ""in"".",verb_conjugation | te_form | godan,N3,3,動詞[どうし]の活用形[かつようけい]の識別[しきべつ] | て形[けい]の生成[せいせい],入[はい]る | て形[けい],draft,,,
verbConjugation,vc_071,71,multipleChoice,入[はい]る → Convert to plain past (た-form).,Convert to plain past.,,,入[はい]る → た形[かたち]（普通[ふつう]体[たい]・過去[かこ]）,Enter → Form (体s and past),d,五[ご]段[だん]動詞[どうし]「入[はい]る」：た形[かたち]は連用形[れんようけい]＋「た」系[けい]。 正解[せいかい]は「入[はい]った」。,"Five-stage詞s ""enter"": the form is a combination + ""ta"" system. The answer is ""in"".",verb_conjugation | past_form | godan,N3,3,動詞[どうし]の活用形[かつようけい]の識別[しきべつ] | た形[かたち]の生成[せいせい],入[はい]る | た形[かたち] | 普通[ふつう]体[たい]・過去[かこ],draft,,,
verbConjugation,vc_072,72,multipleChoice,入[はい]る → Convert to negative plain (ない-form).,Convert to negative plain,,,入[はい]る → ない形[かたち]（普通[ふつう]体[たい]・非[ひ]過去[かこ]）,Input → Non-Past,c,五[ご]段[だん]動詞[どうし]「入[はい]る」：未然形[みぜんけい]＋「ない」。 正解[せいかい]は「入[はい]らない」。,"Five-stage詞s ""enter"": undefined + ""not"". The answer is ""not entering"".",verb_conjugation | nai_form | godan,N3,3,動詞[どうし]の活用形[かつようけい]の識別[しきべつ] | ない形[かたち]の生成[せいせい],入[はい]る | ない形[かたち] | 普通[ふつう]体[たい]・非[ひ]過去[かこ],draft,,,
verbConjugation,vc_073,73,multipleChoice,走[はし]る → Convert to ます-form (polite non-past).,Run → Convert to perform (polite non-past).,,,走[はし]る → ます形[かたち]（丁寧[ていねい]・非[ひ]過去[かこ]）,Running → More Forms (Polite and Non-Past),c,五[ご]段[だん]動詞[どうし]「走[はし]る」：丁寧[ていねい]語[ご]は連用形[れんようけい]＋「ます」。 正解[せいかい]は「走[はし]ります」。,"Five-stage詞 “Run”: politely speaking is a concurrent form + “I” The answer is ""run"".",verb_conjugation | masu_form | godan,N3,3,動詞[どうし]の活用形[かつようけい]の識別[しきべつ] | 丁寧形[ていねいけい]（ます）の生成[せいせい],走[はし]る | ます形[がた] | 丁寧[ていねい]・非[ひ]過去[かこ],draft,,,
verbConjugation,vc_074,74,multipleChoice,走[はし]る → Convert to te-form.,Run → Convert to te-form,,,走[はし]る → て形[けい],Running → Shape,b,五[ご]段[だん]動詞[どうし]「走[はし]る」：て形[けい]の作[つく]り方[かた]に従[したが]う。 正解[せいかい]は「走[はし]って」。,"Five-stage詞 “Run”: follow the instructions. The answer is ""run"".",verb_conjugation | te_form | godan,N3,3,動詞[どうし]の活用形[かつようけい]の識別[しきべつ] | て形[けい]の生成[せいせい],走[はし]る | て形[けい],draft,,,
verbConjugation,vc_075,75,multipleChoice,走[はし]る → Convert to plain past (た-form).,Convert to plain past,,,走[はし]る → た形[かたち]（普通[ふつう]体[たい]・過去[かこ]）,Running → Takata (normal and past),b,五[ご]段[だん]動詞[どうし]「走[はし]る」：た形[かたち]は連用形[れんようけい]＋「た」系[けい]。 正解[せいかい]は「走[はし]った」。,"Five-stage詞 “Run”: The shape is a reconstructive + “ta” series. The answer is ""ran"".",verb_conjugation | past_form | godan,N3,3,動詞[どうし]の活用形[かつようけい]の識別[しきべつ] | た形[かたち]の生成[せいせい],走[はし]る | た形[かたち] | 普通[ふつう]体[たい]・過去[かこ],draft,,,
verbConjugation,vc_076,76,multipleChoice,走[はし]る → Convert to negative plain (ない-form).,Run → Convert to negative plain.,,,走[はし]る → ない形[かたち]（普通[ふつう]体[たい]・非[ひ]過去[かこ]）,Running → Non-Past,d,五[ご]段[だん]動詞[どうし]「走[はし]る」：未然形[みぜんけい]＋「ない」。 正解[せいかい]は「走[はし]らない」。,"Five-stage詞 “Run”: Undecided + “No”. The answer is ""not running"".",verb_conjugation | nai_form | godan,N3,3,動詞[どうし]の活用形[かつようけい]の識別[しきべつ] | ない形[かたち]の生成[せいせい],走[はし]る | ない形[かたち] | 普通[ふつう]体[たい]・非[ひ]過去[かこ],draft,,,
verbConjugation,vc_077,77,multipleChoice,死[し]ぬ → Convert to ます-form (polite non-past).,→ Convert to  -form (polite non-past).,,,死[し]ぬ → ます形[かたち]（丁寧[ていねい]・非[ひ]過去[かこ]）,Die → In  form (polite and non-past),d,五[ご]段[だん]動詞[どうし]「死[し]ぬ」：丁寧[ていねい]語[ご]は連用形[れんようけい]＋「ます」。 正解[せいかい]は「死[し]にます」。,"Five-stage詞 ""Dying"": politely speaking is a common form + ""."". The answer is ""Death"".",verb_conjugation | masu_form | godan,N3,3,動詞[どうし]の活用形[かつようけい]の識別[しきべつ] | 丁寧形[ていねいけい]（ます）の生成[せいせい],死[し]ぬ | ます形[がた] | 丁寧[ていねい]・非[ひ]過去[かこ],draft,,,
verbConjugation,vc_078,78,multipleChoice,死[し]ぬ → Convert to te-form.,Convert to te-form.,,,死[し]ぬ → て形[けい],Die → Shape,d,五[ご]段[だん]動詞[どうし]「死[し]ぬ」：て形[けい]の作[つく]り方[かた]に従[したが]う。 正解[せいかい]は「死[し]んで」。,"Five-stage詞 ""Dying"": follow the way to make the shape. The answer is ""dead"".",verb_conjugation | te_form | godan,N3,3,動詞[どうし]の活用形[かつようけい]の識別[しきべつ] | て形[けい]の生成[せいせい],死[し]ぬ | て形[けい],draft,,,
verbConjugation,vc_079,79,multipleChoice,死[し]ぬ → Convert to plain past (た-form).,Convert to plain past.,,,死[し]ぬ → た形[かたち]（普通[ふつう]体[たい]・過去[かこ]）,Dying → Form (Regular and Past),a,五[ご]段[だん]動詞[どうし]「死[し]ぬ」：た形[かたち]は連用形[れんようけい]＋「た」系[けい]。 正解[せいかい]は「死[し]んだ」。,"Five-stage詞 ""Dying"": The shape is a reconstructive form + ""ta"" system. The answer is ""dead"".",verb_conjugation | past_form | godan,N3,3,動詞[どうし]の活用形[かつようけい]の識別[しきべつ] | た形[かたち]の生成[せいせい],死[し]ぬ | た形[かたち] | 普通[ふつう]体[たい]・過去[かこ],draft,,,
verbConjugation,vc_080,80,multipleChoice,死[し]ぬ → Convert to negative plain (ない-form).,Convert to negative plain (not-form).,,,死[し]ぬ → ない形[かたち]（普通[ふつう]体[たい]・非[ひ]過去[かこ]）,Die → No shape (normal and non-past),b,五[ご]段[だん]動詞[どうし]「死[し]ぬ」：未然形[みぜんけい]＋「ない」。 正解[せいかい]は「死[し]なない」。,"Five-stage詞 ""Dying"": Undecided + ""No"". The answer is ""not dead"".",verb_conjugation | nai_form | godan,N3,3,動詞[どうし]の活用形[かつようけい]の識別[しきべつ] | ない形[かたち]の生成[せいせい],死[し]ぬ | ない形[かたち] | 普通[ふつう]体[たい]・非[ひ]過去[かこ],draft,,,
verbConjugation,vc_081,81,multipleChoice,遊[あそ]ぶ → Convert to ます-form (polite non-past).,Play → Convert to perform (polite non-past).,,,遊[あそ]ぶ → ます形[かたち]（丁寧[ていねい]・非[ひ]過去[かこ]）,Playing → More Forms (Polite and Non-Past),b,五[ご]段[だん]動詞[どうし]「遊[あそ]ぶ」：丁寧[ていねい]語[ご]は連用形[れんようけい]＋「ます」。 正解[せいかい]は「遊[あそ]びます」。,"Five-stage詞 “Playing”: Politely speaking is a common form + “Playing”. The answer is ""play"".",verb_conjugation | masu_form | godan,N3,3,動詞[どうし]の活用形[かつようけい]の識別[しきべつ] | 丁寧形[ていねいけい]（ます）の生成[せいせい],遊[あそ]ぶ | ます形[がた] | 丁寧[ていねい]・非[ひ]過去[かこ],draft,,,
verbConjugation,vc_082,82,multipleChoice,遊[あそ]ぶ → Convert to te-form.,Convert to te-form,,,遊[あそ]ぶ → て形[けい],Play → Shape,a,五[ご]段[だん]動詞[どうし]「遊[あそ]ぶ」：て形[けい]の作[つく]り方[かた]に従[したが]う。 正解[せいかい]は「遊[あそ]んで」。,"Five-stage詞 “Playing”: follow the instructions. The answer is ""play"".",verb_conjugation | te_form | godan,N3,3,動詞[どうし]の活用形[かつようけい]の識別[しきべつ] | て形[けい]の生成[せいせい],遊[あそ]ぶ | て形[けい],draft,,,
verbConjugation,vc_083,83,multipleChoice,遊[あそ]ぶ → Convert to plain past (た-form).,Convert to plain past,,,遊[あそ]ぶ → た形[かたち]（普通[ふつう]体[たい]・過去[かこ]）,Playing → Takatagata (normal and past),a,五[ご]段[だん]動詞[どうし]「遊[あそ]ぶ」：た形[かたち]は連用形[れんようけい]＋「た」系[けい]。 正解[せいかい]は「遊[あそ]んだ」。,"Five-stage詞 “Playing”: The shape is a combination + “Ta” series. The answer is ""play"".",verb_conjugation | past_form | godan,N3,3,動詞[どうし]の活用形[かつようけい]の識別[しきべつ] | た形[かたち]の生成[せいせい],遊[あそ]ぶ | た形[かたち] | 普通[ふつう]体[たい]・過去[かこ],draft,,,
verbConjugation,vc_084,84,multipleChoice,遊[あそ]ぶ → Convert to negative plain (ない-form).,Play → Convert to negative plain.,,,遊[あそ]ぶ → ない形[かたち]（普通[ふつう]体[たい]・非[ひ]過去[かこ]）,Playing → Non-forming,c,五[ご]段[だん]動詞[どうし]「遊[あそ]ぶ」：未然形[みぜんけい]＋「ない」。 正解[せいかい]は「遊[あそ]ばない」。,"Five-stage詞 “Playing”: Unshaped + “No”. The correct answer is ""playing"".",verb_conjugation | nai_form | godan,N3,3,動詞[どうし]の活用形[かつようけい]の識別[しきべつ] | ない形[かたち]の生成[せいせい],遊[あそ]ぶ | ない形[かたち] | 普通[ふつう]体[たい]・非[ひ]過去[かこ],draft,,,
verbConjugation,vc_085,85,multipleChoice,泳[およ]ぐ → Convert to ます-form (polite non-past).,泳im → Convert to perform (polite non-past).,,,泳[およ]ぐ → ます形[かたち]（丁寧[ていねい]・非[ひ]過去[かこ]）,Swimming → More Shapes (Polite and Non-Past),c,五[ご]段[だん]動詞[どうし]「泳[およ]ぐ」：丁寧[ていねい]語[ご]は連用形[れんようけい]＋「ます」。 正解[せいかい]は「泳[およ]ぎます」。,"Five-stage詞 ""Swimming"": politely speaking is a concurrent form + ""."". The answer is ""swimming"".",verb_conjugation | masu_form | godan,N3,3,動詞[どうし]の活用形[かつようけい]の識別[しきべつ] | 丁寧形[ていねいけい]（ます）の生成[せいせい],泳[およ]ぐ | ます形[がた] | 丁寧[ていねい]・非[ひ]過去[かこ],draft,,,
verbConjugation,vc_086,86,multipleChoice,泳[およ]ぐ → Convert to te-form.,泳im → Convert to te-form.,,,泳[およ]ぐ → て形[けい],swim → shape,c,五[ご]段[だん]動詞[どうし]「泳[およ]ぐ」：て形[けい]の作[つく]り方[かた]に従[したが]う。 正解[せいかい]は「泳[およ]いで」。,"Five-stage詞 “Swimming”: follow the instructions. The answer is ""swimming"".",verb_conjugation | te_form | godan,N3,3,動詞[どうし]の活用形[かつようけい]の識別[しきべつ] | て形[けい]の生成[せいせい],泳[およ]ぐ | て形[けい],draft,,,
verbConjugation,vc_087,87,multipleChoice,泳[およ]ぐ → Convert to plain past (た-form).,泳im → Convert to plain past.,,,泳[およ]ぐ → た形[かたち]（普通[ふつう]体[たい]・過去[かこ]）,泳im → Shape (normal and past),b,五[ご]段[だん]動詞[どうし]「泳[およ]ぐ」：た形[かたち]は連用形[れんようけい]＋「た」系[けい]。 正解[せいかい]は「泳[およ]いだ」。,"Five-stage詞 ""Swimming"": The shape is a reconstructive + ""ta"" system. The answer is ""swimming"".",verb_conjugation | past_form | godan,N3,3,動詞[どうし]の活用形[かつようけい]の識別[しきべつ] | た形[かたち]の生成[せいせい],泳[およ]ぐ | た形[かたち] | 普通[ふつう]体[たい]・過去[かこ],draft,,,
verbConjugation,vc_088,88,multipleChoice,泳[およ]ぐ → Convert to negative plain (ない-form).,泳im → Convert to negative plain (not-form).,,,泳[およ]ぐ → ない形[かたち]（普通[ふつう]体[たい]・非[ひ]過去[かこ]）,Swimming → Non-Past,d,五[ご]段[だん]動詞[どうし]「泳[およ]ぐ」：未然形[みぜんけい]＋「ない」。 正解[せいかい]は「泳[およ]がない」。,"Five-stage詞 ""Swimming"": Undecided + ""No"". The answer is ""not swimming"".",verb_conjugation | nai_form | godan,N3,3,動詞[どうし]の活用形[かつようけい]の識別[しきべつ] | ない形[かたち]の生成[せいせい],泳[およ]ぐ | ない形[かたち] | 普通[ふつう]体[たい]・非[ひ]過去[かこ],draft,,,
verbConjugation,vc_089,89,multipleChoice,持[も]つ → Convert to ます-form (polite non-past).,持つ → Convert to ます-form (polite non-past).,,,持[も]つ → ます形[かたち]（丁寧[ていねい]・非[ひ]過去[かこ]）,持つ ('hold') → polite non-past (ます-form),c,五[ご]段[だん]動詞[どうし]「持[も]つ」：丁寧[ていねい]語[ご]は連用形[れんようけい]＋「ます」。 正解[せいかい]は「持[も]ちます」。,"Five-stage  ""Have"": politely speaking is a common form + ""."". The answer is ""hold"".",verb_conjugation | masu_form | godan,N3,3,動詞[どうし]の活用形[かつようけい]の識別[しきべつ] | 丁寧形[ていねいけい]（ます）の生成[せいせい],持[も]つ | ます形[がた] | 丁寧[ていねい]・非[ひ]過去[かこ],draft,,,
verbConjugation,vc_090,90,multipleChoice,持[も]つ → Convert to te-form.,Convert to te-form.,,,持[も]つ → て形[けい],持つ ('hold') → te-form,b,五[ご]段[だん]動詞[どうし]「持[も]つ」：て形[けい]の作[つく]り方[かた]に従[したが]う。 正解[せいかい]は「持[も]って」。,"Five-stage詞 ""Have"": follow the method of the form. The answer is ""have"".",verb_conjugation | te_form | godan,N3,3,動詞[どうし]の活用形[かつようけい]の識別[しきべつ] | て形[けい]の生成[せいせい],持[も]つ | て形[けい],draft,,,
verbConjugation,vc_091,91,multipleChoice,持[も]つ → Convert to plain past (た-form).,Convert to plain past.,,,持[も]つ → た形[かたち]（普通[ふつう]体[たい]・過去[かこ]）,have → shape (normal and past),b,五[ご]段[だん]動詞[どうし]「持[も]つ」：た形[かたち]は連用形[れんようけい]＋「た」系[けい]。 正解[せいかい]は「持[も]った」。,"Five-stage詞 ""Have"": the form is a concurrent form + ""Ta"" series. The answer is ""have"".",verb_conjugation | past_form | godan,N3,3,動詞[どうし]の活用形[かつようけい]の識別[しきべつ] | た形[かたち]の生成[せいせい],持[も]つ | た形[かたち] | 普通[ふつう]体[たい]・過去[かこ],draft,,,
verbConjugation,vc_092,92,multipleChoice,持[も]つ → Convert to negative plain (ない-form).,と → Convert to negative,,,持[も]つ → ない形[かたち]（普通[ふつう]体[たい]・非[ひ]過去[かこ]）,Have a → not a shape (normal and non-past),d,五[ご]段[だん]動詞[どうし]「持[も]つ」：未然形[みぜんけい]＋「ない」。 正解[せいかい]は「持[も]たない」。,"Five-stage詞 ""Have"": Undecided + ""No"". “I don’t have it.”",verb_conjugation | nai_form | godan,N3,3,動詞[どうし]の活用形[かつようけい]の識別[しきべつ] | ない形[かたち]の生成[せいせい],持[も]つ | ない形[かたち] | 普通[ふつう]体[たい]・非[ひ]過去[かこ],draft,,,
verbConjugation,vc_093,93,multipleChoice,作[つく]る → Convert to ます-form (polite non-past).,Create → Convert to perform (polite non-past).,,,作[つく]る → ます形[かたち]（丁寧[ていねい]・非[ひ]過去[かこ]）,Make → More Forms (Polite & Non-Past),c,五[ご]段[だん]動詞[どうし]「作[つく]る」：丁寧[ていねい]語[ご]は連用形[れんようけい]＋「ます」。 正解[せいかい]は「作[つく]ります」。,"Five-stage詞 “Making”: Politely speaking is a common form + “Make”. The answer is ""make"".",verb_conjugation | masu_form | godan,N3,3,動詞[どうし]の活用形[かつようけい]の識別[しきべつ] | 丁寧形[ていねいけい]（ます）の生成[せいせい],作[つく]る | ます形[がた] | 丁寧[ていねい]・非[ひ]過去[かこ],draft,,,
verbConjugation,vc_094,94,multipleChoice,作[つく]る → Convert to te-form.,Convert to te-form.,,,作[つく]る → て形[けい],Make → Shape,a,五[ご]段[だん]動詞[どうし]「作[つく]る」：て形[けい]の作[つく]り方[かた]に従[したが]う。 正解[せいかい]は「作[つく]って」。,"Five-stage詞 “Making”: follow the way to make the form. The answer is ""creating"".",verb_conjugation | te_form | godan,N3,3,動詞[どうし]の活用形[かつようけい]の識別[しきべつ] | て形[けい]の生成[せいせい],作[つく]る | て形[けい],draft,,,
verbConjugation,vc_095,95,multipleChoice,作[つく]る → Convert to plain past (た-form).,Convert to plain past.,,,作[つく]る → た形[かたち]（普通[ふつう]体[たい]・過去[かこ]）,"Make → Shape (体 body, past)",a,五[ご]段[だん]動詞[どうし]「作[つく]る」：た形[かたち]は連用形[れんようけい]＋「た」系[けい]。 正解[せいかい]は「作[つく]った」。,"Five-stage詞s “Making”: Ta-shaped + Ta-shaped. The answer is ""made"".",verb_conjugation | past_form | godan,N3,3,動詞[どうし]の活用形[かつようけい]の識別[しきべつ] | た形[かたち]の生成[せいせい],作[つく]る | た形[かたち] | 普通[ふつう]体[たい]・過去[かこ],draft,,,
verbConjugation,vc_096,96,multipleChoice,作[つく]る → Convert to negative plain (ない-form).,Convert to negative plain,,,作[つく]る → ない形[かたち]（普通[ふつう]体[たい]・非[ひ]過去[かこ]）,Make → Not Shape (Regular and Non-Past),b,五[ご]段[だん]動詞[どうし]「作[つく]る」：未然形[みぜんけい]＋「ない」。 正解[せいかい]は「作[つく]らない」。,"Five-stage詞 “Making”: Undefined + “No”. The answer is ""not to make"".",verb_conjugation | nai_form | godan,N3,3,動詞[どうし]の活用形[かつようけい]の識別[しきべつ] | ない形[かたち]の生成[せいせい],作[つく]る | ない形[かたち] | 普通[ふつう]体[たい]・非[ひ]過去[かこ],draft,,,
verbConjugation,vc_097,97,multipleChoice,使[つか]う → Convert to ます-form (polite non-past).,Convert to  -form (polite non-past).,,,使[つか]う → ます形[かたち]（丁寧[ていねい]・非[ひ]過去[かこ]）,Use → Shape (Polite and non-past),d,五[ご]段[だん]動詞[どうし]「使[つか]う」：丁寧[ていねい]語[ご]は連用形[れんようけい]＋「ます」。 正解[せいかい]は「使[つか]います」。,"Five-stage詞 “Using”: polite is a concurrent form + “I” The answer is ""use"".",verb_conjugation | masu_form | godan,N3,3,動詞[どうし]の活用形[かつようけい]の識別[しきべつ] | 丁寧形[ていねいけい]（ます）の生成[せいせい],使[つか]う | ます形[がた] | 丁寧[ていねい]・非[ひ]過去[かこ],draft,,,
verbConjugation,vc_098,98,multipleChoice,使[つか]う → Convert to te-form.,Convert to te-form.,,,使[つか]う → て形[けい],Use → Shape,d,五[ご]段[だん]動詞[どうし]「使[つか]う」：て形[けい]の作[つく]り方[かた]に従[したが]う。 正解[せいかい]は「使[つか]って」。,"Five-stage詞 “Using”: follow the instructions. The answer is ""using"".",verb_conjugation | te_form | godan,N3,3,動詞[どうし]の活用形[かつようけい]の識別[しきべつ] | て形[けい]の生成[せいせい],使[つか]う | て形[けい],draft,,,
verbConjugation,vc_099,99,multipleChoice,使[つか]う → Convert to plain past (た-form).,Convert to plain past.,,,使[つか]う → た形[かたち]（普通[ふつう]体[たい]・過去[かこ]）,"Use → Form (normal body, past)",c,五[ご]段[だん]動詞[どうし]「使[つか]う」：た形[かたち]は連用形[れんようけい]＋「た」系[けい]。 正解[せいかい]は「使[つか]った」。,Five-stage詞 “Using”: The form is a concurrent form + “Ta” series. “I used it”,verb_conjugation | past_form | godan,N3,3,動詞[どうし]の活用形[かつようけい]の識別[しきべつ] | た形[かたち]の生成[せいせい],使[つか]う | た形[かたち] | 普通[ふつう]体[たい]・過去[かこ],draft,,,
verbConjugation,vc_100,100,multipleChoice,使[つか]う → Convert to negative plain (ない-form).,Convert to negative plain,,,使[つか]う → ない形[かたち]（普通[ふつう]体[たい]・非[ひ]過去[かこ]）,Use → Not Shape (Regular and Non-Past),d,五[ご]段[だん]動詞[どうし]「使[つか]う」：未然形[みぜんけい]＋「ない」。 正解[せいかい]は「使[つか]わない」。,"Five-stage詞 “Use”: Undefined + “No”. ""Do not use""",verb_conjugation | nai_form | godan,N3,3,動詞[どうし]の活用形[かつようけい]の識別[しきべつ] | ない形[かたち]の生成[せいせい],使[つか]う | ない形[かたち] | 普通[ふつう]体[たい]・非[ひ]過去[かこ],draft,,,
verbConjugation,vc_101,101,multipleChoice,会[あ]う → Convert to ます-form (polite non-past).,Meet → Convert to perform (polite non-past).,,,会[あ]う → ます形[かたち]（丁寧[ていねい]・非[ひ]過去[かこ]）,Meet → More Shapes (Polite and Non-Past),c,五[ご]段[だん]動詞[どうし]「会[あ]う」：丁寧[ていねい]語[ご]は連用形[れんようけい]＋「ます」。 正解[せいかい]は「会[あ]います」。,"Five-stage詞s “Meeting”: politely speaking is a common form + “I” The answer is ""I meet"".",verb_conjugation | masu_form | godan,N3,3,動詞[どうし]の活用形[かつようけい]の識別[しきべつ] | 丁寧形[ていねいけい]（ます）の生成[せいせい],会[あ]う | ます形[がた] | 丁寧[ていねい]・非[ひ]過去[かこ],draft,,,
verbConjugation,vc_102,102,multipleChoice,会[あ]う → Convert to te-form.,Convert to te-form,,,会[あ]う → て形[けい],Meet → Shape,b,五[ご]段[だん]動詞[どうし]「会[あ]う」：て形[けい]の作[つく]り方[かた]に従[したが]う。 正解[せいかい]は「会[あ]って」。,"Five-stage詞 “Meeting”: follow the instructions. The answer is ""to meet"".",verb_conjugation | te_form | godan,N3,3,動詞[どうし]の活用形[かつようけい]の識別[しきべつ] | て形[けい]の生成[せいせい],会[あ]う | て形[けい],draft,,,
verbConjugation,vc_103,103,multipleChoice,会[あ]う → Convert to plain past (た-form).,Convert to plain past,,,会[あ]う → た形[かたち]（普通[ふつう]体[たい]・過去[かこ]）,Seeing → Form (Regular and Past),b,五[ご]段[だん]動詞[どうし]「会[あ]う」：た形[かたち]は連用形[れんようけい]＋「た」系[けい]。 正解[せいかい]は「会[あ]った」。,"Five-stage詞s “Meeting”: Tagata is a concurrent form + Ta. The answer is ""I met"".",verb_conjugation | past_form | godan,N3,3,動詞[どうし]の活用形[かつようけい]の識別[しきべつ] | た形[かたち]の生成[せいせい],会[あ]う | た形[かたち] | 普通[ふつう]体[たい]・過去[かこ],draft,,,
verbConjugation,vc_104,104,multipleChoice,会[あ]う → Convert to negative plain (ない-form).,Convert to negative plain,,,会[あ]う → ない形[かたち]（普通[ふつう]体[たい]・非[ひ]過去[かこ]）,Meeting → Non-Past,b,五[ご]段[だん]動詞[どうし]「会[あ]う」：未然形[みぜんけい]＋「ない」。 正解[せいかい]は「会[あ]わない」。,Five-stage詞 “Meeting”: Undefined + “No”. “I don’t meet”,verb_conjugation | nai_form | godan,N3,3,動詞[どうし]の活用形[かつようけい]の識別[しきべつ] | ない形[かたち]の生成[せいせい],会[あ]う | ない形[かたち] | 普通[ふつう]体[たい]・非[ひ]過去[かこ],draft,,,
verbConjugation,vc_105,105,multipleChoice,売[う]る → Convert to ます-form (polite non-past).,Sell → Convert to perform (polite non-past).,,,売[う]る → ます形[かたち]（丁寧[ていねい]・非[ひ]過去[かこ]）,Sell → Shape (Polite and non-past),d,五[ご]段[だん]動詞[どうし]「売[う]る」：丁寧[ていねい]語[ご]は連用形[れんようけい]＋「ます」。 正解[せいかい]は「売[う]ります」。,"Five-stage詞 “Selling”: politely speaking is a concurrent form + “Sell”. The answer is ""Sell"".",verb_conjugation | masu_form | godan,N3,3,動詞[どうし]の活用形[かつようけい]の識別[しきべつ] | 丁寧形[ていねいけい]（ます）の生成[せいせい],売[う]る | ます形[がた] | 丁寧[ていねい]・非[ひ]過去[かこ],draft,,,
verbConjugation,vc_106,106,multipleChoice,売[う]る → Convert to te-form.,Convert to te-form,,,売[う]る → て形[けい],Sell → Shape,b,五[ご]段[だん]動詞[どうし]「売[う]る」：て形[けい]の作[つく]り方[かた]に従[したが]う。 正解[せいかい]は「売[う]って」。,"Five-stage詞 “Sell”: follow the way to make the form. The answer is ""Sell"".",verb_conjugation | te_form | godan,N3-N2,4,動詞[どうし]の活用形[かつようけい]の識別[しきべつ] | て形[けい]の生成[せいせい],売[う]る | て形[けい],draft,,,
verbConjugation,vc_107,107,multipleChoice,売[う]る → Convert to plain past (た-form).,Convert to plain past,,,売[う]る → た形[かたち]（普通[ふつう]体[たい]・過去[かこ]）,Sell → Shape (Regular and Past),c,五[ご]段[だん]動詞[どうし]「売[う]る」：た形[かたち]は連用形[れんようけい]＋「た」系[けい]。 正解[せいかい]は「売[う]った」。,"Five-stage詞s ""Sell"": Ta-shaped is a combination of ""ta"" and ""ta"". The answer is ""sold"".",verb_conjugation | past_form | godan,N3-N2,4,動詞[どうし]の活用形[かつようけい]の識別[しきべつ] | た形[かたち]の生成[せいせい],売[う]る | た形[かたち] | 普通[ふつう]体[たい]・過去[かこ],draft,,,
verbConjugation,vc_108,108,multipleChoice,売[う]る → Convert to negative plain (ない-form).,Convert to negative plain,,,売[う]る → ない形[かたち]（普通[ふつう]体[たい]・非[ひ]過去[かこ]）,Sell → Non-formal,b,五[ご]段[だん]動詞[どうし]「売[う]る」：未然形[みぜんけい]＋「ない」。 正解[せいかい]は「売[う]らない」。,Five-stage詞 “Sell”: Undecided + “No”. “Do not sell”,verb_conjugation | nai_form | godan,N3-N2,4,動詞[どうし]の活用形[かつようけい]の識別[しきべつ] | ない形[かたち]の生成[せいせい],売[う]る | ない形[かたち] | 普通[ふつう]体[たい]・非[ひ]過去[かこ],draft,,,
verbConjugation,vc_109,109,multipleChoice,知[し]る → Convert to ます-form (polite non-past).,Learn → Convert to form (polite non-past).,,,知[し]る → ます形[かたち]（丁寧[ていねい]・非[ひ]過去[かこ]）,Knowledge → Shape (Polite and non-past),d,五[ご]段[だん]動詞[どうし]「知[し]る」：丁寧[ていねい]語[ご]は連用形[れんようけい]＋「ます」。 正解[せいかい]は「知[し]ります」。,"Five-stage詞s “Know”: politely speaking is a common form + “Know”. The answer is ""I understand"".",verb_conjugation | masu_form | godan,N3-N2,4,動詞[どうし]の活用形[かつようけい]の識別[しきべつ] | 丁寧形[ていねいけい]（ます）の生成[せいせい],知[し]る | ます形[がた] | 丁寧[ていねい]・非[ひ]過去[かこ],draft,,,
verbConjugation,vc_110,110,multipleChoice,知[し]る → Convert to te-form.,Convert to te-form,,,知[し]る → て形[けい],Learn → Shape,c,五[ご]段[だん]動詞[どうし]「知[し]る」：て形[けい]の作[つく]り方[かた]に従[したが]う。 正解[せいかい]は「知[し]って」。,"Five-stage詞 “Know”: follow the instructions. The answer is ""Know"".",verb_conjugation | te_form | godan,N3-N2,4,動詞[どうし]の活用形[かつようけい]の識別[しきべつ] | て形[けい]の生成[せいせい],知[し]る | て形[けい],draft,,,
verbConjugation,vc_111,111,multipleChoice,知[し]る → Convert to plain past (た-form).,Convert to plain past,,,知[し]る → た形[かたち]（普通[ふつう]体[たい]・過去[かこ]）,Knowledge → Takata (normal and past),c,五[ご]段[だん]動詞[どうし]「知[し]る」：た形[かたち]は連用形[れんようけい]＋「た」系[けい]。 正解[せいかい]は「知[し]った」。,"Five-stage詞 ""Knowledge"": Ta-shaped + Ta-shaped. The answer is ""Know"".",verb_conjugation | past_form | godan,N3-N2,4,動詞[どうし]の活用形[かつようけい]の識別[しきべつ] | た形[かたち]の生成[せいせい],知[し]る | た形[かたち] | 普通[ふつう]体[たい]・過去[かこ],draft,,,
verbConjugation,vc_112,112,multipleChoice,知[し]る → Convert to negative plain (ない-form).,Learn → Convert to negative plain (not-form).,,,知[し]る → ない形[かたち]（普通[ふつう]体[たい]・非[ひ]過去[かこ]）,Knowledge → Non-formal,a,五[ご]段[だん]動詞[どうし]「知[し]る」：未然形[みぜんけい]＋「ない」。 正解[せいかい]は「知[し]らない」。,"Five-stage詞 ""Knowledge"": Undefined + ""No"". “I don’t know the answer.”",verb_conjugation | nai_form | godan,N3-N2,4,動詞[どうし]の活用形[かつようけい]の識別[しきべつ] | ない形[かたち]の生成[せいせい],知[し]る | ない形[かたち] | 普通[ふつう]体[たい]・非[ひ]過去[かこ],draft,,,
verbConjugation,vc_113,113,multipleChoice,乗[の]る → Convert to ます-form (polite non-past).,Convert to  -form (polite non-past).,,,乗[の]る → ます形[かたち]（丁寧[ていねい]・非[ひ]過去[かこ]）,"Ride → In  form (polite, non-past)",b,五[ご]段[だん]動詞[どうし]「乗[の]る」：丁寧[ていねい]語[ご]は連用形[れんようけい]＋「ます」。 正解[せいかい]は「乗[の]ります」。,"Five-stage詞s “Take”: politely speaking is a concurrent form + “Take”. The answer is ""get on"".",verb_conjugation | masu_form | godan,N3-N2,4,動詞[どうし]の活用形[かつようけい]の識別[しきべつ] | 丁寧形[ていねいけい]（ます）の生成[せいせい],乗[の]る | ます形[がた] | 丁寧[ていねい]・非[ひ]過去[かこ],draft,,,
verbConjugation,vc_114,114,multipleChoice,乗[の]る → Convert to te-form.,Convert to te-form.,,,乗[の]る → て形[けい],Ride → Shape,d,五[ご]段[だん]動詞[どうし]「乗[の]る」：て形[けい]の作[つく]り方[かた]に従[したが]う。 正解[せいかい]は「乗[の]って」。,"Five-stage詞s “Rack”: follow the instructions. The answer is ""riding"".",verb_conjugation | te_form | godan,N3-N2,4,動詞[どうし]の活用形[かつようけい]の識別[しきべつ] | て形[けい]の生成[せいせい],乗[の]る | て形[けい],draft,,,
verbConjugation,vc_115,115,multipleChoice,乗[の]る → Convert to plain past (た-form).,Convert to plain past.,,,乗[の]る → た形[かたち]（普通[ふつう]体[たい]・過去[かこ]）,Boarding → Shape (Regular and Past),d,五[ご]段[だん]動詞[どうし]「乗[の]る」：た形[かたち]は連用形[れんようけい]＋「た」系[けい]。 正解[せいかい]は「乗[の]った」。,"Five-stage詞s ""Take"": the form is a combination + ""Take"" system. The answer is ""riding"".",verb_conjugation | past_form | godan,N3-N2,4,動詞[どうし]の活用形[かつようけい]の識別[しきべつ] | た形[かたち]の生成[せいせい],乗[の]る | た形[かたち] | 普通[ふつう]体[たい]・過去[かこ],draft,,,
verbConjugation,vc_116,116,multipleChoice,乗[の]る → Convert to negative plain (ない-form).,Convert to negative plain,,,乗[の]る → ない形[かたち]（普通[ふつう]体[たい]・非[ひ]過去[かこ]）,Boarding → Non-Past,c,五[ご]段[だん]動詞[どうし]「乗[の]る」：未然形[みぜんけい]＋「ない」。 正解[せいかい]は「乗[の]らない」。,"Five-stage詞s ""Run"": Undecided + ""No"". The answer is ""do not ride"".",verb_conjugation | nai_form | godan,N3-N2,4,動詞[どうし]の活用形[かつようけい]の識別[しきべつ] | ない形[かたち]の生成[せいせい],乗[の]る | ない形[かたち] | 普通[ふつう]体[たい]・非[ひ]過去[かこ],draft,,,
verbConjugation,vc_117,117,multipleChoice,働[はたら]く → Convert to ます-form (polite non-past).,Work → Convert to perform (polite non-past).,,,働[はたら]く → ます形[かたち]（丁寧[ていねい]・非[ひ]過去[かこ]）,Working → More Forms (Polite and Non-Past),b,五[ご]段[だん]動詞[どうし]「働[はたら]く」：丁寧[ていねい]語[ご]は連用形[れんようけい]＋「ます」。 正解[せいかい]は「働[はたら]きます」。,"Five-stage詞 “Working”: Politely speaking is a common form + “働く”. The answer is ""work"".",verb_conjugation | masu_form | godan,N3-N2,4,動詞[どうし]の活用形[かつようけい]の識別[しきべつ] | 丁寧形[ていねいけい]（ます）の生成[せいせい],働[はたら]く | ます形[がた] | 丁寧[ていねい]・非[ひ]過去[かこ],draft,,,
verbConjugation,vc_118,118,multipleChoice,働[はたら]く → Convert to te-form.,Convert to te-form,,,働[はたら]く → て形[けい],Working → Shape,c,五[ご]段[だん]動詞[どうし]「働[はたら]く」：て形[けい]の作[つく]り方[かた]に従[したが]う。 正解[せいかい]は「働[はたら]いて」。,"Five-stage詞 ""Working"": follow the way to make the form. The answer is ""work"".",verb_conjugation | te_form | godan,N3-N2,4,動詞[どうし]の活用形[かつようけい]の識別[しきべつ] | て形[けい]の生成[せいせい],働[はたら]く | て形[けい],draft,,,
verbConjugation,vc_119,119,multipleChoice,働[はたら]く → Convert to plain past (た-form).,Convert to plain past,,,働[はたら]く → た形[かたち]（普通[ふつう]体[たい]・過去[かこ]）,Working → Form (Regular and Past),d,五[ご]段[だん]動詞[どうし]「働[はたら]く」：た形[かたち]は連用形[れんようけい]＋「た」系[けい]。 正解[せいかい]は「働[はたら]いた」。,"Five-stage詞 “Working”: The form is a combination + “ta” system. The answer is ""worked"".",verb_conjugation | past_form | godan,N3-N2,4,動詞[どうし]の活用形[かつようけい]の識別[しきべつ] | た形[かたち]の生成[せいせい],働[はたら]く | た形[かたち] | 普通[ふつう]体[たい]・過去[かこ],draft,,,
verbConjugation,vc_120,120,multipleChoice,働[はたら]く → Convert to negative plain (ない-form).,Convert to negative plain,,,働[はたら]く → ない形[かたち]（普通[ふつう]体[たい]・非[ひ]過去[かこ]）,Working → Non-Past,c,五[ご]段[だん]動詞[どうし]「働[はたら]く」：未然形[みぜんけい]＋「ない」。 正解[せいかい]は「働[はたら]かない」。,"Five-stage詞 ""Working"": Undefined + ""not"". “I don’t work”",verb_conjugation | nai_form | godan,N3-N2,4,動詞[どうし]の活用形[かつようけい]の識別[しきべつ] | ない形[かたち]の生成[せいせい],働[はたら]く | ない形[かたち] | 普通[ふつう]体[たい]・非[ひ]過去[かこ],draft,,,
verbConjugation,vc_121,121,multipleChoice,食[た]べる → Convert to potential plain.,Convert to potential plain,,,食[た]べる → 可能形[かのうけい]（普通[ふつう]体[たい]）,Eat → Possible (normal),b,一[いち]段[だん]動詞[どうし]「食[た]べる」：可能形[かのうけい]の作[つく]り方[かた]に従[したが]う。 正解[せいかい]は「食[た]べられる」。,"One-stage詞 “Eat”: Follow the method of the possible form. The answer is ""eat"".",verb_conjugation | potential_form | ichidan,N3-N2,4,動詞[どうし]の活用形[かつようけい]の識別[しきべつ] | 可能形[かのうけい]の生成[せいせい],食[た]べる | 可能形[かのうけい] | 普通[ふつう]体[たい],draft,,,
verbConjugation,vc_122,122,multipleChoice,見[み]る → Convert to potential plain.,Convert to potential plain,,,見[み]る → 可能形[かのうけい]（普通[ふつう]体[たい]）,View → Possible (normal),a,一[いち]段[だん]動詞[どうし]「見[み]る」：可能形[かのうけい]の作[つく]り方[かた]に従[したが]う。 正解[せいかい]は「見[み]られる」。,"One-stage詞 “See”: Follow the method of possible form. The answer is ""see"".",verb_conjugation | potential_form | ichidan,N3-N2,4,動詞[どうし]の活用形[かつようけい]の識別[しきべつ] | 可能形[かのうけい]の生成[せいせい],見[み]る | 可能形[かのうけい] | 普通[ふつう]体[たい],draft,,,
verbConjugation,vc_123,123,multipleChoice,行[い]く → Convert to potential plain.,Convert to potential plain,,,行[い]く → 可能形[かのうけい]（普通[ふつう]体[たい]）,Go → Possible (normal),b,五[ご]段[だん]動詞[どうし]「行[い]く」：可能形[かのうけい]の作[つく]り方[かた]に従[したが]う。 正解[せいかい]は「行[い]ける」。,"Five-stage詞 “Go”: Follow the method of possible form. The answer is "" "".",verb_conjugation | potential_form | godan,N3-N2,4,動詞[どうし]の活用形[かつようけい]の識別[しきべつ] | 可能形[かのうけい]の生成[せいせい],行[い]く | 可能形[かのうけい] | 普通[ふつう]体[たい],draft,,,
verbConjugation,vc_124,124,multipleChoice,する → Convert to potential plain.,Convert to potential plain.,,,する → 可能形[かのうけい]（普通[ふつう]体[たい]）,→ Possible (normal),c,不規則[ふきそく]「する」：可能形[かのうけい]の作[つく]り方[かた]に従[したが]う。 正解[せいかい]は「できる」。,"Irregular “Do”: Follow the way to make possible forms. The correct answer is ""able"".",verb_conjugation | potential_form | irregular,N3-N2,4,動詞[どうし]の活用形[かつようけい]の識別[しきべつ] | 可能形[かのうけい]の生成[せいせい],する | 可能形[かのうけい] | 普通[ふつう]体[たい],draft,,,
verbConjugation,vc_125,125,multipleChoice,書[か]く → Convert to passive plain.,Convert to passive plain,,,書[か]く → 受身[うけみ]形[がた]（普通[ふつう]体[たい]）,→ Passive form (normal),c,五[ご]段[だん]動詞[どうし]「書[か]く」：受身[うけみ]形[がた]の作[つく]り方[かた]に従[したが]う。 正解[せいかい]は「書[か]かれる」。,Five-stage詞 “ ”: Follow how to make a passive form. The answer is written.,verb_conjugation | passive_form | godan,N3-N2,4,動詞[どうし]の活用形[かつようけい]の識別[しきべつ] | 受身[うけみ]形[がた]の生成[せいせい],書[か]く | 受身[うけみ]形[がた] | 普通[ふつう]体[たい],draft,,,
verbConjugation,vc_126,126,multipleChoice,話[はな]す → Convert to passive plain.,Convert to passive plain,,,話[はな]す → 受身[うけみ]形[がた]（普通[ふつう]体[たい]）,aking → Passive,c,五[ご]段[だん]動詞[どうし]「話[はな]す」：受身[うけみ]形[がた]の作[つく]り方[かた]に従[したが]う。 正解[せいかい]は「話[はな]される」。,"Five-stage詞 “Speaking”: Follow how to make a passive form. The answer is ""speak"".",verb_conjugation | passive_form | godan,N3-N2,4,動詞[どうし]の活用形[かつようけい]の識別[しきべつ] | 受身[うけみ]形[がた]の生成[せいせい],話[はな]す | 受身[うけみ]形[がた] | 普通[ふつう]体[たい],draft,,,
verbConjugation,vc_127,127,multipleChoice,売[う]る → Convert to passive plain.,Convert to passive plain,,,売[う]る → 受身[うけみ]形[がた]（普通[ふつう]体[たい]）,Sell → Acceptance form (normal),b,五[ご]段[だん]動詞[どうし]「売[う]る」：受身[うけみ]形[がた]の作[つく]り方[かた]に従[したが]う。 正解[せいかい]は「売[う]られる」。,"Five-stage詞s ""Sell"": Follow the method of accepting. The answer is ""sold"".",verb_conjugation | passive_form | godan,N3-N2,4,動詞[どうし]の活用形[かつようけい]の識別[しきべつ] | 受身[うけみ]形[がた]の生成[せいせい],売[う]る | 受身[うけみ]形[がた] | 普通[ふつう]体[たい],draft,,,
verbConjugation,vc_128,128,multipleChoice,読[よ]む → Convert to causative plain.,読む Convert to Causative Plain.,,,読[よ]む → 使役[しえき]形[けい]（普通[ふつう]体[たい]）,読む → Form of Use,c,五[ご]段[だん]動詞[どうし]「読[よ]む」：使役[しえき]の語尾[ごび]「せる／させる」を付[つ]ける。 正解[せいかい]は「読[よ]ませる」。,"Five-stage  “Read”: Click the word “make/make”. The answer is ""read"".",verb_conjugation | causative_form | godan,N3-N2,5,動詞[どうし]の活用形[かつようけい]の識別[しきべつ] | 使役[しえき]形[けい]の生成[せいせい],読[よ]む | 使役[しえき]形[けい] | 普通[ふつう]体[たい],draft,,,
verbConjugation,vc_129,129,multipleChoice,待[ま]つ → Convert to causative plain.,Convert to causative plain.,,,待[ま]つ → 使役[しえき]形[けい]（普通[ふつう]体[たい]）,Waiting → Use form (normal),a,五[ご]段[だん]動詞[どうし]「待[ま]つ」：使役[しえき]の語尾[ごび]「せる／させる」を付[つ]ける。 正解[せいかい]は「待[ま]たせる」。,"Five-stage詞 “Want to wait”: click “Do/Do” button. The correct answer is ""to wait"".",verb_conjugation | causative_form | godan,N3-N2,5,動詞[どうし]の活用形[かつようけい]の識別[しきべつ] | 使役[しえき]形[けい]の生成[せいせい],待[ま]つ | 使役[しえき]形[けい] | 普通[ふつう]体[たい],draft,,,
verbConjugation,vc_130,130,multipleChoice,働[はたら]く → Convert to causative plain.,Work → Convert to causative plain.,,,働[はたら]く → 使役[しえき]形[けい]（普通[ふつう]体[たい]）,Working → Usable (体),d,五[ご]段[だん]動詞[どうし]「働[はたら]く」：使役[しえき]の語尾[ごび]「せる／させる」を付[つ]ける。 正解[せいかい]は「働[はたら]かせる」。,Five-stage詞 “Working”: The word “make/make” of the actor. “Work”,verb_conjugation | causative_form | godan,N3-N2,5,動詞[どうし]の活用形[かつようけい]の識別[しきべつ] | 使役[しえき]形[けい]の生成[せいせい],働[はたら]く | 使役[しえき]形[けい] | 普通[ふつう]体[たい],draft,,,
verbConjugation,vc_131,131,multipleChoice,遊[あそ]ぶ → Convert to volitional (よう).,Play → Convert to volitional.,,,遊[あそ]ぶ → 意志[いし]形[けい]（～よう）,Playing → Will Form,a,五[ご]段[だん]動詞[どうし]「遊[あそ]ぶ」：意志[いし]形[けい]は語尾[ごび]のウ音便[おんびん]＋「う」系[けい]。 正解[せいかい]は「遊[あそ]ぼう」。,"Five-stage詞 ""Playing"": The will form is a stool of the ending + ""U"" system. The answer is ""play"".",verb_conjugation | volitional_form | godan,N3-N2,5,動詞[どうし]の活用形[かつようけい]の識別[しきべつ] | 意志[いし]形[けい]の生成[せいせい],遊[あそ]ぶ | 意志[いし]形[けい] | よう,draft,,,
verbConjugation,vc_132,132,multipleChoice,会[あ]う → Convert to volitional (よう).,Convert to volitional,,,会[あ]う → 意志[いし]形[けい]（～よう）,Meet → Will Form,d,五[ご]段[だん]動詞[どうし]「会[あ]う」：意志[いし]形[けい]は語尾[ごび]のウ音便[おんびん]＋「う」系[けい]。 正解[せいかい]は「会[あ]おう」。,"Five-stage詞 ""Meeting"": The will form is a stool of the ending + ""U"" system. “Let’s meet”",verb_conjugation | volitional_form | godan,N3-N2,5,動詞[どうし]の活用形[かつようけい]の識別[しきべつ] | 意志[いし]形[けい]の生成[せいせい],会[あ]う | 意志[いし]形[けい] | よう,draft,,,
verbConjugation,vc_133,133,multipleChoice,来[く]る → Convert to volitional (よう).,Convert to volitional,,,来[く]る → 意志[いし]形[けい]（～よう）,Coming → Will Form,a,不規則[ふきそく]「来[く]る」：意志[いし]形[けい]は語尾[ごび]のウ音便[おんびん]＋「う」系[けい]。 正解[せいかい]は「来[こ]よう」。,"Irregular ""Come"": The will form is a stool + ""U"" system of the ending. “Let’s come!”",verb_conjugation | volitional_form | irregular,N3-N2,5,動詞[どうし]の活用形[かつようけい]の識別[しきべつ] | 意志[いし]形[けい]の生成[せいせい],来[く]る | 意志[いし]形[けい] | よう,draft,,,
verbConjugation,vc_134,134,multipleChoice,飲[の]む → Convert to ば-conditional.,→ Convert to ば-conditional.,,,飲[の]む → ば条件[じょうけん]（仮定[かてい]）,→ Default,d,五[ご]段[だん]動詞[どうし]「飲[の]む」：仮定形[かていけい]＋「ば」。 正解[せいかい]は「飲[の]めば」。,"Five-stage詞 ""drink"": assumption + ""ba"". The answer is ""drinking""",verb_conjugation | conditional_ba_form | godan,N3-N2,5,動詞[どうし]の活用形[かつようけい]の識別[しきべつ] | ば条件[じょうけん]の形[かたち],飲[の]む | ば条件[じょうけん] | 仮定[かてい],draft,,,
verbConjugation,vc_135,135,multipleChoice,買[か]う → Convert to ば-conditional.,Buy → Convert to ば-conditional.,,,買[か]う → ば条件[じょうけん]（仮定[かてい]）,Buy → Conditions,a,五[ご]段[だん]動詞[どうし]「買[か]う」：仮定形[かていけい]＋「ば」。 正解[せいかい]は「買[か]えば」。,"Five-stage詞 ""Buy"": assumption + ""ba"". The answer is ""If you buy.""",verb_conjugation | conditional_ba_form | godan,N3-N2,5,動詞[どうし]の活用形[かつようけい]の識別[しきべつ] | ば条件[じょうけん]の形[かたち],買[か]う | ば条件[じょうけん] | 仮定[かてい],draft,,,
verbConjugation,vc_136,136,multipleChoice,寝[ね]る → Convert to ば-conditional.,Convert to conditional.,,,寝[ね]る → ば条件[じょうけん]（仮定[かてい]）,sleeping,b,一[いち]段[だん]動詞[どうし]「寝[ね]る」：仮定形[かていけい]＋「ば」。 正解[せいかい]は「寝[ね]れば」。,"One-stage詞 ""sleep"": assumption + ""ba"" The correct answer is ""sleep""",verb_conjugation | conditional_ba_form | ichidan,N3-N2,5,動詞[どうし]の活用形[かつようけい]の識別[しきべつ] | ば条件[じょうけん]の形[かたち],寝[ね]る | ば条件[じょうけん] | 仮定[かてい],draft,,,
verbConjugation,vc_137,137,multipleChoice,帰[かえ]る → Convert to たら-form.,Return to Convert,,,帰[かえ]る → たら（仮定[かてい]・発見[はっけん]）,Home → If (assumption/discovery),b,五[ご]段[だん]動詞[どうし]「帰[かえ]る」：過去形[かこけい]＋「ら」。 正解[せいかい]は「帰[かえ]ったら」。,"Five-stage詞 “Return”: Past form + “Ra”. The answer is ""If you return"".",verb_conjugation | tara_form | godan,N3-N2,5,動詞[どうし]の活用形[かつようけい]の識別[しきべつ] | たらの形[かたち],帰[かえ]る | たら | 仮定[かてい]・発見[はっけん],draft,,,
verbConjugation,vc_138,138,multipleChoice,死[し]ぬ → Convert to たら-form.,Die → Convert to Tara-form.,,,死[し]ぬ → たら（仮定[かてい]・発見[はっけん]）,Die → If (assumption/discovery),c,五[ご]段[だん]動詞[どうし]「死[し]ぬ」：過去形[かこけい]＋「ら」。 正解[せいかい]は「死[し]んだら」。,"Five-stage詞 ""Dying"": past form + ""ra"". The answer is ""if you die.""",verb_conjugation | tara_form | godan,N3-N2,5,動詞[どうし]の活用形[かつようけい]の識別[しきべつ] | たらの形[かたち],死[し]ぬ | たら | 仮定[かてい]・発見[はっけん],draft,,,
verbConjugation,vc_139,139,multipleChoice,する → Convert to たら-form.,Convert to  -form.,,,する → たら（仮定[かてい]・発見[はっけん]）,→ if (assumption/discovery),d,不規則[ふきそく]「する」：過去形[かこけい]＋「ら」。 正解[せいかい]は「したら」。,"Irregular ""Do"": Past shape + ""La""",verb_conjugation | tara_form | irregular,N3-N2,5,動詞[どうし]の活用形[かつようけい]の識別[しきべつ] | たらの形[かたち],する | たら | 仮定[かてい]・発見[はっけん],draft,,,
verbConjugation,vc_140,140,multipleChoice,走[はし]る → Convert to imperative.,Convert to imperative,,,走[はし]る → 命令形[めいれいけい],Running → Instruction,b,五[ご]段[だん]動詞[どうし]「走[はし]る」：命令形[めいれいけい]の語尾[ごび]を使[つか]う。 正解[せいかい]は「走[はし]れ」。,"Run: Use an instructional ending. The correct answer is ""run"".",verb_conjugation | imperative_form | godan,N3-N2,5,動詞[どうし]の活用形[かつようけい]の識別[しきべつ] | 命令形[めいれいけい]の形[かたち],走[はし]る | 命令形[めいれいけい],draft,,,
verbConjugation,vc_141,141,multipleChoice,起[お]きる → Convert to imperative.,Convert to imperative.,,,起[お]きる → 命令形[めいれいけい],up → instruction,a,一[いち]段[だん]動詞[どうし]「起[お]きる」：命令形[めいれいけい]の語尾[ごび]を使[つか]う。 正解[せいかい]は「起[お]きろ」。,"One-stage詞 “起き up”: Use an instructional ending. The answer is ""waking"".",verb_conjugation | imperative_form | ichidan,N3-N2,5,動詞[どうし]の活用形[かつようけい]の識別[しきべつ] | 命令形[めいれいけい]の形[かたち],起[お]きる | 命令形[めいれいけい],draft,,,
verbConjugation,vc_142,142,multipleChoice,泳[およ]ぐ → prohibitive (attach な),swim → pro,,,泳[およ]ぐ → 禁止[きんし]形[けい]（～な）,Swimming → prohibited,d,五[ご]段[だん]動詞[どうし]「泳[およ]ぐ」：辞書形[じしょけい]＋「な」で禁止[きんし]。 正解[せいかい]は「泳[およ]ぐな」。,"Five-stage詞 ""Swimming"": prohibited by dictionaries + ""na"". The answer is ""swimming"".",verb_conjugation | prohibitive_form | godan,N3-N2,5,動詞[どうし]の活用形[かつようけい]の識別[しきべつ] | 禁止[きんし]形[けい]（～な）,泳[およ]ぐ | 禁止[きんし]形[けい],draft,,,
verbConjugation,vc_143,143,multipleChoice,借[か]りる → prohibitive (attach な),Rent → pro   (attach),,,借[か]りる → 禁止[きんし]形[けい]（～な）,Rent → Pro ted,a,一[いち]段[だん]動詞[どうし]「借[か]りる」：辞書形[じしょけい]＋「な」で禁止[きんし]。 正解[せいかい]は「借[か]りるな」。,"One-stage詞 ""Rent"": prohibited by dictionaries + ""n"" The answer is ""Rental"".",verb_conjugation | prohibitive_form | ichidan,N3-N2,5,動詞[どうし]の活用形[かつようけい]の識別[しきべつ] | 禁止[きんし]形[けい]（～な）,借[か]りる | 禁止[きんし]形[けい],draft,,,
verbConjugation,vc_144,144,multipleChoice,聞[き]く → prohibitive (attach な),Listen to pro,,,聞[き]く → 禁止[きんし]形[けい]（～な）,Listen → Pro ted,a,五[ご]段[だん]動詞[どうし]「聞[き]く」：辞書形[じしょけい]＋「な」で禁止[きんし]。 正解[せいかい]は「聞[き]くな」。,"Five-stage  “Listen”: Pro ted in dictionaries + “N” The answer is ""Listen"".",verb_conjugation | prohibitive_form | godan,N3-N2,5,動詞[どうし]の活用形[かつようけい]の識別[しきべつ] | 禁止[きんし]形[けい]（～な）,聞[き]く | 禁止[きんし]形[けい],draft,,,
verbConjugation,vc_145,145,multipleChoice,見[み]ます → dictionary form,Contact us,,,見[み]ます → 辞書形[じしょけい]（見[み]る）,View → Dictionary,c,一[いち]段[だん]動詞[どうし]「見[み]る」：丁寧[ていねい]の連用形[れんようけい]から辞書形[じしょけい]に戻[もど]す。正解[せいかい]は「見[み]る」。,One-stage詞 “View”: Revert from polite concurrent form to。 form. See the answer.,verb_conjugation | dictionary_form | ichidan,N3-N2,5,動詞[どうし]の活用形[かつようけい]の識別[しきべつ] | 辞書形[じしょけい]への復元[ふくげん],見[み]ます | 辞書形[じしょけい] | 見[み]る,draft,,,
verbConjugation,vc_146,146,multipleChoice,書[か]きます → dictionary form,Contact us,,,書[か]きます → 辞書形[じしょけい]（書[か]く）,Write → Dictionary ( ),b,五[ご]段[だん]動詞[どうし]「書[か]く」：丁寧[ていねい]の連用形[れんようけい]から辞書形[じしょけい]に戻[もど]す。正解[せいかい]は「書[か]く」。,"Five-stage詞 “ ”: Returns from polite conjunction to形 form. The answer is "" "".",verb_conjugation | dictionary_form | godan,N3-N2,5,動詞[どうし]の活用形[かつようけい]の識別[しきべつ] | 辞書形[じしょけい]への復元[ふくげん],書[か]きます | 辞書形[じしょけい] | 書[か]く,draft,,,
verbConjugation,vc_147,147,multipleChoice,行[い]きます → dictionary form,Go →  form,,,行[い]きます → 辞書形[じしょけい]（行[い]く）,Go → Dictionary (Go),b,五[ご]段[だん]動詞[どうし]「行[い]く」：丁寧[ていねい]の連用形[れんようけい]から辞書形[じしょけい]に戻[もど]す。正解[せいかい]は「行[い]く」。,"Five-stage詞 “Go”: Revert from polite concurrent form to形 form. The answer is ""go"".",verb_conjugation | dictionary_form | godan,N3-N2,5,動詞[どうし]の活用形[かつようけい]の識別[しきべつ] | 辞書形[じしょけい]への復元[ふくげん],行[い]きます | 辞書形[じしょけい] | 行[い]く,draft,,,
verbConjugation,vc_148,148,multipleChoice,いらっしゃる → Convert to polite ます-form.,Convert to polite,,,いらっしゃる → ます形[かたち]（丁寧[ていねい]）（丁寧[ていねい]・謙譲[けんじょう]）,→ → In  form (polite) (polite and ble),b,丁寧[ていねい]語[ご]（特殊[とくしゅ]）「いらっしゃる」：敬語[けいご]の語形[ごけい]に従[したが]う。正解[せいかい]は「いらっしゃいます」。,"Polite (special) ""いらっしゃ"": Follow the word of honor. The answer is ""I know.""",verb_conjugation | masu_form | keigo | irregular,N3-N2,5,動詞[どうし]の活用形[かつようけい]の識別[しきべつ] | 丁寧形[ていねいけい]（ます）の生成[せいせい],いらっしゃる | ます形[がた] | 丁寧[ていねい] | 丁寧[ていねい]・謙譲[けんじょう],draft,,,
verbConjugation,vc_149,149,multipleChoice,いただく → Convert to te-form.,Convert to te-form.,,,いただく → て形[けい]（丁寧[ていねい]・謙譲[けんじょう]）,Contact Us,a,謙譲語[けんじょうご]（特殊[とくしゅ]）「いただく」：敬語[けいご]の語形[ごけい]に従[したが]う。正解[せいかい]は「いただいて」。,Kenjuku (special) “take”: follow the words of honor. The answer is,verb_conjugation | te_form | keigo | irregular,N3-N2,5,動詞[どうし]の活用形[かつようけい]の識別[しきべつ] | て形[けい]の生成[せいせい],いただく | て形[けい] | 丁寧[ていねい]・謙譲[けんじょう],draft,,,
verbConjugation,vc_150,150,multipleChoice,申[もう]し上[あ]げる → Convert to negative plain.,Convert to negative plain,,,申[もう]し上[あ]げる → ない形[かたち]（丁寧[ていねい]・謙譲[けんじょう]）,Slice up → Not shape (polite and ble),a,謙譲語[けんじょうご]（一[いち]段[だん]）「申[もう]し上[あ]げる」：敬語[けいご]の語形[ごけい]に従[したが]う。正解[せいかい]は「申[もう]し上[あ]げない」。,"Kenjutsu (single) ""S  up"": follow the words of the linguistics. The answer is ""not to raise.""",verb_conjugation | nai_form | keigo | ichidan,N3-N2,5,動詞[どうし]の活用形[かつようけい]の識別[しきべつ] | ない形[かたち]の生成[せいせい],申[もう]し上[あ]げる | ない形[かたち] | 丁寧[ていねい]・謙譲[けんじょう],draft,,,
